2025-05-30 13:44:12,698 - INFO - [SETUP] Tesseract version 5.5.0 configured successfully
2025-05-30 13:44:12,832 - INFO - [SETUP] YOLO model loaded successfully
2025-05-30 13:44:12,834 - INFO - [ARDUINO] Selected port: /dev/ttyACM0 (Arduino Uno)
2025-05-30 13:44:14,835 - INFO - [ARDUINO] Successfully connected to Arduino on /dev/ttyACM0
2025-05-30 13:44:14,942 - INFO - [WEBCAM] Video capture initialized on index 0
2025-05-30 13:44:14,942 - INFO - [EXIT SYSTEM] System initialized and ready. Press 'q' to quit.
2025-05-30 13:44:15,140 - INFO - [SENSOR] Distance: 83 cm
2025-05-30 13:44:16,308 - INFO - [SENSOR] Distance: 106 cm
2025-05-30 13:44:16,314 - INFO - [SENSOR] Distance: 121 cm
2025-05-30 13:44:16,321 - INFO - [SENSOR] Distance: 123 cm
2025-05-30 13:44:16,325 - INFO - [SENSOR] Distance: 79 cm
2025-05-30 13:44:16,364 - INFO - [SENSOR] Distance: 73 cm
2025-05-30 13:44:16,398 - INFO - [SENSOR] Distance: 147 cm
2025-05-30 13:44:16,432 - INFO - [SENSOR] Distance: 146 cm
2025-05-30 13:44:16,465 - INFO - [SENSOR] Distance: 75 cm
2025-05-30 13:44:16,498 - INFO - [SENSOR] Distance: 82 cm
2025-05-30 13:44:16,532 - INFO - [SENSOR] Distance: 110 cm
2025-05-30 13:44:16,565 - INFO - [SENSOR] Distance: 17 cm
2025-05-30 13:44:18,480 - INFO - [SENSOR] Distance: 74 cm
2025-05-30 13:44:18,485 - INFO - [SENSOR] Distance: 79 cm
2025-05-30 13:44:18,490 - INFO - [SENSOR] Distance: 90 cm
2025-05-30 13:44:18,496 - INFO - [SENSOR] Distance: 113 cm
2025-05-30 13:44:18,529 - INFO - [SENSOR] Distance: 100 cm
2025-05-30 13:44:18,561 - INFO - [SENSOR] Distance: 99 cm
2025-05-30 13:44:18,592 - INFO - [SENSOR] Distance: 89 cm
2025-05-30 13:44:18,624 - INFO - [SENSOR] Distance: 89 cm
2025-05-30 13:44:18,660 - INFO - [SENSOR] Distance: 104 cm
2025-05-30 13:44:18,692 - INFO - [SENSOR] Distance: 77 cm
2025-05-30 13:44:18,724 - INFO - [SENSOR] Distance: 77 cm
2025-05-30 13:44:18,760 - INFO - [SENSOR] Distance: 113 cm
2025-05-30 13:44:18,792 - INFO - [SENSOR] Distance: 62 cm
2025-05-30 13:44:18,824 - INFO - [SENSOR] Distance: 86 cm
2025-05-30 13:44:18,860 - INFO - [SENSOR] Distance: 133 cm
2025-05-30 13:44:18,892 - INFO - [SENSOR] Distance: 128 cm
2025-05-30 13:44:18,925 - INFO - [SENSOR] Distance: 70 cm
2025-05-30 13:44:18,960 - INFO - [SENSOR] Distance: 142 cm
2025-05-30 13:44:18,992 - INFO - [SENSOR] Distance: 118 cm
2025-05-30 13:44:19,024 - INFO - [SENSOR] Distance: 121 cm
2025-05-30 13:44:19,060 - INFO - [SENSOR] Distance: 127 cm
2025-05-30 13:44:19,092 - INFO - [SENSOR] Distance: 140 cm
2025-05-30 13:44:19,124 - INFO - [SENSOR] Distance: 143 cm
2025-05-30 13:44:19,156 - INFO - [SENSOR] Distance: 102 cm
2025-05-30 13:44:19,192 - INFO - [SENSOR] Distance: 75 cm
2025-05-30 13:44:19,224 - INFO - [SENSOR] Distance: 114 cm
2025-05-30 13:44:19,256 - INFO - [SENSOR] Distance: 12 cm
2025-05-30 13:44:19,446 - INFO - [SENSOR] Distance: 95 cm
2025-05-30 13:44:19,450 - INFO - [SENSOR] Distance: 139 cm
2025-05-30 13:44:19,455 - INFO - [SENSOR] Distance: 137 cm
2025-05-30 13:44:19,460 - INFO - [SENSOR] Distance: 141 cm
2025-05-30 13:44:19,492 - INFO - [SENSOR] Distance: 117 cm
2025-05-30 13:44:19,524 - INFO - [SENSOR] Distance: 130 cm
2025-05-30 13:44:19,556 - INFO - [SENSOR] Distance: 14 cm
2025-05-30 13:44:19,704 - INFO - [SENSOR] Distance: 107 cm
2025-05-30 13:44:19,709 - INFO - [SENSOR] Distance: 123 cm
2025-05-30 13:44:19,714 - INFO - [SENSOR] Distance: 99 cm
2025-05-30 13:44:19,721 - INFO - [SENSOR] Distance: 69 cm
2025-05-30 13:44:19,756 - INFO - [SENSOR] Distance: 20 cm
2025-05-30 13:44:19,871 - INFO - [SENSOR] Distance: 131 cm
2025-05-30 13:44:19,877 - INFO - [SENSOR] Distance: 99 cm
2025-05-30 13:44:19,884 - INFO - [SENSOR] Distance: 92 cm
2025-05-30 13:44:19,890 - INFO - [SENSOR] Distance: 121 cm
2025-05-30 13:44:19,924 - INFO - [SENSOR] Distance: 133 cm
2025-05-30 13:44:19,956 - INFO - [SENSOR] Distance: 63 cm
2025-05-30 13:44:19,988 - INFO - [SENSOR] Distance: 92 cm
2025-05-30 13:44:20,028 - INFO - [SENSOR] Distance: 117 cm
2025-05-30 13:44:20,056 - INFO - [SENSOR] Distance: 114 cm
2025-05-30 13:44:20,088 - INFO - [SENSOR] Distance: 87 cm
2025-05-30 13:44:20,125 - INFO - [SENSOR] Distance: 119 cm
2025-05-30 13:44:20,156 - INFO - [SENSOR] Distance: 71 cm
2025-05-30 13:44:20,189 - INFO - [SENSOR] Distance: 101 cm
2025-05-30 13:44:20,224 - INFO - [SENSOR] Distance: 122 cm
2025-05-30 13:44:20,256 - INFO - [SENSOR] Distance: 95 cm
2025-05-30 13:44:20,289 - INFO - [SENSOR] Distance: 137 cm
2025-05-30 13:44:20,320 - INFO - [SENSOR] Distance: 107 cm
2025-05-30 13:44:20,356 - INFO - [SENSOR] Distance: 146 cm
2025-05-30 13:44:20,388 - INFO - [SENSOR] Distance: 79 cm
2025-05-30 13:44:20,421 - INFO - [SENSOR] Distance: 146 cm
2025-05-30 13:44:20,456 - INFO - [SENSOR] Distance: 104 cm
2025-05-30 13:44:20,488 - INFO - [SENSOR] Distance: 66 cm
2025-05-30 13:44:20,520 - INFO - [SENSOR] Distance: 64 cm
2025-05-30 13:44:20,556 - INFO - [SENSOR] Distance: 112 cm
2025-05-30 13:44:20,588 - INFO - [SENSOR] Distance: 31 cm
2025-05-30 13:44:20,739 - INFO - [SENSOR] Distance: 74 cm
2025-05-30 13:44:20,745 - INFO - [SENSOR] Distance: 89 cm
2025-05-30 13:44:20,753 - INFO - [SENSOR] Distance: 80 cm
2025-05-30 13:44:20,757 - INFO - [SENSOR] Distance: 135 cm
2025-05-30 13:44:20,788 - INFO - [SENSOR] Distance: 18 cm
2025-05-30 13:44:20,884 - INFO - [SENSOR] Distance: 147 cm
2025-05-30 13:44:20,888 - INFO - [SENSOR] Distance: 128 cm
2025-05-30 13:44:20,892 - INFO - [SENSOR] Distance: 121 cm
2025-05-30 13:44:20,920 - INFO - [SENSOR] Distance: 100 cm
2025-05-30 13:44:20,952 - INFO - [SENSOR] Distance: 80 cm
2025-05-30 13:44:20,988 - INFO - [SENSOR] Distance: 139 cm
2025-05-30 13:44:21,020 - INFO - [SENSOR] Distance: 149 cm
2025-05-30 13:44:21,052 - INFO - [SENSOR] Distance: 120 cm
2025-05-30 13:44:21,088 - INFO - [SENSOR] Distance: 104 cm
2025-05-30 13:44:21,120 - INFO - [SENSOR] Distance: 34 cm
2025-05-30 13:44:21,233 - INFO - [SENSOR] Distance: 61 cm
2025-05-30 13:44:21,237 - INFO - [SENSOR] Distance: 130 cm
2025-05-30 13:44:21,242 - INFO - [SENSOR] Distance: 68 cm
2025-05-30 13:44:21,252 - INFO - [SENSOR] Distance: 12 cm
2025-05-30 13:44:21,356 - INFO - [SENSOR] Distance: 105 cm
2025-05-30 13:44:21,364 - INFO - [SENSOR] Distance: 100 cm
2025-05-30 13:44:21,372 - INFO - [SENSOR] Distance: 133 cm
2025-05-30 13:44:21,388 - INFO - [SENSOR] Distance: 149 cm
2025-05-30 13:44:21,420 - INFO - [SENSOR] Distance: 88 cm
2025-05-30 13:44:21,453 - INFO - [SENSOR] Distance: 73 cm
2025-05-30 13:44:21,485 - INFO - [SENSOR] Distance: 132 cm
2025-05-30 13:44:21,520 - INFO - [SENSOR] Distance: 21 cm
2025-05-30 13:44:21,646 - INFO - [SENSOR] Distance: 107 cm
2025-05-30 13:44:21,656 - INFO - [SENSOR] Distance: 10 cm
2025-05-30 13:44:21,777 - INFO - [SENSOR] Distance: 95 cm
2025-05-30 13:44:21,787 - INFO - [SENSOR] Distance: 93 cm
2025-05-30 13:44:21,793 - INFO - [SENSOR] Distance: 131 cm
2025-05-30 13:44:21,798 - INFO - [SENSOR] Distance: 92 cm
2025-05-30 13:44:21,820 - INFO - [SENSOR] Distance: 138 cm
2025-05-30 13:44:21,852 - INFO - [SENSOR] Distance: 120 cm
2025-05-30 13:44:21,885 - INFO - [SENSOR] Distance: 120 cm
2025-05-30 13:44:21,920 - INFO - [SENSOR] Distance: 130 cm
2025-05-30 13:44:21,952 - INFO - [SENSOR] Distance: 140 cm
2025-05-30 13:44:21,985 - INFO - [SENSOR] Distance: 111 cm
2025-05-30 13:44:22,016 - INFO - [SENSOR] Distance: 66 cm
2025-05-30 13:44:22,052 - INFO - [SENSOR] Distance: 83 cm
2025-05-30 13:44:22,084 - INFO - [SENSOR] Distance: 69 cm
2025-05-30 13:44:22,117 - INFO - [SENSOR] Distance: 70 cm
2025-05-30 13:44:22,152 - INFO - [SENSOR] Distance: 114 cm
2025-05-30 13:44:22,184 - INFO - [SENSOR] Distance: 97 cm
2025-05-30 13:44:22,216 - INFO - [SENSOR] Distance: 60 cm
2025-05-30 13:44:22,252 - INFO - [SENSOR] Distance: 110 cm
2025-05-30 13:44:22,285 - INFO - [SENSOR] Distance: 97 cm
2025-05-30 13:44:22,316 - INFO - [SENSOR] Distance: 150 cm
2025-05-30 13:44:22,352 - INFO - [SENSOR] Distance: 86 cm
2025-05-30 13:44:22,385 - INFO - [SENSOR] Distance: 10 cm
2025-05-30 13:44:22,491 - INFO - [SENSOR] Distance: 31 cm
2025-05-30 13:44:22,583 - INFO - [SENSOR] Distance: 70 cm
2025-05-30 13:44:22,588 - INFO - [SENSOR] Distance: 127 cm
2025-05-30 13:44:22,593 - INFO - [SENSOR] Distance: 99 cm
2025-05-30 13:44:22,616 - INFO - [SENSOR] Distance: 33 cm
2025-05-30 13:44:22,710 - INFO - [SENSOR] Distance: 39 cm
2025-05-30 13:44:22,820 - INFO - [SENSOR] Distance: 101 cm
2025-05-30 13:44:22,830 - INFO - [SENSOR] Distance: 110 cm
2025-05-30 13:44:22,884 - INFO - [SENSOR] Distance: 70 cm
2025-05-30 13:44:22,952 - INFO - [SENSOR] Distance: 60 cm
2025-05-30 13:44:23,016 - INFO - [SENSOR] Distance: 83 cm
2025-05-30 13:44:23,084 - INFO - [SENSOR] Distance: 97 cm
2025-05-30 13:44:23,152 - INFO - [SENSOR] Distance: 148 cm
2025-05-30 13:44:23,216 - INFO - [SENSOR] Distance: 22 cm
2025-05-30 13:44:24,084 - INFO - [SENSOR] Distance: 148 cm
2025-05-30 13:44:24,088 - INFO - [SENSOR] Distance: 20 cm
2025-05-30 13:44:24,248 - INFO - [SENSOR] Distance: 139 cm
2025-05-30 13:44:24,253 - INFO - [SENSOR] Distance: 103 cm
2025-05-30 13:44:24,260 - INFO - [SENSOR] Distance: 106 cm
2025-05-30 13:44:24,267 - INFO - [SENSOR] Distance: 148 cm
2025-05-30 13:44:24,284 - INFO - [SENSOR] Distance: 61 cm
2025-05-30 13:44:24,352 - INFO - [SENSOR] Distance: 149 cm
2025-05-30 13:44:24,416 - INFO - [SENSOR] Distance: 33 cm
2025-05-30 13:44:24,508 - INFO - [SENSOR] Distance: 90 cm
2025-05-30 13:44:24,552 - INFO - [SENSOR] Distance: 129 cm
2025-05-30 13:44:24,616 - INFO - [SENSOR] Distance: 85 cm
2025-05-30 13:44:24,684 - INFO - [SENSOR] Distance: 118 cm
2025-05-30 13:44:24,752 - INFO - [SENSOR] Distance: 67 cm
2025-05-30 13:44:24,816 - INFO - [SENSOR] Distance: 64 cm
2025-05-30 13:44:24,884 - INFO - [SENSOR] Distance: 27 cm
2025-05-30 13:44:25,063 - INFO - [SENSOR] Distance: 85 cm
2025-05-30 13:44:25,074 - INFO - [SENSOR] Distance: 77 cm
2025-05-30 13:44:25,084 - INFO - [SENSOR] Distance: 73 cm
2025-05-30 13:44:25,152 - INFO - [SENSOR] Distance: 131 cm
2025-05-30 13:44:25,216 - INFO - [SENSOR] Distance: 88 cm
2025-05-30 13:44:25,284 - INFO - [SENSOR] Distance: 112 cm
2025-05-30 13:44:25,352 - INFO - [SENSOR] Distance: 103 cm
2025-05-30 13:44:25,416 - INFO - [SENSOR] Distance: 132 cm
2025-05-30 13:44:25,484 - INFO - [SENSOR] Distance: 119 cm
2025-05-30 13:44:25,552 - INFO - [SENSOR] Distance: 132 cm
2025-05-30 13:44:25,616 - INFO - [SENSOR] Distance: 146 cm
2025-05-30 13:44:25,684 - INFO - [SENSOR] Distance: 35 cm
2025-05-30 13:44:25,831 - INFO - [SENSOR] Distance: 76 cm
2025-05-30 13:44:25,842 - INFO - [SENSOR] Distance: 131 cm
2025-05-30 13:44:25,885 - INFO - [SENSOR] Distance: 39 cm
2025-05-30 13:44:26,017 - INFO - [SENSOR] Distance: 123 cm
2025-05-30 13:44:26,021 - INFO - [SENSOR] Distance: 19 cm
2025-05-30 13:44:26,100 - INFO - [SENSOR] Distance: 110 cm
2025-05-30 13:44:26,152 - INFO - [SENSOR] Distance: 91 cm
2025-05-30 13:44:26,216 - INFO - [SENSOR] Distance: 145 cm
2025-05-30 13:44:26,284 - INFO - [SENSOR] Distance: 121 cm
2025-05-30 13:44:26,352 - INFO - [SENSOR] Distance: 86 cm
2025-05-30 13:44:26,416 - INFO - [SENSOR] Distance: 26 cm
2025-05-30 13:44:26,515 - INFO - [SENSOR] Distance: 60 cm
2025-05-30 13:44:26,552 - INFO - [SENSOR] Distance: 123 cm
2025-05-30 13:44:26,616 - INFO - [SENSOR] Distance: 129 cm
2025-05-30 13:44:26,684 - INFO - [SENSOR] Distance: 149 cm
2025-05-30 13:44:26,752 - INFO - [SENSOR] Distance: 143 cm
2025-05-30 13:44:26,816 - INFO - [SENSOR] Distance: 89 cm
2025-05-30 13:44:26,884 - INFO - [SENSOR] Distance: 150 cm
2025-05-30 13:44:26,952 - INFO - [SENSOR] Distance: 126 cm
2025-05-30 13:44:27,016 - INFO - [SENSOR] Distance: 135 cm
2025-05-30 13:44:27,084 - INFO - [SENSOR] Distance: 128 cm
2025-05-30 13:44:27,152 - INFO - [SENSOR] Distance: 123 cm
2025-05-30 13:44:27,216 - INFO - [SENSOR] Distance: 97 cm
2025-05-30 13:44:27,284 - INFO - [SENSOR] Distance: 67 cm
2025-05-30 13:44:27,352 - INFO - [SENSOR] Distance: 137 cm
2025-05-30 13:44:27,416 - INFO - [SENSOR] Distance: 62 cm
2025-05-30 13:44:27,484 - INFO - [SENSOR] Distance: 88 cm
2025-05-30 13:44:27,552 - INFO - [SENSOR] Distance: 137 cm
2025-05-30 13:44:27,616 - INFO - [SENSOR] Distance: 133 cm
2025-05-30 13:44:27,684 - INFO - [SENSOR] Distance: 145 cm
2025-05-30 13:44:27,752 - INFO - [SENSOR] Distance: 68 cm
2025-05-30 13:44:27,816 - INFO - [SENSOR] Distance: 144 cm
2025-05-30 13:44:27,884 - INFO - [SENSOR] Distance: 66 cm
2025-05-30 13:44:27,952 - INFO - [SENSOR] Distance: 94 cm
2025-05-30 13:44:28,016 - INFO - [SENSOR] Distance: 87 cm
2025-05-30 13:44:28,084 - INFO - [SENSOR] Distance: 136 cm
2025-05-30 13:44:28,152 - INFO - [SENSOR] Distance: 130 cm
2025-05-30 13:44:28,216 - INFO - [SENSOR] Distance: 94 cm
2025-05-30 13:44:28,284 - INFO - [SENSOR] Distance: 124 cm
2025-05-30 13:44:28,352 - INFO - [SENSOR] Distance: 26 cm
2025-05-30 13:44:28,492 - INFO - [SENSOR] Distance: 73 cm
2025-05-30 13:44:28,498 - INFO - [SENSOR] Distance: 149 cm
2025-05-30 13:44:28,552 - INFO - [SENSOR] Distance: 73 cm
2025-05-30 13:44:28,616 - INFO - [SENSOR] Distance: 127 cm
2025-05-30 13:44:28,684 - INFO - [SENSOR] Distance: 126 cm
2025-05-30 13:44:28,752 - INFO - [SENSOR] Distance: 39 cm
2025-05-30 13:44:28,890 - INFO - [SENSOR] Distance: 136 cm
2025-05-30 13:44:28,895 - INFO - [SENSOR] Distance: 68 cm
2025-05-30 13:44:28,952 - INFO - [SENSOR] Distance: 72 cm
2025-05-30 13:44:29,016 - INFO - [SENSOR] Distance: 134 cm
2025-05-30 13:44:29,084 - INFO - [SENSOR] Distance: 136 cm
2025-05-30 13:44:29,152 - INFO - [SENSOR] Distance: 99 cm
2025-05-30 13:44:29,216 - INFO - [SENSOR] Distance: 120 cm
2025-05-30 13:44:29,284 - INFO - [SENSOR] Distance: 81 cm
2025-05-30 13:44:29,352 - INFO - [SENSOR] Distance: 143 cm
2025-05-30 13:44:29,416 - INFO - [SENSOR] Distance: 147 cm
2025-05-30 13:44:29,484 - INFO - [SENSOR] Distance: 80 cm
2025-05-30 13:44:29,552 - INFO - [SENSOR] Distance: 101 cm
2025-05-30 13:44:29,616 - INFO - [SENSOR] Distance: 81 cm
2025-05-30 13:44:29,684 - INFO - [SENSOR] Distance: 80 cm
2025-05-30 13:44:29,752 - INFO - [SENSOR] Distance: 99 cm
2025-05-30 13:44:29,816 - INFO - [SENSOR] Distance: 33 cm
2025-05-30 13:44:29,988 - INFO - [SENSOR] Distance: 101 cm
2025-05-30 13:44:29,991 - INFO - [SENSOR] Distance: 148 cm
2025-05-30 13:44:30,016 - INFO - [SENSOR] Distance: 117 cm
2025-05-30 13:44:30,086 - INFO - [SENSOR] Distance: 145 cm
2025-05-30 13:44:30,152 - INFO - [SENSOR] Distance: 76 cm
2025-05-30 13:44:30,216 - INFO - [SENSOR] Distance: 119 cm
2025-05-30 13:44:30,284 - INFO - [SENSOR] Distance: 129 cm
2025-05-30 13:44:30,352 - INFO - [SENSOR] Distance: 140 cm
2025-05-30 13:44:30,416 - INFO - [SENSOR] Distance: 127 cm
2025-05-30 13:44:30,484 - INFO - [SENSOR] Distance: 131 cm
2025-05-30 13:44:30,517 - INFO - [SENSOR] Distance: 133 cm
2025-05-30 13:44:30,552 - INFO - [SENSOR] Distance: 79 cm
2025-05-30 13:44:30,585 - INFO - [SENSOR] Distance: 148 cm
2025-05-30 13:44:30,616 - INFO - [SENSOR] Distance: 103 cm
2025-05-30 13:44:30,652 - INFO - [SENSOR] Distance: 108 cm
2025-05-30 13:44:30,685 - INFO - [SENSOR] Distance: 122 cm
2025-05-30 13:44:30,717 - INFO - [SENSOR] Distance: 111 cm
2025-05-30 13:44:30,753 - INFO - [SENSOR] Distance: 61 cm
2025-05-30 13:44:30,785 - INFO - [SENSOR] Distance: 93 cm
2025-05-30 13:44:30,817 - INFO - [SENSOR] Distance: 104 cm
2025-05-30 13:44:30,852 - INFO - [SENSOR] Distance: 62 cm
2025-05-30 13:44:30,885 - INFO - [SENSOR] Distance: 119 cm
2025-05-30 13:44:30,917 - INFO - [SENSOR] Distance: 139 cm
2025-05-30 13:44:30,948 - INFO - [SENSOR] Distance: 93 cm
2025-05-30 13:44:30,984 - INFO - [SENSOR] Distance: 124 cm
2025-05-30 13:44:31,017 - INFO - [SENSOR] Distance: 131 cm
2025-05-30 13:44:31,048 - INFO - [SENSOR] Distance: 69 cm
2025-05-30 13:44:31,085 - INFO - [SENSOR] Distance: 139 cm
2025-05-30 13:44:31,116 - INFO - [SENSOR] Distance: 62 cm
2025-05-30 13:44:31,148 - INFO - [SENSOR] Distance: 104 cm
2025-05-30 13:44:31,185 - INFO - [SENSOR] Distance: 111 cm
2025-05-30 13:44:31,217 - INFO - [SENSOR] Distance: 82 cm
2025-05-30 13:44:31,248 - INFO - [SENSOR] Distance: 108 cm
2025-05-30 13:44:31,285 - INFO - [SENSOR] Distance: 129 cm
2025-05-30 13:44:31,316 - INFO - [SENSOR] Distance: 67 cm
2025-05-30 13:44:31,348 - INFO - [SENSOR] Distance: 122 cm
2025-05-30 13:44:31,384 - INFO - [SENSOR] Distance: 99 cm
2025-05-30 13:44:31,417 - INFO - [SENSOR] Distance: 89 cm
2025-05-30 13:44:31,448 - INFO - [SENSOR] Distance: 81 cm
2025-05-30 13:44:31,484 - INFO - [SENSOR] Distance: 109 cm
2025-05-30 13:44:31,517 - INFO - [SENSOR] Distance: 147 cm
2025-05-30 13:44:31,548 - INFO - [SENSOR] Distance: 67 cm
2025-05-30 13:44:31,581 - INFO - [SENSOR] Distance: 63 cm
2025-05-30 13:44:31,616 - INFO - [SENSOR] Distance: 10 cm
2025-05-30 13:44:31,804 - INFO - [SENSOR] Distance: 30 cm
2025-05-30 13:44:32,101 - INFO - [SENSOR] Distance: 101 cm
2025-05-30 13:44:32,110 - INFO - [SENSOR] Distance: 10 cm
2025-05-30 13:44:32,472 - INFO - [SENSOR] Distance: 139 cm
2025-05-30 13:44:32,478 - INFO - [SENSOR] Distance: 103 cm
2025-05-30 13:44:32,485 - INFO - [SENSOR] Distance: 60 cm
2025-05-30 13:44:32,489 - INFO - [SENSOR] Distance: 69 cm
2025-05-30 13:44:32,513 - INFO - [SENSOR] Distance: 122 cm
2025-05-30 13:44:32,549 - INFO - [SENSOR] Distance: 34 cm
2025-05-30 13:44:32,674 - INFO - [SENSOR] Distance: 68 cm
2025-05-30 13:44:32,678 - INFO - [SENSOR] Distance: 28 cm
2025-05-30 13:44:32,778 - INFO - [SENSOR] Distance: 37 cm
2025-05-30 13:44:32,852 - INFO - [SENSOR] Distance: 148 cm
2025-05-30 13:44:32,857 - INFO - [SENSOR] Distance: 117 cm
2025-05-30 13:44:32,861 - INFO - [SENSOR] Distance: 106 cm
2025-05-30 13:44:32,865 - INFO - [SENSOR] Distance: 98 cm
2025-05-30 13:44:32,913 - INFO - [SENSOR] Distance: 92 cm
2025-05-30 13:44:32,945 - INFO - [SENSOR] Distance: 103 cm
2025-05-30 13:44:32,980 - INFO - [SENSOR] Distance: 132 cm
2025-05-30 13:44:33,013 - INFO - [SENSOR] Distance: 109 cm
2025-05-30 13:44:33,045 - INFO - [SENSOR] Distance: 114 cm
2025-05-30 13:44:33,080 - INFO - [SENSOR] Distance: 80 cm
2025-05-30 13:44:33,113 - INFO - [SENSOR] Distance: 136 cm
2025-05-30 13:44:33,146 - INFO - [SENSOR] Distance: 94 cm
2025-05-30 13:44:33,180 - INFO - [SENSOR] Distance: 150 cm
2025-05-30 13:44:33,213 - INFO - [SENSOR] Distance: 86 cm
2025-05-30 13:44:33,244 - INFO - [SENSOR] Distance: 102 cm
2025-05-30 13:44:33,276 - INFO - [SENSOR] Distance: 101 cm
2025-05-30 13:44:33,313 - INFO - [SENSOR] Distance: 111 cm
2025-05-30 13:44:33,345 - INFO - [SENSOR] Distance: 113 cm
2025-05-30 13:44:33,376 - INFO - [SENSOR] Distance: 79 cm
2025-05-30 13:44:33,413 - INFO - [SENSOR] Distance: 63 cm
2025-05-30 13:44:33,445 - INFO - [SENSOR] Distance: 132 cm
2025-05-30 13:44:33,476 - INFO - [SENSOR] Distance: 34 cm
2025-05-30 13:44:33,624 - INFO - [SENSOR] Distance: 81 cm
2025-05-30 13:44:33,628 - INFO - [SENSOR] Distance: 147 cm
2025-05-30 13:44:33,633 - INFO - [SENSOR] Distance: 138 cm
2025-05-30 13:44:33,637 - INFO - [SENSOR] Distance: 74 cm
2025-05-30 13:44:33,676 - INFO - [SENSOR] Distance: 101 cm
2025-05-30 13:44:33,713 - INFO - [SENSOR] Distance: 16 cm
2025-05-30 13:44:33,850 - INFO - [SENSOR] Distance: 11 cm
2025-05-30 13:44:33,951 - INFO - [SENSOR] Distance: 130 cm
2025-05-30 13:44:33,957 - INFO - [SENSOR] Distance: 81 cm
2025-05-30 13:44:33,966 - INFO - [SENSOR] Distance: 107 cm
2025-05-30 13:44:33,972 - INFO - [SENSOR] Distance: 66 cm
2025-05-30 13:44:34,008 - INFO - [SENSOR] Distance: 86 cm
2025-05-30 13:44:34,045 - INFO - [SENSOR] Distance: 124 cm
2025-05-30 13:44:34,076 - INFO - [SENSOR] Distance: 91 cm
2025-05-30 13:44:34,108 - INFO - [SENSOR] Distance: 70 cm
2025-05-30 13:44:34,148 - INFO - [SENSOR] Distance: 101 cm
2025-05-30 13:44:34,176 - INFO - [SENSOR] Distance: 102 cm
2025-05-30 13:44:34,208 - INFO - [SENSOR] Distance: 139 cm
2025-05-30 13:44:34,246 - INFO - [SENSOR] Distance: 149 cm
2025-05-30 13:44:34,276 - INFO - [SENSOR] Distance: 113 cm
2025-05-30 13:44:34,308 - INFO - [SENSOR] Distance: 27 cm
2025-05-30 13:44:34,429 - INFO - [SENSOR] Distance: 128 cm
2025-05-30 13:44:34,433 - INFO - [SENSOR] Distance: 147 cm
2025-05-30 13:44:34,438 - INFO - [SENSOR] Distance: 138 cm
2025-05-30 13:44:34,443 - INFO - [SENSOR] Distance: 77 cm
2025-05-30 13:44:34,476 - INFO - [SENSOR] Distance: 72 cm
2025-05-30 13:44:34,508 - INFO - [SENSOR] Distance: 39 cm
2025-05-30 13:44:34,628 - INFO - [SENSOR] Distance: 91 cm
2025-05-30 13:44:34,632 - INFO - [SENSOR] Distance: 127 cm
2025-05-30 13:44:34,638 - INFO - [SENSOR] Distance: 75 cm
2025-05-30 13:44:34,644 - INFO - [SENSOR] Distance: 122 cm
2025-05-30 13:44:34,676 - INFO - [SENSOR] Distance: 111 cm
2025-05-30 13:44:34,708 - INFO - [SENSOR] Distance: 135 cm
2025-05-30 13:44:34,740 - INFO - [SENSOR] Distance: 137 cm
2025-05-30 13:44:34,776 - INFO - [SENSOR] Distance: 142 cm
2025-05-30 13:44:34,808 - INFO - [SENSOR] Distance: 119 cm
2025-05-30 13:44:34,840 - INFO - [SENSOR] Distance: 63 cm
2025-05-30 13:44:34,876 - INFO - [SENSOR] Distance: 122 cm
2025-05-30 13:44:34,908 - INFO - [SENSOR] Distance: 62 cm
2025-05-30 13:44:34,940 - INFO - [SENSOR] Distance: 123 cm
2025-05-30 13:44:34,972 - INFO - [SENSOR] Distance: 94 cm
2025-05-30 13:44:35,008 - INFO - [SENSOR] Distance: 144 cm
2025-05-30 13:44:35,040 - INFO - [SENSOR] Distance: 70 cm
2025-05-30 13:44:35,072 - INFO - [SENSOR] Distance: 105 cm
2025-05-30 13:44:35,108 - INFO - [SENSOR] Distance: 140 cm
2025-05-30 13:44:35,140 - INFO - [SENSOR] Distance: 70 cm
2025-05-30 13:44:35,174 - INFO - [SENSOR] Distance: 131 cm
2025-05-30 13:44:35,209 - INFO - [SENSOR] Distance: 78 cm
2025-05-30 13:44:35,240 - INFO - [SENSOR] Distance: 79 cm
2025-05-30 13:44:35,272 - INFO - [SENSOR] Distance: 113 cm
2025-05-30 13:44:35,308 - INFO - [SENSOR] Distance: 99 cm
2025-05-30 13:44:35,340 - INFO - [SENSOR] Distance: 74 cm
2025-05-30 13:44:35,372 - INFO - [SENSOR] Distance: 140 cm
2025-05-30 13:44:35,411 - INFO - [SENSOR] Distance: 131 cm
2025-05-30 13:44:35,440 - INFO - [SENSOR] Distance: 135 cm
2025-05-30 13:44:35,472 - INFO - [SENSOR] Distance: 141 cm
2025-05-30 13:44:35,504 - INFO - [SENSOR] Distance: 22 cm
2025-05-30 13:44:35,647 - INFO - [SENSOR] Distance: 119 cm
2025-05-30 13:44:35,650 - INFO - [SENSOR] Distance: 87 cm
2025-05-30 13:44:35,655 - INFO - [SENSOR] Distance: 142 cm
2025-05-30 13:44:35,659 - INFO - [SENSOR] Distance: 73 cm
2025-05-30 13:44:35,704 - INFO - [SENSOR] Distance: 132 cm
2025-05-30 13:44:35,740 - INFO - [SENSOR] Distance: 90 cm
2025-05-30 13:44:35,772 - INFO - [SENSOR] Distance: 95 cm
2025-05-30 13:44:35,804 - INFO - [SENSOR] Distance: 87 cm
2025-05-30 13:44:35,840 - INFO - [SENSOR] Distance: 99 cm
2025-05-30 13:44:35,872 - INFO - [SENSOR] Distance: 20 cm
2025-05-30 13:44:36,013 - INFO - [SENSOR] Distance: 123 cm
2025-05-30 13:44:36,023 - INFO - [SENSOR] Distance: 106 cm
2025-05-30 13:44:36,029 - INFO - [SENSOR] Distance: 145 cm
2025-05-30 13:44:36,037 - INFO - [SENSOR] Distance: 91 cm
2025-05-30 13:44:36,072 - INFO - [SENSOR] Distance: 21 cm
2025-05-30 13:44:36,163 - INFO - [SENSOR] Distance: 143 cm
2025-05-30 13:44:36,169 - INFO - [SENSOR] Distance: 149 cm
2025-05-30 13:44:36,177 - INFO - [SENSOR] Distance: 127 cm
2025-05-30 13:44:36,205 - INFO - [SENSOR] Distance: 148 cm
2025-05-30 13:44:36,235 - INFO - [SENSOR] Distance: 134 cm
2025-05-30 13:44:36,272 - INFO - [SENSOR] Distance: 136 cm
2025-05-30 13:44:36,304 - INFO - [SENSOR] Distance: 93 cm
2025-05-30 13:44:36,335 - INFO - [SENSOR] Distance: 109 cm
2025-05-30 13:44:36,372 - INFO - [SENSOR] Distance: 63 cm
2025-05-30 13:44:36,404 - INFO - [SENSOR] Distance: 82 cm
2025-05-30 13:44:36,435 - INFO - [SENSOR] Distance: 113 cm
2025-05-30 13:44:36,472 - INFO - [SENSOR] Distance: 15 cm
2025-05-30 13:44:36,633 - INFO - [SENSOR] Distance: 106 cm
2025-05-30 13:44:36,641 - INFO - [SENSOR] Distance: 85 cm
2025-05-30 13:44:36,645 - INFO - [SENSOR] Distance: 21 cm
2025-05-30 13:44:36,766 - INFO - [SENSOR] Distance: 110 cm
2025-05-30 13:44:36,774 - INFO - [SENSOR] Distance: 69 cm
2025-05-30 13:44:36,784 - INFO - [SENSOR] Distance: 134 cm
2025-05-30 13:44:36,789 - INFO - [SENSOR] Distance: 77 cm
2025-05-30 13:44:36,803 - INFO - [SENSOR] Distance: 99 cm
2025-05-30 13:44:36,836 - INFO - [SENSOR] Distance: 88 cm
2025-05-30 13:44:36,868 - INFO - [SENSOR] Distance: 122 cm
2025-05-30 13:44:36,903 - INFO - [SENSOR] Distance: 78 cm
2025-05-30 13:44:36,936 - INFO - [SENSOR] Distance: 61 cm
2025-05-30 13:44:36,968 - INFO - [SENSOR] Distance: 138 cm
2025-05-30 13:44:37,004 - INFO - [SENSOR] Distance: 84 cm
2025-05-30 13:44:37,036 - INFO - [SENSOR] Distance: 104 cm
2025-05-30 13:44:37,068 - INFO - [SENSOR] Distance: 141 cm
2025-05-30 13:44:37,104 - INFO - [SENSOR] Distance: 93 cm
2025-05-30 13:44:37,135 - INFO - [SENSOR] Distance: 65 cm
2025-05-30 13:44:37,168 - INFO - [SENSOR] Distance: 82 cm
2025-05-30 13:44:37,201 - INFO - [SENSOR] Distance: 96 cm
2025-05-30 13:44:37,236 - INFO - [SENSOR] Distance: 106 cm
2025-05-30 13:44:37,268 - INFO - [SENSOR] Distance: 111 cm
2025-05-30 13:44:37,301 - INFO - [SENSOR] Distance: 31 cm
2025-05-30 13:44:37,426 - INFO - [SENSOR] Distance: 129 cm
2025-05-30 13:44:37,431 - INFO - [SENSOR] Distance: 60 cm
2025-05-30 13:44:37,437 - INFO - [SENSOR] Distance: 139 cm
2025-05-30 13:44:37,441 - INFO - [SENSOR] Distance: 84 cm
2025-05-30 13:44:37,469 - INFO - [SENSOR] Distance: 69 cm
2025-05-30 13:44:37,500 - INFO - [SENSOR] Distance: 69 cm
2025-05-30 13:44:37,536 - INFO - [SENSOR] Distance: 148 cm
2025-05-30 13:44:37,568 - INFO - [SENSOR] Distance: 66 cm
2025-05-30 13:44:37,601 - INFO - [SENSOR] Distance: 39 cm
2025-05-30 13:44:37,741 - INFO - [SENSOR] Distance: 75 cm
2025-05-30 13:44:37,745 - INFO - [SENSOR] Distance: 142 cm
2025-05-30 13:44:37,750 - INFO - [SENSOR] Distance: 33 cm
2025-05-30 13:44:37,830 - INFO - [SENSOR] Distance: 66 cm
2025-05-30 13:44:37,835 - INFO - [SENSOR] Distance: 135 cm
2025-05-30 13:44:37,840 - INFO - [SENSOR] Distance: 29 cm
2025-05-30 13:44:37,924 - INFO - [SENSOR] Distance: 138 cm
2025-05-30 13:44:37,928 - INFO - [SENSOR] Distance: 69 cm
2025-05-30 13:44:37,933 - INFO - [SENSOR] Distance: 69 cm
2025-05-30 13:44:37,968 - INFO - [SENSOR] Distance: 124 cm
2025-05-30 13:44:38,000 - INFO - [SENSOR] Distance: 84 cm
2025-05-30 13:44:38,033 - INFO - [SENSOR] Distance: 104 cm
2025-05-30 13:44:38,068 - INFO - [SENSOR] Distance: 27 cm
2025-05-30 13:44:38,209 - INFO - [SENSOR] Distance: 101 cm
2025-05-30 13:44:38,213 - INFO - [SENSOR] Distance: 72 cm
2025-05-30 13:44:38,218 - INFO - [SENSOR] Distance: 73 cm
2025-05-30 13:44:38,224 - INFO - [SENSOR] Distance: 95 cm
2025-05-30 13:44:38,268 - INFO - [SENSOR] Distance: 89 cm
2025-05-30 13:44:38,300 - INFO - [SENSOR] Distance: 127 cm
2025-05-30 13:44:38,333 - INFO - [SENSOR] Distance: 104 cm
2025-05-30 13:44:38,364 - INFO - [SENSOR] Distance: 103 cm
2025-05-30 13:44:38,400 - INFO - [SENSOR] Distance: 118 cm
2025-05-30 13:44:38,432 - INFO - [SENSOR] Distance: 93 cm
2025-05-30 13:44:38,464 - INFO - [SENSOR] Distance: 21 cm
2025-05-30 13:44:38,625 - INFO - [SENSOR] Distance: 90 cm
2025-05-30 13:44:38,633 - INFO - [SENSOR] Distance: 90 cm
2025-05-30 13:44:38,638 - INFO - [SENSOR] Distance: 141 cm
2025-05-30 13:44:38,641 - INFO - [SENSOR] Distance: 114 cm
2025-05-30 13:44:38,663 - INFO - [SENSOR] Distance: 137 cm
2025-05-30 13:44:38,700 - INFO - [SENSOR] Distance: 117 cm
2025-05-30 13:44:38,732 - INFO - [SENSOR] Distance: 148 cm
2025-05-30 13:44:38,764 - INFO - [SENSOR] Distance: 62 cm
2025-05-30 13:44:38,800 - INFO - [SENSOR] Distance: 107 cm
2025-05-30 13:44:38,833 - INFO - [SENSOR] Distance: 102 cm
2025-05-30 13:44:38,864 - INFO - [SENSOR] Distance: 122 cm
2025-05-30 13:44:38,896 - INFO - [SENSOR] Distance: 124 cm
2025-05-30 13:44:38,932 - INFO - [SENSOR] Distance: 62 cm
2025-05-30 13:44:38,964 - INFO - [SENSOR] Distance: 32 cm
2025-05-30 13:44:39,084 - INFO - [SENSOR] Distance: 83 cm
2025-05-30 13:44:39,088 - INFO - [SENSOR] Distance: 135 cm
2025-05-30 13:44:39,093 - INFO - [SENSOR] Distance: 90 cm
2025-05-30 13:44:39,102 - INFO - [SENSOR] Distance: 19 cm
2025-05-30 13:44:39,183 - INFO - [SENSOR] Distance: 108 cm
2025-05-30 13:44:39,187 - INFO - [SENSOR] Distance: 112 cm
2025-05-30 13:44:39,196 - INFO - [SENSOR] Distance: 76 cm
2025-05-30 13:44:39,233 - INFO - [SENSOR] Distance: 109 cm
2025-05-30 13:44:39,264 - INFO - [SENSOR] Distance: 104 cm
2025-05-30 13:44:39,296 - INFO - [SENSOR] Distance: 112 cm
2025-05-30 13:44:39,333 - INFO - [SENSOR] Distance: 125 cm
2025-05-30 13:44:39,364 - INFO - [SENSOR] Distance: 149 cm
2025-05-30 13:44:39,396 - INFO - [SENSOR] Distance: 93 cm
2025-05-30 13:44:39,428 - INFO - [SENSOR] Distance: 87 cm
2025-05-30 13:44:39,464 - INFO - [SENSOR] Distance: 84 cm
2025-05-30 13:44:39,496 - INFO - [SENSOR] Distance: 115 cm
2025-05-30 13:44:39,529 - INFO - [SENSOR] Distance: 112 cm
2025-05-30 13:44:39,564 - INFO - [SENSOR] Distance: 117 cm
2025-05-30 13:44:39,596 - INFO - [SENSOR] Distance: 134 cm
2025-05-30 13:44:39,629 - INFO - [SENSOR] Distance: 71 cm
2025-05-30 13:44:39,664 - INFO - [SENSOR] Distance: 68 cm
2025-05-30 13:44:39,696 - INFO - [SENSOR] Distance: 104 cm
2025-05-30 13:44:39,728 - INFO - [SENSOR] Distance: 99 cm
2025-05-30 13:44:39,764 - INFO - [SENSOR] Distance: 81 cm
2025-05-30 13:44:39,796 - INFO - [SENSOR] Distance: 104 cm
2025-05-30 13:44:39,829 - INFO - [SENSOR] Distance: 81 cm
2025-05-30 13:44:39,864 - INFO - [SENSOR] Distance: 104 cm
2025-05-30 13:44:39,896 - INFO - [SENSOR] Distance: 129 cm
2025-05-30 13:44:39,929 - INFO - [SENSOR] Distance: 12 cm
2025-05-30 13:44:40,088 - INFO - [SENSOR] Distance: 142 cm
2025-05-30 13:44:40,092 - INFO - [SENSOR] Distance: 19 cm
2025-05-30 13:44:40,181 - INFO - [SENSOR] Distance: 97 cm
2025-05-30 13:44:40,186 - INFO - [SENSOR] Distance: 107 cm
2025-05-30 13:44:40,189 - INFO - [SENSOR] Distance: 123 cm
2025-05-30 13:44:40,193 - INFO - [SENSOR] Distance: 107 cm
2025-05-30 13:44:40,230 - INFO - [SENSOR] Distance: 144 cm
2025-05-30 13:44:40,261 - INFO - [SENSOR] Distance: 69 cm
2025-05-30 13:44:40,296 - INFO - [SENSOR] Distance: 106 cm
2025-05-30 13:44:40,329 - INFO - [SENSOR] Distance: 107 cm
2025-05-30 13:44:40,361 - INFO - [SENSOR] Distance: 81 cm
2025-05-30 13:44:40,396 - INFO - [SENSOR] Distance: 141 cm
2025-05-30 13:44:40,429 - INFO - [SENSOR] Distance: 88 cm
2025-05-30 13:44:40,461 - INFO - [SENSOR] Distance: 116 cm
2025-05-30 13:44:40,496 - INFO - [SENSOR] Distance: 140 cm
2025-05-30 13:44:40,529 - INFO - [SENSOR] Distance: 80 cm
2025-05-30 13:44:40,561 - INFO - [SENSOR] Distance: 136 cm
2025-05-30 13:44:40,592 - INFO - [SENSOR] Distance: 133 cm
2025-05-30 13:44:40,629 - INFO - [SENSOR] Distance: 112 cm
2025-05-30 13:44:40,661 - INFO - [SENSOR] Distance: 118 cm
2025-05-30 13:44:40,692 - INFO - [SENSOR] Distance: 61 cm
2025-05-30 13:44:40,729 - INFO - [SENSOR] Distance: 60 cm
2025-05-30 13:44:40,762 - INFO - [SENSOR] Distance: 150 cm
2025-05-30 13:44:40,792 - INFO - [SENSOR] Distance: 98 cm
2025-05-30 13:44:40,829 - INFO - [SENSOR] Distance: 97 cm
2025-05-30 13:44:40,861 - INFO - [SENSOR] Distance: 112 cm
2025-05-30 13:44:40,892 - INFO - [SENSOR] Distance: 81 cm
2025-05-30 13:44:40,929 - INFO - [SENSOR] Distance: 81 cm
2025-05-30 13:44:40,961 - INFO - [SENSOR] Distance: 138 cm
2025-05-30 13:44:40,992 - INFO - [SENSOR] Distance: 99 cm
2025-05-30 13:44:41,029 - INFO - [SENSOR] Distance: 78 cm
2025-05-30 13:44:41,062 - INFO - [SENSOR] Distance: 24 cm
2025-05-30 13:44:41,818 - INFO - [SENSOR] Distance: 98 cm
2025-05-30 13:44:41,823 - INFO - [SENSOR] Distance: 103 cm
2025-05-30 13:44:41,827 - INFO - [SENSOR] Distance: 77 cm
2025-05-30 13:44:41,833 - INFO - [SENSOR] Distance: 87 cm
2025-05-30 13:44:41,856 - INFO - [SENSOR] Distance: 135 cm
2025-05-30 13:44:41,892 - INFO - [SENSOR] Distance: 127 cm
2025-05-30 13:44:41,924 - INFO - [SENSOR] Distance: 118 cm
2025-05-30 13:44:41,956 - INFO - [SENSOR] Distance: 142 cm
2025-05-30 13:44:41,992 - INFO - [SENSOR] Distance: 91 cm
2025-05-30 13:44:42,024 - INFO - [SENSOR] Distance: 136 cm
2025-05-30 13:44:42,056 - INFO - [SENSOR] Distance: 115 cm
2025-05-30 13:44:42,093 - INFO - [SENSOR] Distance: 73 cm
2025-05-30 13:44:42,124 - INFO - [SENSOR] Distance: 74 cm
2025-05-30 13:44:42,156 - INFO - [SENSOR] Distance: 28 cm
2025-05-30 13:44:42,913 - INFO - [SENSOR] Distance: 67 cm
2025-05-30 13:44:42,917 - INFO - [SENSOR] Distance: 117 cm
2025-05-30 13:44:42,922 - INFO - [SENSOR] Distance: 36 cm
2025-05-30 13:44:43,097 - INFO - [SENSOR] Distance: 37 cm
2025-05-30 13:44:43,776 - INFO - [SENSOR] Distance: 149 cm
2025-05-30 13:44:43,781 - INFO - [SENSOR] Distance: 105 cm
2025-05-30 13:44:43,785 - INFO - [SENSOR] Distance: 100 cm
2025-05-30 13:44:43,789 - INFO - [SENSOR] Distance: 127 cm
2025-05-30 13:44:43,820 - INFO - [SENSOR] Distance: 129 cm
2025-05-30 13:44:43,852 - INFO - [SENSOR] Distance: 72 cm
2025-05-30 13:44:43,888 - INFO - [SENSOR] Distance: 98 cm
2025-05-30 13:44:43,920 - INFO - [SENSOR] Distance: 23 cm
2025-05-30 13:44:44,681 - INFO - [SENSOR] Distance: 111 cm
2025-05-30 13:44:44,686 - INFO - [SENSOR] Distance: 129 cm
2025-05-30 13:44:44,690 - INFO - [SENSOR] Distance: 78 cm
2025-05-30 13:44:44,695 - INFO - [SENSOR] Distance: 10 cm
2025-05-30 13:44:45,445 - INFO - [SENSOR] Distance: 98 cm
2025-05-30 13:44:45,449 - INFO - [SENSOR] Distance: 144 cm
2025-05-30 13:44:45,453 - INFO - [SENSOR] Distance: 130 cm
2025-05-30 13:44:45,458 - INFO - [SENSOR] Distance: 148 cm
2025-05-30 13:44:45,484 - INFO - [SENSOR] Distance: 120 cm
2025-05-30 13:44:45,516 - INFO - [SENSOR] Distance: 82 cm
2025-05-30 13:44:45,548 - INFO - [SENSOR] Distance: 79 cm
2025-05-30 13:44:45,584 - INFO - [SENSOR] Distance: 108 cm
2025-05-30 13:44:45,616 - INFO - [SENSOR] Distance: 143 cm
2025-05-30 13:44:45,649 - INFO - [SENSOR] Distance: 64 cm
2025-05-30 13:44:45,680 - INFO - [SENSOR] Distance: 112 cm
2025-05-30 13:44:45,716 - INFO - [SENSOR] Distance: 70 cm
2025-05-30 13:44:45,748 - INFO - [SENSOR] Distance: 22 cm
2025-05-30 13:44:46,472 - INFO - [SENSOR] Distance: 75 cm
2025-05-30 13:44:46,477 - INFO - [SENSOR] Distance: 88 cm
2025-05-30 13:44:46,481 - INFO - [SENSOR] Distance: 100 cm
2025-05-30 13:44:46,487 - INFO - [SENSOR] Distance: 68 cm
2025-05-30 13:44:46,512 - INFO - [SENSOR] Distance: 90 cm
2025-05-30 13:44:46,549 - INFO - [SENSOR] Distance: 121 cm
2025-05-30 13:44:46,580 - INFO - [SENSOR] Distance: 150 cm
2025-05-30 13:44:46,612 - INFO - [SENSOR] Distance: 140 cm
2025-05-30 13:44:46,649 - INFO - [SENSOR] Distance: 133 cm
2025-05-30 13:44:46,680 - INFO - [SENSOR] Distance: 145 cm
2025-05-30 13:44:46,711 - INFO - [SENSOR] Distance: 21 cm
2025-05-30 13:44:47,444 - INFO - [SENSOR] Distance: 141 cm
2025-05-30 13:44:47,448 - INFO - [SENSOR] Distance: 148 cm
2025-05-30 13:44:47,452 - INFO - [SENSOR] Distance: 63 cm
2025-05-30 13:44:47,457 - INFO - [SENSOR] Distance: 121 cm
2025-05-30 13:44:47,477 - INFO - [SENSOR] Distance: 102 cm
2025-05-30 13:44:47,512 - INFO - [SENSOR] Distance: 113 cm
2025-05-30 13:44:47,544 - INFO - [SENSOR] Distance: 101 cm
2025-05-30 13:44:47,577 - INFO - [SENSOR] Distance: 100 cm
2025-05-30 13:44:47,612 - INFO - [SENSOR] Distance: 60 cm
2025-05-30 13:44:47,644 - INFO - [SENSOR] Distance: 134 cm
2025-05-30 13:44:47,677 - INFO - [SENSOR] Distance: 108 cm
2025-05-30 13:44:47,712 - INFO - [SENSOR] Distance: 128 cm
2025-05-30 13:44:47,744 - INFO - [SENSOR] Distance: 94 cm
2025-05-30 13:44:47,776 - INFO - [SENSOR] Distance: 66 cm
2025-05-30 13:44:47,812 - INFO - [SENSOR] Distance: 113 cm
2025-05-30 13:44:47,844 - INFO - [SENSOR] Distance: 63 cm
2025-05-30 13:44:47,877 - INFO - [SENSOR] Distance: 96 cm
2025-05-30 13:44:47,912 - INFO - [SENSOR] Distance: 131 cm
2025-05-30 13:44:47,944 - INFO - [SENSOR] Distance: 133 cm
2025-05-30 13:44:47,977 - INFO - [SENSOR] Distance: 126 cm
2025-05-30 13:44:48,008 - INFO - [SENSOR] Distance: 117 cm
2025-05-30 13:44:48,044 - INFO - [SENSOR] Distance: 77 cm
2025-05-30 13:44:48,077 - INFO - [SENSOR] Distance: 28 cm
2025-05-30 13:44:48,826 - INFO - [SENSOR] Distance: 111 cm
2025-05-30 13:44:48,830 - INFO - [SENSOR] Distance: 66 cm
2025-05-30 13:44:48,834 - INFO - [SENSOR] Distance: 128 cm
2025-05-30 13:44:48,839 - INFO - [SENSOR] Distance: 65 cm
2025-05-30 13:44:48,877 - INFO - [SENSOR] Distance: 142 cm
2025-05-30 13:44:48,909 - INFO - [SENSOR] Distance: 98 cm
2025-05-30 13:44:48,940 - INFO - [SENSOR] Distance: 87 cm
2025-05-30 13:44:48,977 - INFO - [SENSOR] Distance: 61 cm
2025-05-30 13:44:49,008 - INFO - [SENSOR] Distance: 106 cm
2025-05-30 13:44:49,040 - INFO - [SENSOR] Distance: 96 cm
2025-05-30 13:44:49,072 - INFO - [SENSOR] Distance: 77 cm
2025-05-30 13:44:49,109 - INFO - [SENSOR] Distance: 130 cm
2025-05-30 13:44:49,140 - INFO - [SENSOR] Distance: 130 cm
2025-05-30 13:44:49,172 - INFO - [SENSOR] Distance: 137 cm
2025-05-30 13:44:49,208 - INFO - [SENSOR] Distance: 115 cm
2025-05-30 13:44:49,240 - INFO - [SENSOR] Distance: 144 cm
2025-05-30 13:44:49,272 - INFO - [SENSOR] Distance: 74 cm
2025-05-30 13:44:49,309 - INFO - [SENSOR] Distance: 68 cm
2025-05-30 13:44:49,340 - INFO - [SENSOR] Distance: 34 cm
2025-05-30 13:44:49,488 - INFO - [SENSOR] Distance: 82 cm
2025-05-30 13:44:49,493 - INFO - [SENSOR] Distance: 121 cm
2025-05-30 13:44:49,498 - INFO - [SENSOR] Distance: 73 cm
2025-05-30 13:44:49,503 - INFO - [SENSOR] Distance: 70 cm
2025-05-30 13:44:49,540 - INFO - [SENSOR] Distance: 110 cm
2025-05-30 13:44:49,572 - INFO - [SENSOR] Distance: 136 cm
2025-05-30 13:44:49,609 - INFO - [SENSOR] Distance: 108 cm
2025-05-30 13:44:49,640 - INFO - [SENSOR] Distance: 93 cm
2025-05-30 13:44:49,672 - INFO - [SENSOR] Distance: 83 cm
2025-05-30 13:44:49,704 - INFO - [SENSOR] Distance: 138 cm
2025-05-30 13:44:49,745 - INFO - [SENSOR] Distance: 130 cm
2025-05-30 13:44:49,772 - INFO - [SENSOR] Distance: 18 cm
2025-05-30 13:44:50,575 - INFO - [SENSOR] Distance: 82 cm
2025-05-30 13:44:50,579 - INFO - [SENSOR] Distance: 105 cm
2025-05-30 13:44:50,583 - INFO - [SENSOR] Distance: 140 cm
2025-05-30 13:44:50,587 - INFO - [SENSOR] Distance: 67 cm
2025-05-30 13:44:50,604 - INFO - [SENSOR] Distance: 89 cm
2025-05-30 13:44:50,636 - INFO - [SENSOR] Distance: 144 cm
2025-05-30 13:44:50,672 - INFO - [SENSOR] Distance: 63 cm
2025-05-30 13:44:50,704 - INFO - [SENSOR] Distance: 132 cm
2025-05-30 13:44:50,736 - INFO - [SENSOR] Distance: 142 cm
2025-05-30 13:44:50,768 - INFO - [SENSOR] Distance: 79 cm
2025-05-30 13:44:50,804 - INFO - [SENSOR] Distance: 68 cm
2025-05-30 13:44:50,836 - INFO - [SENSOR] Distance: 148 cm
2025-05-30 13:44:50,868 - INFO - [SENSOR] Distance: 113 cm
2025-05-30 13:44:50,904 - INFO - [SENSOR] Distance: 113 cm
2025-05-30 13:44:50,936 - INFO - [SENSOR] Distance: 135 cm
2025-05-30 13:44:50,968 - INFO - [SENSOR] Distance: 142 cm
2025-05-30 13:44:51,004 - INFO - [SENSOR] Distance: 18 cm
2025-05-30 13:44:51,772 - INFO - [SENSOR] Distance: 81 cm
2025-05-30 13:44:51,776 - INFO - [SENSOR] Distance: 129 cm
2025-05-30 13:44:51,779 - INFO - [SENSOR] Distance: 16 cm
2025-05-30 13:44:51,888 - INFO - [SENSOR] Distance: 86 cm
2025-05-30 13:44:51,892 - INFO - [SENSOR] Distance: 78 cm
2025-05-30 13:44:51,895 - INFO - [SENSOR] Distance: 29 cm
2025-05-30 13:44:52,787 - INFO - [SENSOR] Distance: 79 cm
2025-05-30 13:44:52,792 - INFO - [SENSOR] Distance: 36 cm
2025-05-30 13:44:53,553 - INFO - [SENSOR] Distance: 143 cm
2025-05-30 13:44:53,557 - INFO - [SENSOR] Distance: 140 cm
2025-05-30 13:44:53,562 - INFO - [SENSOR] Distance: 71 cm
2025-05-30 13:44:53,566 - INFO - [SENSOR] Distance: 118 cm
2025-05-30 13:44:53,596 - INFO - [SENSOR] Distance: 113 cm
2025-05-30 13:44:53,628 - INFO - [SENSOR] Distance: 72 cm
2025-05-30 13:44:53,664 - INFO - [SENSOR] Distance: 139 cm
2025-05-30 13:44:53,696 - INFO - [SENSOR] Distance: 96 cm
2025-05-30 13:44:53,728 - INFO - [SENSOR] Distance: 101 cm
2025-05-30 13:44:53,766 - INFO - [SENSOR] Distance: 100 cm
2025-05-30 13:44:53,796 - INFO - [SENSOR] Distance: 124 cm
2025-05-30 13:44:53,828 - INFO - [SENSOR] Distance: 74 cm
2025-05-30 13:44:53,864 - INFO - [SENSOR] Distance: 110 cm
2025-05-30 13:44:53,896 - INFO - [SENSOR] Distance: 121 cm
2025-05-30 13:44:53,928 - INFO - [SENSOR] Distance: 19 cm
2025-05-30 13:44:54,085 - INFO - [SENSOR] Distance: 124 cm
2025-05-30 13:44:54,095 - INFO - [SENSOR] Distance: 31 cm
2025-05-30 13:44:54,176 - INFO - [SENSOR] Distance: 134 cm
2025-05-30 13:44:54,180 - INFO - [SENSOR] Distance: 126 cm
2025-05-30 13:44:54,187 - INFO - [SENSOR] Distance: 40 cm
2025-05-30 13:44:54,285 - INFO - [SENSOR] Distance: 126 cm
2025-05-30 13:44:54,289 - INFO - [SENSOR] Distance: 103 cm
2025-05-30 13:44:54,294 - INFO - [SENSOR] Distance: 94 cm
2025-05-30 13:44:54,302 - INFO - [SENSOR] Distance: 18 cm
2025-05-30 13:44:54,394 - INFO - [SENSOR] Distance: 85 cm
2025-05-30 13:44:54,398 - INFO - [SENSOR] Distance: 82 cm
2025-05-30 13:44:54,401 - INFO - [SENSOR] Distance: 84 cm
2025-05-30 13:44:54,427 - INFO - [SENSOR] Distance: 107 cm
2025-05-30 13:44:54,461 - INFO - [SENSOR] Distance: 106 cm
2025-05-30 13:44:54,496 - INFO - [SENSOR] Distance: 95 cm
2025-05-30 13:44:54,528 - INFO - [SENSOR] Distance: 130 cm
2025-05-30 13:44:54,561 - INFO - [SENSOR] Distance: 81 cm
2025-05-30 13:44:54,596 - INFO - [SENSOR] Distance: 60 cm
2025-05-30 13:44:54,628 - INFO - [SENSOR] Distance: 97 cm
2025-05-30 13:44:54,660 - INFO - [SENSOR] Distance: 78 cm
2025-05-30 13:44:54,696 - INFO - [SENSOR] Distance: 130 cm
2025-05-30 13:44:54,728 - INFO - [SENSOR] Distance: 84 cm
2025-05-30 13:44:54,761 - INFO - [SENSOR] Distance: 96 cm
2025-05-30 13:44:54,792 - INFO - [SENSOR] Distance: 78 cm
2025-05-30 13:44:54,827 - INFO - [SENSOR] Distance: 78 cm
2025-05-30 13:44:54,860 - INFO - [SENSOR] Distance: 99 cm
2025-05-30 13:44:54,893 - INFO - [SENSOR] Distance: 136 cm
2025-05-30 13:44:54,928 - INFO - [SENSOR] Distance: 82 cm
2025-05-30 13:44:54,960 - INFO - [SENSOR] Distance: 85 cm
2025-05-30 13:44:54,993 - INFO - [SENSOR] Distance: 87 cm
2025-05-30 13:44:55,028 - INFO - [SENSOR] Distance: 112 cm
2025-05-30 13:44:55,060 - INFO - [SENSOR] Distance: 39 cm
2025-05-30 13:44:55,818 - INFO - [SENSOR] Distance: 96 cm
2025-05-30 13:44:55,822 - INFO - [SENSOR] Distance: 88 cm
2025-05-30 13:44:55,827 - INFO - [SENSOR] Distance: 147 cm
2025-05-30 13:44:55,831 - INFO - [SENSOR] Distance: 112 cm
2025-05-30 13:44:55,856 - INFO - [SENSOR] Distance: 121 cm
2025-05-30 13:44:55,893 - INFO - [SENSOR] Distance: 75 cm
2025-05-30 13:44:55,924 - INFO - [SENSOR] Distance: 122 cm
2025-05-30 13:44:55,956 - INFO - [SENSOR] Distance: 69 cm
2025-05-30 13:44:55,993 - INFO - [SENSOR] Distance: 142 cm
2025-05-30 13:44:56,026 - INFO - [SENSOR] Distance: 116 cm
2025-05-30 13:44:56,056 - INFO - [SENSOR] Distance: 108 cm
2025-05-30 13:44:56,093 - INFO - [SENSOR] Distance: 26 cm
2025-05-30 13:44:56,846 - INFO - [SENSOR] Distance: 146 cm
2025-05-30 13:44:56,850 - INFO - [SENSOR] Distance: 111 cm
2025-05-30 13:44:56,855 - INFO - [SENSOR] Distance: 143 cm
2025-05-30 13:44:56,859 - INFO - [SENSOR] Distance: 68 cm
2025-05-30 13:44:56,888 - INFO - [SENSOR] Distance: 80 cm
2025-05-30 13:44:56,925 - INFO - [SENSOR] Distance: 70 cm
2025-05-30 13:44:56,955 - INFO - [SENSOR] Distance: 81 cm
2025-05-30 13:44:56,988 - INFO - [SENSOR] Distance: 14 cm
2025-05-30 13:44:57,738 - INFO - [SENSOR] Distance: 137 cm
2025-05-30 13:44:57,742 - INFO - [SENSOR] Distance: 80 cm
2025-05-30 13:44:57,748 - INFO - [SENSOR] Distance: 146 cm
2025-05-30 13:44:57,758 - INFO - [SENSOR] Distance: 136 cm
2025-05-30 13:44:57,787 - INFO - [SENSOR] Distance: 126 cm
2025-05-30 13:44:57,820 - INFO - [SENSOR] Distance: 88 cm
2025-05-30 13:44:57,855 - INFO - [SENSOR] Distance: 123 cm
2025-05-30 13:44:57,888 - INFO - [SENSOR] Distance: 129 cm
2025-05-30 13:44:57,920 - INFO - [SENSOR] Distance: 148 cm
2025-05-30 13:44:57,951 - INFO - [SENSOR] Distance: 103 cm
2025-05-30 13:44:57,987 - INFO - [SENSOR] Distance: 131 cm
2025-05-30 13:44:58,020 - INFO - [SENSOR] Distance: 111 cm
2025-05-30 13:44:58,052 - INFO - [SENSOR] Distance: 109 cm
2025-05-30 13:44:58,087 - INFO - [SENSOR] Distance: 63 cm
2025-05-30 13:44:58,119 - INFO - [SENSOR] Distance: 77 cm
2025-05-30 13:44:58,151 - INFO - [SENSOR] Distance: 19 cm
2025-05-30 13:44:58,875 - INFO - [SENSOR] Distance: 78 cm
2025-05-30 13:44:58,880 - INFO - [SENSOR] Distance: 85 cm
2025-05-30 13:44:58,884 - INFO - [SENSOR] Distance: 96 cm
2025-05-30 13:44:58,888 - INFO - [SENSOR] Distance: 64 cm
2025-05-30 13:44:58,915 - INFO - [SENSOR] Distance: 81 cm
2025-05-30 13:44:58,952 - INFO - [SENSOR] Distance: 72 cm
2025-05-30 13:44:58,983 - INFO - [SENSOR] Distance: 118 cm
2025-05-30 13:44:59,016 - INFO - [SENSOR] Distance: 147 cm
2025-05-30 13:44:59,052 - INFO - [SENSOR] Distance: 32 cm
2025-05-30 13:44:59,190 - INFO - [SENSOR] Distance: 103 cm
2025-05-30 13:44:59,194 - INFO - [SENSOR] Distance: 89 cm
2025-05-30 13:44:59,198 - INFO - [SENSOR] Distance: 67 cm
2025-05-30 13:44:59,206 - INFO - [SENSOR] Distance: 129 cm
2025-05-30 13:44:59,248 - INFO - [SENSOR] Distance: 60 cm
2025-05-30 13:44:59,284 - INFO - [SENSOR] Distance: 134 cm
2025-05-30 13:44:59,315 - INFO - [SENSOR] Distance: 80 cm
2025-05-30 13:44:59,348 - INFO - [SENSOR] Distance: 119 cm
2025-05-30 13:44:59,384 - INFO - [SENSOR] Distance: 96 cm
2025-05-30 13:44:59,416 - INFO - [SENSOR] Distance: 36 cm
2025-05-30 13:44:59,554 - INFO - [SENSOR] Distance: 145 cm
2025-05-30 13:44:59,559 - INFO - [SENSOR] Distance: 70 cm
2025-05-30 13:44:59,566 - INFO - [SENSOR] Distance: 73 cm
2025-05-30 13:44:59,570 - INFO - [SENSOR] Distance: 10 cm
2025-05-30 13:45:00,256 - INFO - [SENSOR] Distance: 126 cm
2025-05-30 13:45:00,260 - INFO - [SENSOR] Distance: 106 cm
2025-05-30 13:45:00,263 - INFO - [SENSOR] Distance: 77 cm
2025-05-30 13:45:00,268 - INFO - [SENSOR] Distance: 127 cm
2025-05-30 13:45:00,315 - INFO - [SENSOR] Distance: 143 cm
2025-05-30 13:45:00,347 - INFO - [SENSOR] Distance: 123 cm
2025-05-30 13:45:00,380 - INFO - [SENSOR] Distance: 141 cm
2025-05-30 13:45:00,413 - INFO - [SENSOR] Distance: 143 cm
2025-05-30 13:45:00,450 - INFO - [SENSOR] Distance: 99 cm
2025-05-30 13:45:00,480 - INFO - [SENSOR] Distance: 81 cm
2025-05-30 13:45:00,512 - INFO - [SENSOR] Distance: 146 cm
2025-05-30 13:45:00,547 - INFO - [SENSOR] Distance: 13 cm
2025-05-30 13:45:00,685 - INFO - [SENSOR] Distance: 107 cm
2025-05-30 13:45:00,691 - INFO - [SENSOR] Distance: 15 cm
2025-05-30 13:45:00,787 - INFO - [SENSOR] Distance: 137 cm
2025-05-30 13:45:00,791 - INFO - [SENSOR] Distance: 78 cm
2025-05-30 13:45:00,796 - INFO - [SENSOR] Distance: 123 cm
2025-05-30 13:45:00,801 - INFO - [SENSOR] Distance: 144 cm
2025-05-30 13:45:00,848 - INFO - [SENSOR] Distance: 146 cm
2025-05-30 13:45:00,880 - INFO - [SENSOR] Distance: 94 cm
2025-05-30 13:45:00,912 - INFO - [SENSOR] Distance: 90 cm
2025-05-30 13:45:00,944 - INFO - [SENSOR] Distance: 105 cm
2025-05-30 13:45:00,980 - INFO - [SENSOR] Distance: 64 cm
2025-05-30 13:45:01,013 - INFO - [SENSOR] Distance: 118 cm
2025-05-30 13:45:01,043 - INFO - [SENSOR] Distance: 150 cm
2025-05-30 13:45:01,080 - INFO - [SENSOR] Distance: 91 cm
2025-05-30 13:45:01,112 - INFO - [SENSOR] Distance: 36 cm
2025-05-30 13:45:01,255 - INFO - [SENSOR] Distance: 124 cm
2025-05-30 13:45:01,260 - INFO - [SENSOR] Distance: 78 cm
2025-05-30 13:45:01,270 - INFO - [SENSOR] Distance: 97 cm
2025-05-30 13:45:01,278 - INFO - [SENSOR] Distance: 140 cm
2025-05-30 13:45:01,312 - INFO - [SENSOR] Distance: 89 cm
2025-05-30 13:45:01,343 - INFO - [SENSOR] Distance: 35 cm
2025-05-30 13:45:01,437 - INFO - [SENSOR] Distance: 125 cm
2025-05-30 13:45:01,442 - INFO - [SENSOR] Distance: 105 cm
2025-05-30 13:45:01,449 - INFO - [SENSOR] Distance: 33 cm
2025-05-30 13:45:01,581 - INFO - [SENSOR] Distance: 142 cm
2025-05-30 13:45:01,591 - INFO - [SENSOR] Distance: 101 cm
2025-05-30 13:45:01,600 - INFO - [SENSOR] Distance: 88 cm
2025-05-30 13:45:01,605 - INFO - [SENSOR] Distance: 149 cm
2025-05-30 13:45:01,643 - INFO - [SENSOR] Distance: 116 cm
2025-05-30 13:45:01,676 - INFO - [SENSOR] Distance: 146 cm
2025-05-30 13:45:01,713 - INFO - [SENSOR] Distance: 127 cm
2025-05-30 13:45:01,744 - INFO - [SENSOR] Distance: 141 cm
2025-05-30 13:45:01,776 - INFO - [SENSOR] Distance: 103 cm
2025-05-30 13:45:01,812 - INFO - [SENSOR] Distance: 83 cm
2025-05-30 13:45:01,843 - INFO - [SENSOR] Distance: 70 cm
2025-05-30 13:45:01,876 - INFO - [SENSOR] Distance: 134 cm
2025-05-30 13:45:01,911 - INFO - [SENSOR] Distance: 85 cm
2025-05-30 13:45:01,943 - INFO - [SENSOR] Distance: 108 cm
2025-05-30 13:45:01,976 - INFO - [SENSOR] Distance: 74 cm
2025-05-30 13:45:02,012 - INFO - [SENSOR] Distance: 100 cm
2025-05-30 13:45:02,044 - INFO - [SENSOR] Distance: 74 cm
2025-05-30 13:45:02,076 - INFO - [SENSOR] Distance: 126 cm
2025-05-30 13:45:02,109 - INFO - [SENSOR] Distance: 129 cm
2025-05-30 13:45:02,143 - INFO - [SENSOR] Distance: 95 cm
2025-05-30 13:45:02,176 - INFO - [SENSOR] Distance: 63 cm
2025-05-30 13:45:02,209 - INFO - [SENSOR] Distance: 63 cm
2025-05-30 13:45:02,244 - INFO - [SENSOR] Distance: 70 cm
2025-05-30 13:45:02,276 - INFO - [SENSOR] Distance: 139 cm
2025-05-30 13:45:02,308 - INFO - [SENSOR] Distance: 124 cm
2025-05-30 13:45:02,344 - INFO - [SENSOR] Distance: 142 cm
2025-05-30 13:45:02,377 - INFO - [SENSOR] Distance: 77 cm
2025-05-30 13:45:02,409 - INFO - [SENSOR] Distance: 144 cm
2025-05-30 13:45:02,444 - INFO - [SENSOR] Distance: 81 cm
2025-05-30 13:45:02,476 - INFO - [SENSOR] Distance: 92 cm
2025-05-30 13:45:02,509 - INFO - [SENSOR] Distance: 97 cm
2025-05-30 13:45:02,544 - INFO - [SENSOR] Distance: 94 cm
2025-05-30 13:45:02,576 - INFO - [SENSOR] Distance: 114 cm
2025-05-30 13:45:02,609 - INFO - [SENSOR] Distance: 149 cm
2025-05-30 13:45:02,640 - INFO - [SENSOR] Distance: 143 cm
2025-05-30 13:45:02,676 - INFO - [SENSOR] Distance: 101 cm
2025-05-30 13:45:02,709 - INFO - [SENSOR] Distance: 120 cm
2025-05-30 13:45:02,742 - INFO - [SENSOR] Distance: 61 cm
2025-05-30 13:45:02,776 - INFO - [SENSOR] Distance: 114 cm
2025-05-30 13:45:02,808 - INFO - [SENSOR] Distance: 110 cm
2025-05-30 13:45:02,841 - INFO - [SENSOR] Distance: 101 cm
2025-05-30 13:45:02,876 - INFO - [SENSOR] Distance: 74 cm
2025-05-30 13:45:02,908 - INFO - [SENSOR] Distance: 82 cm
2025-05-30 13:45:02,940 - INFO - [SENSOR] Distance: 108 cm
2025-05-30 13:45:02,976 - INFO - [SENSOR] Distance: 138 cm
2025-05-30 13:45:03,008 - INFO - [SENSOR] Distance: 114 cm
2025-05-30 13:45:03,040 - INFO - [SENSOR] Distance: 13 cm
2025-05-30 13:45:03,193 - INFO - [SENSOR] Distance: 62 cm
2025-05-30 13:45:03,200 - INFO - [SENSOR] Distance: 87 cm
2025-05-30 13:45:03,208 - INFO - [SENSOR] Distance: 139 cm
2025-05-30 13:45:03,215 - INFO - [SENSOR] Distance: 89 cm
2025-05-30 13:45:03,240 - INFO - [SENSOR] Distance: 102 cm
2025-05-30 13:45:03,272 - INFO - [SENSOR] Distance: 38 cm
2025-05-30 13:45:03,406 - INFO - [SENSOR] Distance: 106 cm
2025-05-30 13:45:03,410 - INFO - [SENSOR] Distance: 135 cm
2025-05-30 13:45:03,417 - INFO - [SENSOR] Distance: 106 cm
2025-05-30 13:45:03,421 - INFO - [SENSOR] Distance: 141 cm
2025-05-30 13:45:03,441 - INFO - [SENSOR] Distance: 61 cm
2025-05-30 13:45:03,472 - INFO - [SENSOR] Distance: 145 cm
2025-05-30 13:45:03,508 - INFO - [SENSOR] Distance: 95 cm
2025-05-30 13:45:03,540 - INFO - [SENSOR] Distance: 131 cm
2025-05-30 13:45:03,572 - INFO - [SENSOR] Distance: 130 cm
2025-05-30 13:45:03,608 - INFO - [SENSOR] Distance: 143 cm
2025-05-30 13:45:03,641 - INFO - [SENSOR] Distance: 101 cm
2025-05-30 13:45:03,672 - INFO - [SENSOR] Distance: 112 cm
2025-05-30 13:45:03,709 - INFO - [SENSOR] Distance: 115 cm
2025-05-30 13:45:03,740 - INFO - [SENSOR] Distance: 14 cm
2025-05-30 13:45:03,901 - INFO - [SENSOR] Distance: 114 cm
2025-05-30 13:45:03,906 - INFO - [SENSOR] Distance: 106 cm
2025-05-30 13:45:03,916 - INFO - [SENSOR] Distance: 131 cm
2025-05-30 13:45:03,919 - INFO - [SENSOR] Distance: 133 cm
2025-05-30 13:45:03,941 - INFO - [SENSOR] Distance: 67 cm
2025-05-30 13:45:03,972 - INFO - [SENSOR] Distance: 138 cm
2025-05-30 13:45:04,004 - INFO - [SENSOR] Distance: 79 cm
2025-05-30 13:45:04,040 - INFO - [SENSOR] Distance: 87 cm
2025-05-30 13:45:04,072 - INFO - [SENSOR] Distance: 132 cm
2025-05-30 13:45:04,104 - INFO - [SENSOR] Distance: 140 cm
2025-05-30 13:45:04,142 - INFO - [SENSOR] Distance: 99 cm
2025-05-30 13:45:04,175 - INFO - [SENSOR] Distance: 60 cm
2025-05-30 13:45:04,206 - INFO - [SENSOR] Distance: 112 cm
2025-05-30 13:45:04,240 - INFO - [SENSOR] Distance: 60 cm
2025-05-30 13:45:04,271 - INFO - [SENSOR] Distance: 101 cm
2025-05-30 13:45:04,303 - INFO - [SENSOR] Distance: 81 cm
2025-05-30 13:45:04,335 - INFO - [SENSOR] Distance: 148 cm
2025-05-30 13:45:04,371 - INFO - [SENSOR] Distance: 136 cm
2025-05-30 13:45:04,403 - INFO - [SENSOR] Distance: 88 cm
2025-05-30 13:45:04,435 - INFO - [SENSOR] Distance: 126 cm
2025-05-30 13:45:04,471 - INFO - [SENSOR] Distance: 117 cm
2025-05-30 13:45:04,503 - INFO - [SENSOR] Distance: 20 cm
2025-05-30 13:45:04,652 - INFO - [SENSOR] Distance: 70 cm
2025-05-30 13:45:04,660 - INFO - [SENSOR] Distance: 143 cm
2025-05-30 13:45:04,665 - INFO - [SENSOR] Distance: 99 cm
2025-05-30 13:45:04,669 - INFO - [SENSOR] Distance: 79 cm
2025-05-30 13:45:04,704 - INFO - [SENSOR] Distance: 104 cm
2025-05-30 13:45:04,736 - INFO - [SENSOR] Distance: 74 cm
2025-05-30 13:45:04,772 - INFO - [SENSOR] Distance: 77 cm
2025-05-30 13:45:04,803 - INFO - [SENSOR] Distance: 110 cm
2025-05-30 13:45:04,836 - INFO - [SENSOR] Distance: 86 cm
2025-05-30 13:45:04,872 - INFO - [SENSOR] Distance: 101 cm
2025-05-30 13:45:04,903 - INFO - [SENSOR] Distance: 91 cm
2025-05-30 13:45:04,935 - INFO - [SENSOR] Distance: 83 cm
2025-05-30 13:45:04,967 - INFO - [SENSOR] Distance: 123 cm
2025-05-30 13:45:05,004 - INFO - [SENSOR] Distance: 67 cm
2025-05-30 13:45:05,036 - INFO - [SENSOR] Distance: 97 cm
2025-05-30 13:45:05,067 - INFO - [SENSOR] Distance: 81 cm
2025-05-30 13:45:05,103 - INFO - [SENSOR] Distance: 91 cm
2025-05-30 13:45:05,136 - INFO - [SENSOR] Distance: 116 cm
2025-05-30 13:45:05,167 - INFO - [SENSOR] Distance: 131 cm
2025-05-30 13:45:05,203 - INFO - [SENSOR] Distance: 91 cm
2025-05-30 13:45:05,235 - INFO - [SENSOR] Distance: 100 cm
2025-05-30 13:45:05,268 - INFO - [SENSOR] Distance: 145 cm
2025-05-30 13:45:05,303 - INFO - [SENSOR] Distance: 103 cm
2025-05-30 13:45:05,335 - INFO - [SENSOR] Distance: 89 cm
2025-05-30 13:45:05,367 - INFO - [SENSOR] Distance: 88 cm
2025-05-30 13:45:05,403 - INFO - [SENSOR] Distance: 110 cm
2025-05-30 13:45:05,435 - INFO - [SENSOR] Distance: 83 cm
2025-05-30 13:45:05,467 - INFO - [SENSOR] Distance: 112 cm
2025-05-30 13:45:05,499 - INFO - [SENSOR] Distance: 72 cm
2025-05-30 13:45:05,535 - INFO - [SENSOR] Distance: 91 cm
2025-05-30 13:45:05,567 - INFO - [SENSOR] Distance: 62 cm
2025-05-30 13:45:05,600 - INFO - [SENSOR] Distance: 135 cm
2025-05-30 13:45:05,636 - INFO - [SENSOR] Distance: 17 cm
2025-05-30 13:45:05,789 - INFO - [SENSOR] Distance: 75 cm
2025-05-30 13:45:05,799 - INFO - [SENSOR] Distance: 147 cm
2025-05-30 13:45:05,805 - INFO - [SENSOR] Distance: 35 cm
2025-05-30 13:45:05,887 - INFO - [SENSOR] Distance: 74 cm
2025-05-30 13:45:05,892 - INFO - [SENSOR] Distance: 34 cm
2025-05-30 13:45:05,980 - INFO - [SENSOR] Distance: 105 cm
2025-05-30 13:45:05,985 - INFO - [SENSOR] Distance: 122 cm
2025-05-30 13:45:05,990 - INFO - [SENSOR] Distance: 142 cm
2025-05-30 13:45:05,995 - INFO - [SENSOR] Distance: 133 cm
2025-05-30 13:45:06,031 - INFO - [SENSOR] Distance: 111 cm
2025-05-30 13:45:06,067 - INFO - [SENSOR] Distance: 109 cm
2025-05-30 13:45:06,099 - INFO - [SENSOR] Distance: 114 cm
2025-05-30 13:45:06,131 - INFO - [SENSOR] Distance: 135 cm
2025-05-30 13:45:06,167 - INFO - [SENSOR] Distance: 140 cm
2025-05-30 13:45:06,199 - INFO - [SENSOR] Distance: 99 cm
2025-05-30 13:45:06,231 - INFO - [SENSOR] Distance: 84 cm
2025-05-30 13:45:06,267 - INFO - [SENSOR] Distance: 25 cm
2025-05-30 13:45:06,370 - INFO - [SENSOR] Distance: 75 cm
2025-05-30 13:45:06,374 - INFO - [SENSOR] Distance: 61 cm
2025-05-30 13:45:06,383 - INFO - [SENSOR] Distance: 132 cm
2025-05-30 13:45:06,399 - INFO - [SENSOR] Distance: 86 cm
2025-05-30 13:45:06,431 - INFO - [SENSOR] Distance: 150 cm
2025-05-30 13:45:06,467 - INFO - [SENSOR] Distance: 64 cm
2025-05-30 13:45:06,499 - INFO - [SENSOR] Distance: 27 cm
2025-05-30 13:45:06,612 - INFO - [SENSOR] Distance: 148 cm
2025-05-30 13:45:06,616 - INFO - [SENSOR] Distance: 142 cm
2025-05-30 13:45:06,621 - INFO - [SENSOR] Distance: 122 cm
2025-05-30 13:45:06,633 - INFO - [SENSOR] Distance: 131 cm
2025-05-30 13:45:06,664 - INFO - [SENSOR] Distance: 68 cm
2025-05-30 13:45:06,699 - INFO - [SENSOR] Distance: 110 cm
2025-05-30 13:45:06,731 - INFO - [SENSOR] Distance: 75 cm
2025-05-30 13:45:06,763 - INFO - [SENSOR] Distance: 63 cm
2025-05-30 13:45:06,799 - INFO - [SENSOR] Distance: 24 cm
2025-05-30 13:45:06,938 - INFO - [SENSOR] Distance: 140 cm
2025-05-30 13:45:06,944 - INFO - [SENSOR] Distance: 71 cm
2025-05-30 13:45:06,951 - INFO - [SENSOR] Distance: 129 cm
2025-05-30 13:45:06,958 - INFO - [SENSOR] Distance: 75 cm
2025-05-30 13:45:06,999 - INFO - [SENSOR] Distance: 125 cm
2025-05-30 13:45:07,031 - INFO - [SENSOR] Distance: 20 cm
2025-05-30 13:45:07,235 - INFO - [SENSOR] Distance: 64 cm
2025-05-30 13:45:07,239 - INFO - [SENSOR] Distance: 134 cm
2025-05-30 13:45:07,251 - INFO - [SENSOR] Distance: 66 cm
2025-05-30 13:45:07,256 - INFO - [SENSOR] Distance: 62 cm
2025-05-30 13:45:07,295 - INFO - [SENSOR] Distance: 108 cm
2025-05-30 13:45:07,331 - INFO - [SENSOR] Distance: 103 cm
2025-05-30 13:45:07,363 - INFO - [SENSOR] Distance: 91 cm
2025-05-30 13:45:07,395 - INFO - [SENSOR] Distance: 147 cm
2025-05-30 13:45:07,432 - INFO - [SENSOR] Distance: 70 cm
2025-05-30 13:45:07,464 - INFO - [SENSOR] Distance: 130 cm
2025-05-30 13:45:07,496 - INFO - [SENSOR] Distance: 145 cm
2025-05-30 13:45:07,532 - INFO - [SENSOR] Distance: 122 cm
2025-05-30 13:45:07,563 - INFO - [SENSOR] Distance: 116 cm
2025-05-30 13:45:07,596 - INFO - [SENSOR] Distance: 139 cm
2025-05-30 13:45:07,632 - INFO - [SENSOR] Distance: 71 cm
2025-05-30 13:45:07,663 - INFO - [SENSOR] Distance: 104 cm
2025-05-30 13:45:07,696 - INFO - [SENSOR] Distance: 29 cm
2025-05-30 13:45:07,845 - INFO - [SENSOR] Distance: 99 cm
2025-05-30 13:45:07,849 - INFO - [SENSOR] Distance: 77 cm
2025-05-30 13:45:07,854 - INFO - [SENSOR] Distance: 125 cm
2025-05-30 13:45:07,863 - INFO - [SENSOR] Distance: 15 cm
2025-05-30 13:45:07,949 - INFO - [SENSOR] Distance: 88 cm
2025-05-30 13:45:07,954 - INFO - [SENSOR] Distance: 90 cm
2025-05-30 13:45:07,963 - INFO - [SENSOR] Distance: 107 cm
2025-05-30 13:45:07,995 - INFO - [SENSOR] Distance: 75 cm
2025-05-30 13:45:08,028 - INFO - [SENSOR] Distance: 95 cm
2025-05-30 13:45:08,063 - INFO - [SENSOR] Distance: 100 cm
2025-05-30 13:45:08,095 - INFO - [SENSOR] Distance: 144 cm
2025-05-30 13:45:08,128 - INFO - [SENSOR] Distance: 148 cm
2025-05-30 13:45:08,163 - INFO - [SENSOR] Distance: 27 cm
2025-05-30 13:45:08,318 - INFO - [SENSOR] Distance: 147 cm
2025-05-30 13:45:08,324 - INFO - [SENSOR] Distance: 19 cm
2025-05-30 13:45:09,032 - INFO - [SENSOR] Distance: 139 cm
2025-05-30 13:45:09,036 - INFO - [SENSOR] Distance: 90 cm
2025-05-30 13:45:09,040 - INFO - [SENSOR] Distance: 97 cm
2025-05-30 13:45:09,045 - INFO - [SENSOR] Distance: 134 cm
2025-05-30 13:45:09,091 - INFO - [SENSOR] Distance: 67 cm
2025-05-30 13:45:09,128 - INFO - [SENSOR] Distance: 147 cm
2025-05-30 13:45:09,159 - INFO - [SENSOR] Distance: 99 cm
2025-05-30 13:45:09,192 - INFO - [SENSOR] Distance: 124 cm
2025-05-30 13:45:09,227 - INFO - [SENSOR] Distance: 111 cm
2025-05-30 13:45:09,259 - INFO - [SENSOR] Distance: 139 cm
2025-05-30 13:45:09,291 - INFO - [SENSOR] Distance: 60 cm
2025-05-30 13:45:09,327 - INFO - [SENSOR] Distance: 108 cm
2025-05-30 13:45:09,359 - INFO - [SENSOR] Distance: 94 cm
2025-05-30 13:45:09,391 - INFO - [SENSOR] Distance: 94 cm
2025-05-30 13:45:09,427 - INFO - [SENSOR] Distance: 66 cm
2025-05-30 13:45:09,459 - INFO - [SENSOR] Distance: 24 cm
2025-05-30 13:45:10,211 - INFO - [SENSOR] Distance: 109 cm
2025-05-30 13:45:10,216 - INFO - [SENSOR] Distance: 120 cm
2025-05-30 13:45:10,220 - INFO - [SENSOR] Distance: 143 cm
2025-05-30 13:45:10,226 - INFO - [SENSOR] Distance: 77 cm
2025-05-30 13:45:10,257 - INFO - [SENSOR] Distance: 92 cm
2025-05-30 13:45:10,292 - INFO - [SENSOR] Distance: 125 cm
2025-05-30 13:45:10,325 - INFO - [SENSOR] Distance: 143 cm
2025-05-30 13:45:10,357 - INFO - [SENSOR] Distance: 108 cm
2025-05-30 13:45:10,391 - INFO - [SENSOR] Distance: 122 cm
2025-05-30 13:45:10,424 - INFO - [SENSOR] Distance: 139 cm
2025-05-30 13:45:10,459 - INFO - [SENSOR] Distance: 97 cm
2025-05-30 13:45:10,493 - INFO - [SENSOR] Distance: 149 cm
2025-05-30 13:45:10,525 - INFO - [SENSOR] Distance: 118 cm
2025-05-30 13:45:10,557 - INFO - [SENSOR] Distance: 100 cm
2025-05-30 13:45:10,588 - INFO - [SENSOR] Distance: 101 cm
2025-05-30 13:45:10,625 - INFO - [SENSOR] Distance: 85 cm
2025-05-30 13:45:10,656 - INFO - [SENSOR] Distance: 97 cm
2025-05-30 13:45:10,688 - INFO - [SENSOR] Distance: 101 cm
2025-05-30 13:45:10,724 - INFO - [SENSOR] Distance: 99 cm
2025-05-30 13:45:10,757 - INFO - [SENSOR] Distance: 116 cm
2025-05-30 13:45:10,788 - INFO - [SENSOR] Distance: 78 cm
2025-05-30 13:45:10,824 - INFO - [SENSOR] Distance: 114 cm
2025-05-30 13:45:10,857 - INFO - [SENSOR] Distance: 119 cm
2025-05-30 13:45:10,888 - INFO - [SENSOR] Distance: 120 cm
2025-05-30 13:45:10,925 - INFO - [SENSOR] Distance: 110 cm
2025-05-30 13:45:10,957 - INFO - [SENSOR] Distance: 105 cm
2025-05-30 13:45:10,988 - INFO - [SENSOR] Distance: 90 cm
2025-05-30 13:45:11,025 - INFO - [SENSOR] Distance: 146 cm
2025-05-30 13:45:11,057 - INFO - [SENSOR] Distance: 26 cm
2025-05-30 13:45:11,802 - INFO - [SENSOR] Distance: 135 cm
2025-05-30 13:45:11,808 - INFO - [SENSOR] Distance: 144 cm
2025-05-30 13:45:11,813 - INFO - [SENSOR] Distance: 89 cm
2025-05-30 13:45:11,817 - INFO - [SENSOR] Distance: 125 cm
2025-05-30 13:45:11,851 - INFO - [SENSOR] Distance: 61 cm
2025-05-30 13:45:11,887 - INFO - [SENSOR] Distance: 125 cm
2025-05-30 13:45:11,919 - INFO - [SENSOR] Distance: 134 cm
2025-05-30 13:45:11,951 - INFO - [SENSOR] Distance: 93 cm
2025-05-30 13:45:11,988 - INFO - [SENSOR] Distance: 82 cm
2025-05-30 13:45:12,019 - INFO - [SENSOR] Distance: 147 cm
2025-05-30 13:45:12,051 - INFO - [SENSOR] Distance: 68 cm
2025-05-30 13:45:12,087 - INFO - [SENSOR] Distance: 76 cm
2025-05-30 13:45:12,119 - INFO - [SENSOR] Distance: 150 cm
2025-05-30 13:45:12,151 - INFO - [SENSOR] Distance: 102 cm
2025-05-30 13:45:12,188 - INFO - [SENSOR] Distance: 113 cm
2025-05-30 13:45:12,219 - INFO - [SENSOR] Distance: 24 cm
2025-05-30 13:45:12,332 - INFO - [SENSOR] Distance: 81 cm
2025-05-30 13:45:12,337 - INFO - [SENSOR] Distance: 90 cm
2025-05-30 13:45:12,345 - INFO - [SENSOR] Distance: 118 cm
2025-05-30 13:45:12,351 - INFO - [SENSOR] Distance: 90 cm
2025-05-30 13:45:12,383 - INFO - [SENSOR] Distance: 93 cm
2025-05-30 13:45:12,419 - INFO - [SENSOR] Distance: 115 cm
2025-05-30 13:45:12,451 - INFO - [SENSOR] Distance: 84 cm
2025-05-30 13:45:12,483 - INFO - [SENSOR] Distance: 148 cm
2025-05-30 13:45:12,519 - INFO - [SENSOR] Distance: 143 cm
2025-05-30 13:45:12,551 - INFO - [SENSOR] Distance: 22 cm
2025-05-30 13:45:13,443 - INFO - [SENSOR] Distance: 118 cm
2025-05-30 13:45:13,448 - INFO - [SENSOR] Distance: 61 cm
2025-05-30 13:45:13,452 - INFO - [SENSOR] Distance: 141 cm
2025-05-30 13:45:13,457 - INFO - [SENSOR] Distance: 60 cm
2025-05-30 13:45:13,486 - INFO - [SENSOR] Distance: 133 cm
2025-05-30 13:45:13,515 - INFO - [SENSOR] Distance: 88 cm
2025-05-30 13:45:13,547 - INFO - [SENSOR] Distance: 106 cm
2025-05-30 13:45:13,583 - INFO - [SENSOR] Distance: 119 cm
2025-05-30 13:45:13,615 - INFO - [SENSOR] Distance: 124 cm
2025-05-30 13:45:13,647 - INFO - [SENSOR] Distance: 93 cm
2025-05-30 13:45:13,683 - INFO - [SENSOR] Distance: 105 cm
2025-05-30 13:45:13,715 - INFO - [SENSOR] Distance: 131 cm
2025-05-30 13:45:13,747 - INFO - [SENSOR] Distance: 75 cm
2025-05-30 13:45:13,783 - INFO - [SENSOR] Distance: 81 cm
2025-05-30 13:45:13,815 - INFO - [SENSOR] Distance: 15 cm
2025-05-30 13:45:13,944 - INFO - [SENSOR] Distance: 120 cm
2025-05-30 13:45:13,948 - INFO - [SENSOR] Distance: 21 cm
2025-05-30 13:45:14,644 - INFO - [SENSOR] Distance: 133 cm
2025-05-30 13:45:14,649 - INFO - [SENSOR] Distance: 118 cm
2025-05-30 13:45:14,654 - INFO - [SENSOR] Distance: 130 cm
2025-05-30 13:45:14,659 - INFO - [SENSOR] Distance: 143 cm
2025-05-30 13:45:14,679 - INFO - [SENSOR] Distance: 18 cm
2025-05-30 13:45:14,833 - INFO - [SENSOR] Distance: 136 cm
2025-05-30 13:45:14,837 - INFO - [SENSOR] Distance: 65 cm
2025-05-30 13:45:14,844 - INFO - [SENSOR] Distance: 83 cm
2025-05-30 13:45:14,848 - INFO - [SENSOR] Distance: 116 cm
2025-05-30 13:45:14,879 - INFO - [SENSOR] Distance: 62 cm
2025-05-30 13:45:14,911 - INFO - [SENSOR] Distance: 114 cm
2025-05-30 13:45:14,947 - INFO - [SENSOR] Distance: 37 cm
2025-05-30 13:45:15,097 - INFO - [SENSOR] Distance: 127 cm
2025-05-30 13:45:15,101 - INFO - [SENSOR] Distance: 97 cm
2025-05-30 13:45:15,107 - INFO - [SENSOR] Distance: 83 cm
2025-05-30 13:45:15,112 - INFO - [SENSOR] Distance: 35 cm
2025-05-30 13:45:15,204 - INFO - [SENSOR] Distance: 82 cm
2025-05-30 13:45:15,214 - INFO - [SENSOR] Distance: 131 cm
2025-05-30 13:45:15,219 - INFO - [SENSOR] Distance: 89 cm
2025-05-30 13:45:15,244 - INFO - [SENSOR] Distance: 63 cm
2025-05-30 13:45:15,279 - INFO - [SENSOR] Distance: 20 cm
2025-05-30 13:45:15,383 - INFO - [SENSOR] Distance: 118 cm
2025-05-30 13:45:15,387 - INFO - [SENSOR] Distance: 64 cm
2025-05-30 13:45:15,394 - INFO - [SENSOR] Distance: 111 cm
2025-05-30 13:45:15,411 - INFO - [SENSOR] Distance: 89 cm
2025-05-30 13:45:15,444 - INFO - [SENSOR] Distance: 122 cm
2025-05-30 13:45:15,479 - INFO - [SENSOR] Distance: 98 cm
2025-05-30 13:45:15,511 - INFO - [SENSOR] Distance: 79 cm
2025-05-30 13:45:15,544 - INFO - [SENSOR] Distance: 139 cm
2025-05-30 13:45:15,579 - INFO - [SENSOR] Distance: 107 cm
2025-05-30 13:45:15,611 - INFO - [SENSOR] Distance: 98 cm
2025-05-30 13:45:15,644 - INFO - [SENSOR] Distance: 91 cm
2025-05-30 13:45:15,676 - INFO - [SENSOR] Distance: 117 cm
2025-05-30 13:45:15,711 - INFO - [SENSOR] Distance: 122 cm
2025-05-30 13:45:15,743 - INFO - [SENSOR] Distance: 150 cm
2025-05-30 13:45:15,776 - INFO - [SENSOR] Distance: 72 cm
2025-05-30 13:45:15,811 - INFO - [SENSOR] Distance: 94 cm
2025-05-30 13:45:15,844 - INFO - [SENSOR] Distance: 90 cm
2025-05-30 13:45:15,876 - INFO - [SENSOR] Distance: 94 cm
2025-05-30 13:45:15,911 - INFO - [SENSOR] Distance: 60 cm
2025-05-30 13:45:15,944 - INFO - [SENSOR] Distance: 111 cm
2025-05-30 13:45:15,976 - INFO - [SENSOR] Distance: 91 cm
2025-05-30 13:45:16,011 - INFO - [SENSOR] Distance: 60 cm
2025-05-30 13:45:16,044 - INFO - [SENSOR] Distance: 76 cm
2025-05-30 13:45:16,076 - INFO - [SENSOR] Distance: 90 cm
2025-05-30 13:45:16,111 - INFO - [SENSOR] Distance: 129 cm
2025-05-30 13:45:16,144 - INFO - [SENSOR] Distance: 71 cm
2025-05-30 13:45:16,177 - INFO - [SENSOR] Distance: 129 cm
2025-05-30 13:45:16,211 - INFO - [SENSOR] Distance: 92 cm
2025-05-30 13:45:16,243 - INFO - [SENSOR] Distance: 101 cm
2025-05-30 13:45:16,276 - INFO - [SENSOR] Distance: 105 cm
2025-05-30 13:45:16,308 - INFO - [SENSOR] Distance: 108 cm
2025-05-30 13:45:16,344 - INFO - [SENSOR] Distance: 97 cm
2025-05-30 13:45:16,377 - INFO - [SENSOR] Distance: 75 cm
2025-05-30 13:45:16,407 - INFO - [SENSOR] Distance: 105 cm
2025-05-30 13:45:16,443 - INFO - [SENSOR] Distance: 70 cm
2025-05-30 13:45:16,476 - INFO - [SENSOR] Distance: 129 cm
2025-05-30 13:45:16,508 - INFO - [SENSOR] Distance: 119 cm
2025-05-30 13:45:16,544 - INFO - [SENSOR] Distance: 40 cm
2025-05-30 13:45:17,293 - INFO - [SENSOR] Distance: 76 cm
2025-05-30 13:45:17,297 - INFO - [SENSOR] Distance: 111 cm
2025-05-30 13:45:17,302 - INFO - [SENSOR] Distance: 128 cm
2025-05-30 13:45:17,306 - INFO - [SENSOR] Distance: 74 cm
2025-05-30 13:45:17,340 - INFO - [SENSOR] Distance: 94 cm
2025-05-30 13:45:17,373 - INFO - [SENSOR] Distance: 120 cm
2025-05-30 13:45:17,407 - INFO - [SENSOR] Distance: 73 cm
2025-05-30 13:45:17,440 - INFO - [SENSOR] Distance: 129 cm
2025-05-30 13:45:17,472 - INFO - [SENSOR] Distance: 60 cm
2025-05-30 13:45:17,508 - INFO - [SENSOR] Distance: 150 cm
2025-05-30 13:45:17,540 - INFO - [SENSOR] Distance: 78 cm
2025-05-30 13:45:17,573 - INFO - [SENSOR] Distance: 110 cm
2025-05-30 13:45:17,607 - INFO - [SENSOR] Distance: 113 cm
2025-05-30 13:45:17,640 - INFO - [SENSOR] Distance: 101 cm
2025-05-30 13:45:17,673 - INFO - [SENSOR] Distance: 36 cm
2025-05-30 13:45:17,823 - INFO - [SENSOR] Distance: 11 cm
2025-05-30 13:45:18,106 - INFO - [VALID] Plate detected: RAH972U
2025-05-30 13:45:18,611 - INFO - [SENSOR] Distance: 97 cm
2025-05-30 13:45:18,615 - INFO - [SENSOR] Distance: 70 cm
2025-05-30 13:45:18,618 - INFO - [SENSOR] Distance: 92 cm
2025-05-30 13:45:18,624 - INFO - [SENSOR] Distance: 85 cm
2025-05-30 13:45:18,672 - INFO - [SENSOR] Distance: 22 cm
2025-05-30 13:45:18,789 - INFO - [SENSOR] Distance: 125 cm
2025-05-30 13:45:18,793 - INFO - [SENSOR] Distance: 18 cm
2025-05-30 13:45:18,888 - INFO - [SENSOR] Distance: 28 cm
2025-05-30 13:45:18,965 - INFO - [SENSOR] Distance: 131 cm
2025-05-30 13:45:18,968 - INFO - [SENSOR] Distance: 144 cm
2025-05-30 13:45:18,974 - INFO - [SENSOR] Distance: 112 cm
2025-05-30 13:45:18,979 - INFO - [SENSOR] Distance: 124 cm
2025-05-30 13:45:19,003 - INFO - [SENSOR] Distance: 112 cm
2025-05-30 13:45:19,035 - INFO - [SENSOR] Distance: 103 cm
2025-05-30 13:45:19,067 - INFO - [SENSOR] Distance: 103 cm
2025-05-30 13:45:19,104 - INFO - [SENSOR] Distance: 96 cm
2025-05-30 13:45:19,135 - INFO - [SENSOR] Distance: 80 cm
2025-05-30 13:45:19,167 - INFO - [SENSOR] Distance: 125 cm
2025-05-30 13:45:19,204 - INFO - [SENSOR] Distance: 66 cm
2025-05-30 13:45:19,235 - INFO - [SENSOR] Distance: 150 cm
2025-05-30 13:45:19,267 - INFO - [SENSOR] Distance: 39 cm
2025-05-30 13:45:19,421 - INFO - [SENSOR] Distance: 83 cm
2025-05-30 13:45:19,429 - INFO - [SENSOR] Distance: 102 cm
2025-05-30 13:45:19,439 - INFO - [SENSOR] Distance: 116 cm
2025-05-30 13:45:19,442 - INFO - [SENSOR] Distance: 113 cm
2025-05-30 13:45:19,467 - INFO - [SENSOR] Distance: 115 cm
2025-05-30 13:45:19,504 - INFO - [SENSOR] Distance: 140 cm
2025-05-30 13:45:19,535 - INFO - [SENSOR] Distance: 105 cm
2025-05-30 13:45:19,567 - INFO - [SENSOR] Distance: 80 cm
2025-05-30 13:45:19,604 - INFO - [SENSOR] Distance: 64 cm
2025-05-30 13:45:19,635 - INFO - [SENSOR] Distance: 71 cm
2025-05-30 13:45:19,667 - INFO - [SENSOR] Distance: 76 cm
2025-05-30 13:45:19,699 - INFO - [SENSOR] Distance: 66 cm
2025-05-30 13:45:19,735 - INFO - [SENSOR] Distance: 107 cm
2025-05-30 13:45:19,767 - INFO - [SENSOR] Distance: 35 cm
2025-05-30 13:45:19,919 - INFO - [SENSOR] Distance: 113 cm
2025-05-30 13:45:19,925 - INFO - [SENSOR] Distance: 88 cm
2025-05-30 13:45:19,931 - INFO - [SENSOR] Distance: 132 cm
2025-05-30 13:45:19,936 - INFO - [SENSOR] Distance: 139 cm
2025-05-30 13:45:19,967 - INFO - [SENSOR] Distance: 136 cm
2025-05-30 13:45:19,999 - INFO - [SENSOR] Distance: 35 cm
2025-05-30 13:45:20,116 - INFO - [SENSOR] Distance: 116 cm
2025-05-30 13:45:20,120 - INFO - [SENSOR] Distance: 63 cm
2025-05-30 13:45:20,125 - INFO - [SENSOR] Distance: 80 cm
2025-05-30 13:45:20,135 - INFO - [SENSOR] Distance: 112 cm
2025-05-30 13:45:20,167 - INFO - [SENSOR] Distance: 118 cm
2025-05-30 13:45:20,199 - INFO - [SENSOR] Distance: 99 cm
2025-05-30 13:45:20,231 - INFO - [SENSOR] Distance: 96 cm
2025-05-30 13:45:20,267 - INFO - [SENSOR] Distance: 113 cm
2025-05-30 13:45:20,299 - INFO - [SENSOR] Distance: 107 cm
2025-05-30 13:45:20,331 - INFO - [SENSOR] Distance: 61 cm
2025-05-30 13:45:20,367 - INFO - [SENSOR] Distance: 70 cm
2025-05-30 13:45:20,399 - INFO - [SENSOR] Distance: 145 cm
2025-05-30 13:45:20,431 - INFO - [SENSOR] Distance: 103 cm
2025-05-30 13:45:20,467 - INFO - [SENSOR] Distance: 97 cm
2025-05-30 13:45:20,499 - INFO - [SENSOR] Distance: 115 cm
2025-05-30 13:45:20,531 - INFO - [SENSOR] Distance: 64 cm
2025-05-30 13:45:20,567 - INFO - [SENSOR] Distance: 110 cm
2025-05-30 13:45:20,599 - INFO - [SENSOR] Distance: 98 cm
2025-05-30 13:45:20,631 - INFO - [SENSOR] Distance: 91 cm
2025-05-30 13:45:20,667 - INFO - [SENSOR] Distance: 118 cm
2025-05-30 13:45:20,699 - INFO - [SENSOR] Distance: 150 cm
2025-05-30 13:45:20,731 - INFO - [SENSOR] Distance: 98 cm
2025-05-30 13:45:20,763 - INFO - [SENSOR] Distance: 85 cm
2025-05-30 13:45:20,799 - INFO - [SENSOR] Distance: 121 cm
2025-05-30 13:45:20,831 - INFO - [SENSOR] Distance: 113 cm
2025-05-30 13:45:20,863 - INFO - [SENSOR] Distance: 89 cm
2025-05-30 13:45:20,899 - INFO - [SENSOR] Distance: 150 cm
2025-05-30 13:45:20,931 - INFO - [SENSOR] Distance: 142 cm
2025-05-30 13:45:20,963 - INFO - [SENSOR] Distance: 103 cm
2025-05-30 13:45:20,999 - INFO - [SENSOR] Distance: 135 cm
2025-05-30 13:45:21,031 - INFO - [SENSOR] Distance: 96 cm
2025-05-30 13:45:21,063 - INFO - [SENSOR] Distance: 83 cm
2025-05-30 13:45:21,099 - INFO - [SENSOR] Distance: 65 cm
2025-05-30 13:45:21,131 - INFO - [SENSOR] Distance: 112 cm
2025-05-30 13:45:21,163 - INFO - [SENSOR] Distance: 103 cm
2025-05-30 13:45:21,199 - INFO - [SENSOR] Distance: 133 cm
2025-05-30 13:45:21,231 - INFO - [SENSOR] Distance: 81 cm
2025-05-30 13:45:21,263 - INFO - [SENSOR] Distance: 143 cm
2025-05-30 13:45:21,299 - INFO - [SENSOR] Distance: 105 cm
2025-05-30 13:45:21,331 - INFO - [SENSOR] Distance: 78 cm
2025-05-30 13:45:21,363 - INFO - [SENSOR] Distance: 62 cm
2025-05-30 13:45:21,396 - INFO - [SENSOR] Distance: 69 cm
2025-05-30 13:45:21,431 - INFO - [SENSOR] Distance: 77 cm
2025-05-30 13:45:21,463 - INFO - [SENSOR] Distance: 126 cm
2025-05-30 13:45:21,495 - INFO - [SENSOR] Distance: 150 cm
2025-05-30 13:45:21,531 - INFO - [SENSOR] Distance: 107 cm
2025-05-30 13:45:21,563 - INFO - [SENSOR] Distance: 69 cm
2025-05-30 13:45:21,595 - INFO - [SENSOR] Distance: 117 cm
2025-05-30 13:45:21,631 - INFO - [SENSOR] Distance: 14 cm
2025-05-30 13:45:21,874 - INFO - [SENSOR] Distance: 87 cm
2025-05-30 13:45:21,880 - INFO - [SENSOR] Distance: 144 cm
2025-05-30 13:45:21,885 - INFO - [SENSOR] Distance: 131 cm
2025-05-30 13:45:21,893 - INFO - [SENSOR] Distance: 80 cm
2025-05-30 13:45:21,927 - INFO - [SENSOR] Distance: 73 cm
2025-05-30 13:45:21,963 - INFO - [SENSOR] Distance: 72 cm
2025-05-30 13:45:21,995 - INFO - [SENSOR] Distance: 64 cm
2025-05-30 13:45:22,028 - INFO - [SENSOR] Distance: 137 cm
2025-05-30 13:45:22,063 - INFO - [SENSOR] Distance: 93 cm
2025-05-30 13:45:22,095 - INFO - [SENSOR] Distance: 61 cm
2025-05-30 13:45:22,129 - INFO - [SENSOR] Distance: 19 cm
2025-05-30 13:45:22,223 - INFO - [SENSOR] Distance: 90 cm
2025-05-30 13:45:22,227 - INFO - [SENSOR] Distance: 65 cm
2025-05-30 13:45:22,233 - INFO - [SENSOR] Distance: 68 cm
2025-05-30 13:45:22,263 - INFO - [SENSOR] Distance: 89 cm
2025-05-30 13:45:22,295 - INFO - [SENSOR] Distance: 90 cm
2025-05-30 13:45:22,328 - INFO - [SENSOR] Distance: 101 cm
2025-05-30 13:45:22,363 - INFO - [SENSOR] Distance: 68 cm
2025-05-30 13:45:22,395 - INFO - [SENSOR] Distance: 81 cm
2025-05-30 13:45:22,427 - INFO - [SENSOR] Distance: 131 cm
2025-05-30 13:45:22,460 - INFO - [SENSOR] Distance: 82 cm
2025-05-30 13:45:22,495 - INFO - [SENSOR] Distance: 146 cm
2025-05-30 13:45:22,528 - INFO - [SENSOR] Distance: 149 cm
2025-05-30 13:45:22,560 - INFO - [SENSOR] Distance: 65 cm
2025-05-30 13:45:22,595 - INFO - [SENSOR] Distance: 90 cm
2025-05-30 13:45:22,628 - INFO - [SENSOR] Distance: 14 cm
2025-05-30 13:45:22,764 - INFO - [SENSOR] Distance: 98 cm
2025-05-30 13:45:22,767 - INFO - [SENSOR] Distance: 134 cm
2025-05-30 13:45:22,773 - INFO - [SENSOR] Distance: 64 cm
2025-05-30 13:45:22,778 - INFO - [SENSOR] Distance: 96 cm
2025-05-30 13:45:22,827 - INFO - [SENSOR] Distance: 68 cm
2025-05-30 13:45:22,860 - INFO - [SENSOR] Distance: 115 cm
2025-05-30 13:45:22,895 - INFO - [SENSOR] Distance: 37 cm
2025-05-30 13:45:23,025 - INFO - [SENSOR] Distance: 124 cm
2025-05-30 13:45:23,029 - INFO - [SENSOR] Distance: 129 cm
2025-05-30 13:45:23,039 - INFO - [SENSOR] Distance: 30 cm
2025-05-30 13:45:23,122 - INFO - [SENSOR] Distance: 112 cm
2025-05-30 13:45:23,126 - INFO - [SENSOR] Distance: 98 cm
2025-05-30 13:45:23,131 - INFO - [SENSOR] Distance: 72 cm
2025-05-30 13:45:23,135 - INFO - [SENSOR] Distance: 140 cm
2025-05-30 13:45:23,160 - INFO - [SENSOR] Distance: 73 cm
2025-05-30 13:45:23,191 - INFO - [SENSOR] Distance: 148 cm
2025-05-30 13:45:23,228 - INFO - [SENSOR] Distance: 142 cm
2025-05-30 13:45:23,260 - INFO - [SENSOR] Distance: 113 cm
2025-05-30 13:45:23,291 - INFO - [SENSOR] Distance: 60 cm
2025-05-30 13:45:23,327 - INFO - [SENSOR] Distance: 141 cm
2025-05-30 13:45:23,360 - INFO - [SENSOR] Distance: 85 cm
2025-05-30 13:45:23,391 - INFO - [SENSOR] Distance: 125 cm
2025-05-30 13:45:23,427 - INFO - [SENSOR] Distance: 78 cm
2025-05-30 13:45:23,460 - INFO - [SENSOR] Distance: 130 cm
2025-05-30 13:45:23,492 - INFO - [SENSOR] Distance: 74 cm
2025-05-30 13:45:23,527 - INFO - [SENSOR] Distance: 136 cm
2025-05-30 13:45:23,560 - INFO - [SENSOR] Distance: 142 cm
2025-05-30 13:45:23,595 - INFO - [SENSOR] Distance: 112 cm
2025-05-30 13:45:23,623 - INFO - [SENSOR] Distance: 16 cm
2025-05-30 13:45:24,396 - INFO - [SENSOR] Distance: 147 cm
2025-05-30 13:45:24,400 - INFO - [SENSOR] Distance: 92 cm
2025-05-30 13:45:24,405 - INFO - [SENSOR] Distance: 91 cm
2025-05-30 13:45:24,411 - INFO - [SENSOR] Distance: 140 cm
2025-05-30 13:45:24,455 - INFO - [SENSOR] Distance: 69 cm
2025-05-30 13:45:24,491 - INFO - [SENSOR] Distance: 29 cm
2025-05-30 13:45:24,639 - INFO - [SENSOR] Distance: 75 cm
2025-05-30 13:45:24,644 - INFO - [SENSOR] Distance: 27 cm
2025-05-30 13:45:24,731 - INFO - [SENSOR] Distance: 125 cm
2025-05-30 13:45:24,735 - INFO - [SENSOR] Distance: 85 cm
2025-05-30 13:45:24,743 - INFO - [SENSOR] Distance: 110 cm
2025-05-30 13:45:24,747 - INFO - [SENSOR] Distance: 93 cm
2025-05-30 13:45:24,788 - INFO - [SENSOR] Distance: 68 cm
2025-05-30 13:45:24,823 - INFO - [SENSOR] Distance: 94 cm
2025-05-30 13:45:24,856 - INFO - [SENSOR] Distance: 89 cm
2025-05-30 13:45:24,889 - INFO - [SENSOR] Distance: 98 cm
2025-05-30 13:45:24,923 - INFO - [SENSOR] Distance: 108 cm
2025-05-30 13:45:24,955 - INFO - [SENSOR] Distance: 109 cm
2025-05-30 13:45:24,989 - INFO - [SENSOR] Distance: 119 cm
2025-05-30 13:45:25,023 - INFO - [SENSOR] Distance: 88 cm
2025-05-30 13:45:25,056 - INFO - [SENSOR] Distance: 149 cm
2025-05-30 13:45:25,089 - INFO - [SENSOR] Distance: 97 cm
2025-05-30 13:45:25,123 - INFO - [SENSOR] Distance: 130 cm
2025-05-30 13:45:25,156 - INFO - [SENSOR] Distance: 80 cm
2025-05-30 13:45:25,188 - INFO - [SENSOR] Distance: 78 cm
2025-05-30 13:45:25,223 - INFO - [SENSOR] Distance: 92 cm
2025-05-30 13:45:25,256 - INFO - [SENSOR] Distance: 148 cm
2025-05-30 13:45:25,289 - INFO - [SENSOR] Distance: 63 cm
2025-05-30 13:45:25,320 - INFO - [SENSOR] Distance: 64 cm
2025-05-30 13:45:25,356 - INFO - [SENSOR] Distance: 62 cm
2025-05-30 13:45:25,388 - INFO - [SENSOR] Distance: 107 cm
2025-05-30 13:45:25,420 - INFO - [SENSOR] Distance: 142 cm
2025-05-30 13:45:25,456 - INFO - [SENSOR] Distance: 106 cm
2025-05-30 13:45:25,489 - INFO - [SENSOR] Distance: 98 cm
2025-05-30 13:45:25,520 - INFO - [SENSOR] Distance: 121 cm
2025-05-30 13:45:25,556 - INFO - [SENSOR] Distance: 93 cm
2025-05-30 13:45:25,588 - INFO - [SENSOR] Distance: 62 cm
2025-05-30 13:45:25,620 - INFO - [SENSOR] Distance: 124 cm
2025-05-30 13:45:25,656 - INFO - [SENSOR] Distance: 120 cm
2025-05-30 13:45:25,688 - INFO - [SENSOR] Distance: 88 cm
2025-05-30 13:45:25,720 - INFO - [SENSOR] Distance: 112 cm
2025-05-30 13:45:25,756 - INFO - [SENSOR] Distance: 60 cm
2025-05-30 13:45:25,788 - INFO - [SENSOR] Distance: 116 cm
2025-05-30 13:45:25,819 - INFO - [SENSOR] Distance: 79 cm
2025-05-30 13:45:25,851 - INFO - [SENSOR] Distance: 117 cm
2025-05-30 13:45:25,888 - INFO - [SENSOR] Distance: 80 cm
2025-05-30 13:45:25,920 - INFO - [SENSOR] Distance: 149 cm
2025-05-30 13:45:25,951 - INFO - [SENSOR] Distance: 89 cm
2025-05-30 13:45:25,988 - INFO - [SENSOR] Distance: 100 cm
2025-05-30 13:45:26,019 - INFO - [SENSOR] Distance: 101 cm
2025-05-30 13:45:26,051 - INFO - [SENSOR] Distance: 118 cm
2025-05-30 13:45:26,087 - INFO - [SENSOR] Distance: 88 cm
2025-05-30 13:45:26,120 - INFO - [SENSOR] Distance: 132 cm
2025-05-30 13:45:26,151 - INFO - [SENSOR] Distance: 79 cm
2025-05-30 13:45:26,188 - INFO - [SENSOR] Distance: 94 cm
2025-05-30 13:45:26,220 - INFO - [SENSOR] Distance: 61 cm
2025-05-30 13:45:26,251 - INFO - [SENSOR] Distance: 130 cm
2025-05-30 13:45:26,288 - INFO - [SENSOR] Distance: 103 cm
2025-05-30 13:45:26,320 - INFO - [SENSOR] Distance: 60 cm
2025-05-30 13:45:26,351 - INFO - [SENSOR] Distance: 78 cm
2025-05-30 13:45:26,388 - INFO - [SENSOR] Distance: 97 cm
2025-05-30 13:45:26,420 - INFO - [SENSOR] Distance: 15 cm
2025-05-30 13:45:26,567 - INFO - [SENSOR] Distance: 138 cm
2025-05-30 13:45:26,571 - INFO - [SENSOR] Distance: 109 cm
2025-05-30 13:45:26,575 - INFO - [SENSOR] Distance: 68 cm
2025-05-30 13:45:26,579 - INFO - [SENSOR] Distance: 130 cm
2025-05-30 13:45:26,620 - INFO - [SENSOR] Distance: 97 cm
2025-05-30 13:45:26,651 - INFO - [SENSOR] Distance: 75 cm
2025-05-30 13:45:26,683 - INFO - [SENSOR] Distance: 136 cm
2025-05-30 13:45:26,720 - INFO - [SENSOR] Distance: 120 cm
2025-05-30 13:45:26,751 - INFO - [SENSOR] Distance: 37 cm
2025-05-30 13:45:26,901 - INFO - [SENSOR] Distance: 69 cm
2025-05-30 13:45:26,905 - INFO - [SENSOR] Distance: 101 cm
2025-05-30 13:45:26,910 - INFO - [SENSOR] Distance: 75 cm
2025-05-30 13:45:26,914 - INFO - [SENSOR] Distance: 74 cm
2025-05-30 13:45:26,951 - INFO - [SENSOR] Distance: 138 cm
2025-05-30 13:45:26,983 - INFO - [SENSOR] Distance: 111 cm
2025-05-30 13:45:27,015 - INFO - [SENSOR] Distance: 110 cm
2025-05-30 13:45:27,051 - INFO - [SENSOR] Distance: 135 cm
2025-05-30 13:45:27,083 - INFO - [SENSOR] Distance: 87 cm
2025-05-30 13:45:27,115 - INFO - [SENSOR] Distance: 23 cm
2025-05-30 13:45:27,881 - INFO - [SENSOR] Distance: 23 cm
2025-05-30 13:45:28,039 - INFO - [SENSOR] Distance: 145 cm
2025-05-30 13:45:28,043 - INFO - [SENSOR] Distance: 82 cm
2025-05-30 13:45:28,048 - INFO - [SENSOR] Distance: 76 cm
2025-05-30 13:45:28,052 - INFO - [SENSOR] Distance: 78 cm
2025-05-30 13:45:28,083 - INFO - [SENSOR] Distance: 83 cm
2025-05-30 13:45:28,115 - INFO - [SENSOR] Distance: 82 cm
2025-05-30 13:45:28,147 - INFO - [SENSOR] Distance: 116 cm
2025-05-30 13:45:28,179 - INFO - [SENSOR] Distance: 76 cm
2025-05-30 13:45:28,215 - INFO - [SENSOR] Distance: 127 cm
2025-05-30 13:45:28,247 - INFO - [SENSOR] Distance: 126 cm
2025-05-30 13:45:28,279 - INFO - [SENSOR] Distance: 121 cm
2025-05-30 13:45:28,315 - INFO - [SENSOR] Distance: 18 cm
2025-05-30 13:45:29,097 - INFO - [SENSOR] Distance: 67 cm
2025-05-30 13:45:29,101 - INFO - [SENSOR] Distance: 118 cm
2025-05-30 13:45:29,106 - INFO - [SENSOR] Distance: 138 cm
2025-05-30 13:45:29,111 - INFO - [SENSOR] Distance: 83 cm
2025-05-30 13:45:29,147 - INFO - [SENSOR] Distance: 16 cm
2025-05-30 13:45:29,930 - INFO - [SENSOR] Distance: 83 cm
2025-05-30 13:45:29,934 - INFO - [SENSOR] Distance: 71 cm
2025-05-30 13:45:29,938 - INFO - [SENSOR] Distance: 89 cm
2025-05-30 13:45:29,944 - INFO - [SENSOR] Distance: 129 cm
2025-05-30 13:45:29,976 - INFO - [SENSOR] Distance: 148 cm
2025-05-30 13:45:30,011 - INFO - [SENSOR] Distance: 74 cm
2025-05-30 13:45:30,043 - INFO - [SENSOR] Distance: 122 cm
2025-05-30 13:45:30,076 - INFO - [SENSOR] Distance: 131 cm
2025-05-30 13:45:30,111 - INFO - [SENSOR] Distance: 143 cm
2025-05-30 13:45:30,143 - INFO - [SENSOR] Distance: 147 cm
2025-05-30 13:45:30,176 - INFO - [SENSOR] Distance: 102 cm
2025-05-30 13:45:30,211 - INFO - [SENSOR] Distance: 105 cm
2025-05-30 13:45:30,243 - INFO - [SENSOR] Distance: 135 cm
2025-05-30 13:45:30,276 - INFO - [SENSOR] Distance: 89 cm
2025-05-30 13:45:30,311 - INFO - [SENSOR] Distance: 85 cm
2025-05-30 13:45:30,343 - INFO - [SENSOR] Distance: 38 cm
2025-05-30 13:45:30,509 - INFO - [SENSOR] Distance: 62 cm
2025-05-30 13:45:30,512 - INFO - [SENSOR] Distance: 105 cm
2025-05-30 13:45:30,518 - INFO - [SENSOR] Distance: 113 cm
2025-05-30 13:45:30,527 - INFO - [SENSOR] Distance: 143 cm
2025-05-30 13:45:30,543 - INFO - [SENSOR] Distance: 60 cm
2025-05-30 13:45:30,576 - INFO - [SENSOR] Distance: 64 cm
2025-05-30 13:45:30,608 - INFO - [SENSOR] Distance: 147 cm
2025-05-30 13:45:30,643 - INFO - [SENSOR] Distance: 66 cm
2025-05-30 13:45:30,676 - INFO - [SENSOR] Distance: 35 cm
2025-05-30 13:45:31,420 - INFO - [SENSOR] Distance: 97 cm
2025-05-30 13:45:31,424 - INFO - [SENSOR] Distance: 63 cm
2025-05-30 13:45:31,428 - INFO - [SENSOR] Distance: 83 cm
2025-05-30 13:45:31,434 - INFO - [SENSOR] Distance: 123 cm
2025-05-30 13:45:31,476 - INFO - [SENSOR] Distance: 66 cm
2025-05-30 13:45:31,509 - INFO - [SENSOR] Distance: 37 cm
2025-05-30 13:45:31,770 - INFO - [VALID] Plate detected: RAH972U
2025-05-30 13:45:32,277 - INFO - [SENSOR] Distance: 80 cm
2025-05-30 13:45:32,282 - INFO - [SENSOR] Distance: 85 cm
2025-05-30 13:45:32,286 - INFO - [SENSOR] Distance: 129 cm
2025-05-30 13:45:32,291 - INFO - [SENSOR] Distance: 76 cm
2025-05-30 13:45:32,340 - INFO - [SENSOR] Distance: 16 cm
2025-05-30 13:45:33,094 - INFO - [SENSOR] Distance: 125 cm
2025-05-30 13:45:33,102 - INFO - [SENSOR] Distance: 91 cm
2025-05-30 13:45:33,109 - INFO - [SENSOR] Distance: 106 cm
2025-05-30 13:45:33,121 - INFO - [SENSOR] Distance: 82 cm
2025-05-30 13:45:33,136 - INFO - [SENSOR] Distance: 108 cm
2025-05-30 13:45:33,173 - INFO - [SENSOR] Distance: 113 cm
2025-05-30 13:45:33,205 - INFO - [SENSOR] Distance: 60 cm
2025-05-30 13:45:33,238 - INFO - [SENSOR] Distance: 121 cm
2025-05-30 13:45:33,267 - INFO - [SENSOR] Distance: 86 cm
2025-05-30 13:45:33,304 - INFO - [SENSOR] Distance: 73 cm
2025-05-30 13:45:33,336 - INFO - [SENSOR] Distance: 109 cm
2025-05-30 13:45:33,367 - INFO - [SENSOR] Distance: 114 cm
2025-05-30 13:45:33,404 - INFO - [SENSOR] Distance: 91 cm
2025-05-30 13:45:33,437 - INFO - [SENSOR] Distance: 129 cm
2025-05-30 13:45:33,467 - INFO - [SENSOR] Distance: 83 cm
2025-05-30 13:45:33,504 - INFO - [SENSOR] Distance: 115 cm
2025-05-30 13:45:33,535 - INFO - [SENSOR] Distance: 81 cm
2025-05-30 13:45:33,567 - INFO - [SENSOR] Distance: 104 cm
2025-05-30 13:45:33,604 - INFO - [SENSOR] Distance: 118 cm
2025-05-30 13:45:33,636 - INFO - [SENSOR] Distance: 83 cm
2025-05-30 13:45:33,667 - INFO - [SENSOR] Distance: 22 cm
2025-05-30 13:45:34,541 - INFO - [SENSOR] Distance: 90 cm
2025-05-30 13:45:34,546 - INFO - [SENSOR] Distance: 115 cm
2025-05-30 13:45:34,550 - INFO - [SENSOR] Distance: 98 cm
2025-05-30 13:45:34,556 - INFO - [SENSOR] Distance: 120 cm
2025-05-30 13:45:34,599 - INFO - [SENSOR] Distance: 125 cm
2025-05-30 13:45:34,631 - INFO - [SENSOR] Distance: 77 cm
2025-05-30 13:45:34,667 - INFO - [SENSOR] Distance: 120 cm
2025-05-30 13:45:34,699 - INFO - [SENSOR] Distance: 73 cm
2025-05-30 13:45:34,731 - INFO - [SENSOR] Distance: 83 cm
2025-05-30 13:45:34,767 - INFO - [SENSOR] Distance: 87 cm
2025-05-30 13:45:34,799 - INFO - [SENSOR] Distance: 142 cm
2025-05-30 13:45:34,831 - INFO - [SENSOR] Distance: 130 cm
2025-05-30 13:45:34,868 - INFO - [SENSOR] Distance: 105 cm
2025-05-30 13:45:34,899 - INFO - [SENSOR] Distance: 63 cm
2025-05-30 13:45:34,931 - INFO - [SENSOR] Distance: 64 cm
2025-05-30 13:45:34,963 - INFO - [SENSOR] Distance: 147 cm
2025-05-30 13:45:34,999 - INFO - [SENSOR] Distance: 137 cm
2025-05-30 13:45:35,031 - INFO - [SENSOR] Distance: 137 cm
2025-05-30 13:45:35,063 - INFO - [SENSOR] Distance: 133 cm
2025-05-30 13:45:35,099 - INFO - [SENSOR] Distance: 97 cm
2025-05-30 13:45:35,131 - INFO - [SENSOR] Distance: 80 cm
2025-05-30 13:45:35,163 - INFO - [SENSOR] Distance: 72 cm
2025-05-30 13:45:35,199 - INFO - [SENSOR] Distance: 95 cm
2025-05-30 13:45:35,231 - INFO - [SENSOR] Distance: 147 cm
2025-05-30 13:45:35,263 - INFO - [SENSOR] Distance: 128 cm
2025-05-30 13:45:35,299 - INFO - [SENSOR] Distance: 132 cm
2025-05-30 13:45:35,331 - INFO - [SENSOR] Distance: 30 cm
2025-05-30 13:45:36,105 - INFO - [SENSOR] Distance: 124 cm
2025-05-30 13:45:36,110 - INFO - [SENSOR] Distance: 141 cm
2025-05-30 13:45:36,114 - INFO - [SENSOR] Distance: 31 cm
2025-05-30 13:45:36,867 - INFO - [SENSOR] Distance: 108 cm
2025-05-30 13:45:36,871 - INFO - [SENSOR] Distance: 150 cm
2025-05-30 13:45:36,874 - INFO - [SENSOR] Distance: 79 cm
2025-05-30 13:45:36,878 - INFO - [SENSOR] Distance: 147 cm
2025-05-30 13:45:36,926 - INFO - [SENSOR] Distance: 125 cm
2025-05-30 13:45:36,958 - INFO - [SENSOR] Distance: 147 cm
2025-05-30 13:45:36,994 - INFO - [SENSOR] Distance: 83 cm
2025-05-30 13:45:37,026 - INFO - [SENSOR] Distance: 61 cm
2025-05-30 13:45:37,058 - INFO - [SENSOR] Distance: 66 cm
2025-05-30 13:45:37,095 - INFO - [SENSOR] Distance: 31 cm
2025-05-30 13:45:37,846 - INFO - [SENSOR] Distance: 149 cm
2025-05-30 13:45:37,851 - INFO - [SENSOR] Distance: 84 cm
2025-05-30 13:45:37,859 - INFO - [SENSOR] Distance: 68 cm
2025-05-30 13:45:37,865 - INFO - [SENSOR] Distance: 143 cm
2025-05-30 13:45:37,892 - INFO - [SENSOR] Distance: 105 cm
2025-05-30 13:45:37,924 - INFO - [SENSOR] Distance: 64 cm
2025-05-30 13:45:37,959 - INFO - [SENSOR] Distance: 119 cm
2025-05-30 13:45:37,991 - INFO - [SENSOR] Distance: 145 cm
2025-05-30 13:45:38,023 - INFO - [SENSOR] Distance: 99 cm
2025-05-30 13:45:38,059 - INFO - [SENSOR] Distance: 24 cm
2025-05-30 13:45:38,345 - INFO - [VALID] Plate detected: RAH972U
2025-05-30 13:45:38,345 - INFO - [PLATE] Confirmed plate: RAH972U
2025-05-30 13:45:38,356 - INFO - [PAYMENT] Payment verified for plate RAH972U
2025-05-30 13:45:38,357 - INFO - [ACCESS GRANTED] Payment complete for RAH972U
2025-05-30 13:45:38,357 - INFO - [GATE] Opening gate (sent '1')
2025-05-30 13:45:53,358 - INFO - [GATE] Closing gate (sent '0')
2025-05-30 13:45:53,863 - INFO - [SENSOR] Distance: 75 cm
2025-05-30 13:45:53,868 - INFO - [SENSOR] Distance: 26 cm
2025-05-30 13:45:54,087 - INFO - [VALID] Plate detected: RAH972U
2025-05-30 13:45:54,594 - INFO - [SENSOR] Distance: 119 cm
2025-05-30 13:45:54,599 - INFO - [SENSOR] Distance: 127 cm
2025-05-30 13:45:54,603 - INFO - [SENSOR] Distance: 131 cm
2025-05-30 13:45:54,608 - INFO - [SENSOR] Distance: 108 cm
2025-05-30 13:45:54,651 - INFO - [SENSOR] Distance: 28 cm
2025-05-30 13:45:54,787 - INFO - [SENSOR] Distance: 75 cm
2025-05-30 13:45:54,791 - INFO - [SENSOR] Distance: 84 cm
2025-05-30 13:45:54,799 - INFO - [SENSOR] Distance: 139 cm
2025-05-30 13:45:54,805 - INFO - [SENSOR] Distance: 69 cm
2025-05-30 13:45:54,851 - INFO - [SENSOR] Distance: 98 cm
2025-05-30 13:45:54,883 - INFO - [SENSOR] Distance: 144 cm
2025-05-30 13:45:54,919 - INFO - [SENSOR] Distance: 82 cm
2025-05-30 13:45:54,951 - INFO - [SENSOR] Distance: 136 cm
2025-05-30 13:45:54,984 - INFO - [SENSOR] Distance: 110 cm
2025-05-30 13:45:55,019 - INFO - [SENSOR] Distance: 84 cm
2025-05-30 13:45:55,051 - INFO - [SENSOR] Distance: 80 cm
2025-05-30 13:45:55,084 - INFO - [SENSOR] Distance: 76 cm
2025-05-30 13:45:55,118 - INFO - [SENSOR] Distance: 132 cm
2025-05-30 13:45:55,151 - INFO - [SENSOR] Distance: 127 cm
2025-05-30 13:45:55,184 - INFO - [SENSOR] Distance: 112 cm
2025-05-30 13:45:55,218 - INFO - [SENSOR] Distance: 121 cm
2025-05-30 13:45:55,251 - INFO - [SENSOR] Distance: 112 cm
2025-05-30 13:45:55,284 - INFO - [SENSOR] Distance: 143 cm
2025-05-30 13:45:55,315 - INFO - [SENSOR] Distance: 17 cm
2025-05-30 13:45:56,073 - INFO - [SENSOR] Distance: 85 cm
2025-05-30 13:45:56,077 - INFO - [SENSOR] Distance: 34 cm
2025-05-30 13:45:56,325 - INFO - [VALID] Plate detected: RAH972U
2025-05-30 13:45:56,832 - INFO - [SENSOR] Distance: 33 cm
2025-05-30 13:45:57,592 - INFO - [SENSOR] Distance: 140 cm
2025-05-30 13:45:57,596 - INFO - [SENSOR] Distance: 106 cm
2025-05-30 13:45:57,601 - INFO - [SENSOR] Distance: 93 cm
2025-05-30 13:45:57,606 - INFO - [SENSOR] Distance: 87 cm
2025-05-30 13:45:57,643 - INFO - [SENSOR] Distance: 80 cm
2025-05-30 13:45:57,679 - INFO - [SENSOR] Distance: 119 cm
2025-05-30 13:45:57,710 - INFO - [SENSOR] Distance: 93 cm
2025-05-30 13:45:57,742 - INFO - [SENSOR] Distance: 143 cm
2025-05-30 13:45:57,778 - INFO - [SENSOR] Distance: 127 cm
2025-05-30 13:45:57,811 - INFO - [SENSOR] Distance: 116 cm
2025-05-30 13:45:57,843 - INFO - [SENSOR] Distance: 131 cm
2025-05-30 13:45:57,879 - INFO - [SENSOR] Distance: 83 cm
2025-05-30 13:45:57,910 - INFO - [SENSOR] Distance: 101 cm
2025-05-30 13:45:57,942 - INFO - [SENSOR] Distance: 89 cm
2025-05-30 13:45:57,978 - INFO - [SENSOR] Distance: 140 cm
2025-05-30 13:45:58,011 - INFO - [SENSOR] Distance: 122 cm
2025-05-30 13:45:58,042 - INFO - [SENSOR] Distance: 34 cm
2025-05-30 13:45:58,788 - INFO - [SENSOR] Distance: 92 cm
2025-05-30 13:45:58,793 - INFO - [SENSOR] Distance: 87 cm
2025-05-30 13:45:58,797 - INFO - [SENSOR] Distance: 120 cm
2025-05-30 13:45:58,803 - INFO - [SENSOR] Distance: 72 cm
2025-05-30 13:45:58,842 - INFO - [SENSOR] Distance: 136 cm
2025-05-30 13:45:58,875 - INFO - [SENSOR] Distance: 91 cm
2025-05-30 13:45:58,907 - INFO - [SENSOR] Distance: 142 cm
2025-05-30 13:45:58,942 - INFO - [SENSOR] Distance: 106 cm
2025-05-30 13:45:58,974 - INFO - [SENSOR] Distance: 73 cm
2025-05-30 13:45:59,006 - INFO - [SENSOR] Distance: 138 cm
2025-05-30 13:45:59,042 - INFO - [SENSOR] Distance: 90 cm
2025-05-30 13:45:59,074 - INFO - [SENSOR] Distance: 103 cm
2025-05-30 13:45:59,106 - INFO - [SENSOR] Distance: 94 cm
2025-05-30 13:45:59,142 - INFO - [SENSOR] Distance: 76 cm
2025-05-30 13:45:59,174 - INFO - [SENSOR] Distance: 113 cm
2025-05-30 13:45:59,206 - INFO - [SENSOR] Distance: 68 cm
2025-05-30 13:45:59,239 - INFO - [SENSOR] Distance: 63 cm
2025-05-30 13:45:59,274 - INFO - [SENSOR] Distance: 25 cm
2025-05-30 13:45:59,420 - INFO - [SENSOR] Distance: 60 cm
2025-05-30 13:45:59,425 - INFO - [SENSOR] Distance: 140 cm
2025-05-30 13:45:59,430 - INFO - [SENSOR] Distance: 112 cm
2025-05-30 13:45:59,437 - INFO - [SENSOR] Distance: 67 cm
2025-05-30 13:45:59,474 - INFO - [SENSOR] Distance: 131 cm
2025-05-30 13:45:59,507 - INFO - [SENSOR] Distance: 124 cm
2025-05-30 13:45:59,539 - INFO - [SENSOR] Distance: 74 cm
2025-05-30 13:45:59,574 - INFO - [SENSOR] Distance: 86 cm
2025-05-30 13:45:59,607 - INFO - [SENSOR] Distance: 74 cm
2025-05-30 13:45:59,639 - INFO - [SENSOR] Distance: 123 cm
2025-05-30 13:45:59,675 - INFO - [SENSOR] Distance: 137 cm
2025-05-30 13:45:59,707 - INFO - [SENSOR] Distance: 139 cm
2025-05-30 13:45:59,739 - INFO - [SENSOR] Distance: 81 cm
2025-05-30 13:45:59,774 - INFO - [SENSOR] Distance: 83 cm
2025-05-30 13:45:59,807 - INFO - [SENSOR] Distance: 100 cm
2025-05-30 13:45:59,839 - INFO - [SENSOR] Distance: 131 cm
2025-05-30 13:45:59,871 - INFO - [SENSOR] Distance: 109 cm
2025-05-30 13:45:59,906 - INFO - [SENSOR] Distance: 131 cm
2025-05-30 13:45:59,940 - INFO - [SENSOR] Distance: 145 cm
2025-05-30 13:45:59,971 - INFO - [SENSOR] Distance: 104 cm
2025-05-30 13:46:00,006 - INFO - [SENSOR] Distance: 62 cm
2025-05-30 13:46:00,039 - INFO - [SENSOR] Distance: 95 cm
2025-05-30 13:46:00,072 - INFO - [SENSOR] Distance: 113 cm
2025-05-30 13:46:00,106 - INFO - [SENSOR] Distance: 82 cm
2025-05-30 13:46:00,139 - INFO - [SENSOR] Distance: 135 cm
2025-05-30 13:46:00,172 - INFO - [SENSOR] Distance: 15 cm
2025-05-30 13:46:00,934 - INFO - [SENSOR] Distance: 115 cm
2025-05-30 13:46:00,938 - INFO - [SENSOR] Distance: 106 cm
2025-05-30 13:46:00,944 - INFO - [SENSOR] Distance: 103 cm
2025-05-30 13:46:00,950 - INFO - [SENSOR] Distance: 89 cm
2025-05-30 13:46:00,973 - INFO - [SENSOR] Distance: 65 cm
2025-05-30 13:46:01,007 - INFO - [SENSOR] Distance: 78 cm
2025-05-30 13:46:01,035 - INFO - [SENSOR] Distance: 83 cm
2025-05-30 13:46:01,071 - INFO - [SENSOR] Distance: 82 cm
2025-05-30 13:46:01,103 - INFO - [SENSOR] Distance: 132 cm
2025-05-30 13:46:01,135 - INFO - [SENSOR] Distance: 78 cm
2025-05-30 13:46:01,171 - INFO - [SENSOR] Distance: 80 cm
2025-05-30 13:46:01,204 - INFO - [SENSOR] Distance: 31 cm
2025-05-30 13:46:01,972 - INFO - [SENSOR] Distance: 96 cm
2025-05-30 13:46:01,976 - INFO - [SENSOR] Distance: 61 cm
2025-05-30 13:46:01,981 - INFO - [SENSOR] Distance: 65 cm
2025-05-30 13:46:01,986 - INFO - [SENSOR] Distance: 77 cm
2025-05-30 13:46:02,035 - INFO - [SENSOR] Distance: 97 cm
2025-05-30 13:46:02,067 - INFO - [SENSOR] Distance: 120 cm
2025-05-30 13:46:02,100 - INFO - [SENSOR] Distance: 109 cm
2025-05-30 13:46:02,134 - INFO - [SENSOR] Distance: 77 cm
2025-05-30 13:46:02,168 - INFO - [SENSOR] Distance: 133 cm
2025-05-30 13:46:02,201 - INFO - [SENSOR] Distance: 137 cm
2025-05-30 13:46:02,234 - INFO - [SENSOR] Distance: 100 cm
2025-05-30 13:46:02,267 - INFO - [SENSOR] Distance: 86 cm
2025-05-30 13:46:02,300 - INFO - [SENSOR] Distance: 75 cm
2025-05-30 13:46:02,335 - INFO - [SENSOR] Distance: 105 cm
2025-05-30 13:46:02,367 - INFO - [SENSOR] Distance: 134 cm
2025-05-30 13:46:02,400 - INFO - [SENSOR] Distance: 74 cm
2025-05-30 13:46:02,434 - INFO - [SENSOR] Distance: 79 cm
2025-05-30 13:46:02,467 - INFO - [SENSOR] Distance: 145 cm
2025-05-30 13:46:02,500 - INFO - [SENSOR] Distance: 109 cm
2025-05-30 13:46:02,534 - INFO - [SENSOR] Distance: 37 cm
2025-05-30 13:46:02,777 - INFO - [VALID] Plate detected: RAH972U
2025-05-30 13:46:02,777 - INFO - [PLATE] Confirmed plate: RAH972U
2025-05-30 13:46:02,777 - INFO - [PAYMENT] Payment verified for plate RAH972U
2025-05-30 13:46:02,777 - INFO - [ACCESS GRANTED] Payment complete for RAH972U
2025-05-30 13:46:02,777 - ERROR - [GATE ERROR] Failed to control gate: write failed: [Errno 5] Input/output error
2025-05-30 13:46:03,285 - INFO - [SENSOR] Distance: 108 cm
2025-05-30 13:46:03,289 - INFO - [SENSOR] Distance: 80 cm
2025-05-30 13:46:03,294 - INFO - [SENSOR] Distance: 127 cm
2025-05-30 13:46:03,299 - INFO - [SENSOR] Distance: 75 cm
2025-05-30 13:46:03,332 - INFO - [SENSOR] Distance: 89 cm
2025-05-30 13:46:03,362 - INFO - [SENSOR] Distance: 99 cm
2025-05-30 13:46:03,400 - INFO - [SENSOR] Distance: 79 cm
2025-05-30 13:46:03,431 - INFO - [SENSOR] Distance: 76 cm
2025-05-30 13:46:03,462 - INFO - [SENSOR] Distance: 84 cm
2025-05-30 13:46:03,500 - INFO - [SENSOR] Distance: 108 cm
2025-05-30 13:46:03,532 - INFO - [SENSOR] Distance: 136 cm
2025-05-30 13:46:03,562 - INFO - [SENSOR] Distance: 70 cm
2025-05-30 13:46:03,600 - INFO - [SENSOR] Distance: 32 cm
2025-05-30 13:46:03,846 - INFO - [VALID] Plate detected: RAH972U
2025-05-30 13:46:04,354 - INFO - [SENSOR] Distance: 141 cm
2025-05-30 13:46:04,359 - INFO - [SENSOR] Distance: 139 cm
2025-05-30 13:46:04,363 - INFO - [SENSOR] Distance: 100 cm
2025-05-30 13:46:04,368 - INFO - [SENSOR] Distance: 92 cm
2025-05-30 13:46:04,395 - INFO - [SENSOR] Distance: 103 cm
2025-05-30 13:46:04,426 - INFO - [SENSOR] Distance: 137 cm
2025-05-30 13:46:04,462 - INFO - [SENSOR] Distance: 122 cm
2025-05-30 13:46:04,494 - INFO - [SENSOR] Distance: 72 cm
2025-05-30 13:46:04,526 - INFO - [SENSOR] Distance: 119 cm
2025-05-30 13:46:04,563 - INFO - [SENSOR] Distance: 141 cm
2025-05-30 13:46:04,594 - INFO - [SENSOR] Distance: 82 cm
2025-05-30 13:46:04,626 - INFO - [SENSOR] Distance: 94 cm
2025-05-30 13:46:04,663 - INFO - [SENSOR] Distance: 93 cm
2025-05-30 13:46:04,695 - INFO - [SENSOR] Distance: 25 cm
2025-05-30 13:46:05,475 - INFO - [SENSOR] Distance: 99 cm
2025-05-30 13:46:05,479 - INFO - [SENSOR] Distance: 16 cm
2025-05-30 13:46:05,717 - INFO - [VALID] Plate detected: RAH972U
2025-05-30 13:46:06,221 - INFO - [SENSOR] Distance: 83 cm
2025-05-30 13:46:06,225 - INFO - [SENSOR] Distance: 131 cm
2025-05-30 13:46:06,228 - INFO - [SENSOR] Distance: 98 cm
2025-05-30 13:46:06,232 - INFO - [SENSOR] Distance: 138 cm
2025-05-30 13:46:06,258 - INFO - [SENSOR] Distance: 144 cm
2025-05-30 13:46:06,290 - INFO - [SENSOR] Distance: 98 cm
2025-05-30 13:46:06,322 - INFO - [SENSOR] Distance: 29 cm
2025-05-30 13:46:07,054 - INFO - [SENSOR] Distance: 125 cm
2025-05-30 13:46:07,058 - INFO - [SENSOR] Distance: 120 cm
2025-05-30 13:46:07,061 - INFO - [SENSOR] Distance: 122 cm
2025-05-30 13:46:07,066 - INFO - [SENSOR] Distance: 75 cm
2025-05-30 13:46:07,090 - INFO - [SENSOR] Distance: 148 cm
2025-05-30 13:46:07,122 - INFO - [SENSOR] Distance: 75 cm
2025-05-30 13:46:07,155 - INFO - [SENSOR] Distance: 111 cm
2025-05-30 13:46:07,186 - INFO - [SENSOR] Distance: 86 cm
2025-05-30 13:46:07,222 - INFO - [SENSOR] Distance: 97 cm
2025-05-30 13:46:07,254 - INFO - [SENSOR] Distance: 148 cm
2025-05-30 13:46:07,287 - INFO - [SENSOR] Distance: 92 cm
2025-05-30 13:46:07,322 - INFO - [SENSOR] Distance: 116 cm
2025-05-30 13:46:07,354 - INFO - [SENSOR] Distance: 67 cm
2025-05-30 13:46:07,387 - INFO - [SENSOR] Distance: 99 cm
2025-05-30 13:46:07,422 - INFO - [SENSOR] Distance: 134 cm
2025-05-30 13:46:07,455 - INFO - [SENSOR] Distance: 67 cm
2025-05-30 13:46:07,487 - INFO - [SENSOR] Distance: 71 cm
2025-05-30 13:46:07,522 - INFO - [SENSOR] Distance: 63 cm
2025-05-30 13:46:07,555 - INFO - [SENSOR] Distance: 142 cm
2025-05-30 13:46:07,588 - INFO - [SENSOR] Distance: 31 cm
2025-05-30 13:46:08,337 - INFO - [SENSOR] Distance: 140 cm
2025-05-30 13:46:08,341 - INFO - [SENSOR] Distance: 131 cm
2025-05-30 13:46:08,345 - INFO - [SENSOR] Distance: 88 cm
2025-05-30 13:46:08,351 - INFO - [SENSOR] Distance: 119 cm
2025-05-30 13:46:08,387 - INFO - [SENSOR] Distance: 129 cm
2025-05-30 13:46:08,420 - INFO - [SENSOR] Distance: 143 cm
2025-05-30 13:46:08,450 - INFO - [SENSOR] Distance: 95 cm
2025-05-30 13:46:08,486 - INFO - [SENSOR] Distance: 65 cm
2025-05-30 13:46:08,519 - INFO - [SENSOR] Distance: 70 cm
2025-05-30 13:46:08,550 - INFO - [SENSOR] Distance: 89 cm
2025-05-30 13:46:08,587 - INFO - [SENSOR] Distance: 130 cm
2025-05-30 13:46:08,619 - INFO - [SENSOR] Distance: 105 cm
2025-05-30 13:46:08,651 - INFO - [SENSOR] Distance: 120 cm
2025-05-30 13:46:08,686 - INFO - [SENSOR] Distance: 126 cm
2025-05-30 13:46:08,719 - INFO - [SENSOR] Distance: 27 cm
2025-05-30 13:46:09,482 - INFO - [SENSOR] Distance: 87 cm
2025-05-30 13:46:09,486 - INFO - [SENSOR] Distance: 150 cm
2025-05-30 13:46:09,491 - INFO - [SENSOR] Distance: 125 cm
2025-05-30 13:46:09,495 - INFO - [SENSOR] Distance: 107 cm
2025-05-30 13:46:09,515 - INFO - [SENSOR] Distance: 81 cm
2025-05-30 13:46:09,550 - INFO - [SENSOR] Distance: 95 cm
2025-05-30 13:46:09,582 - INFO - [SENSOR] Distance: 16 cm
2025-05-30 13:46:10,404 - INFO - [SENSOR] Distance: 64 cm
2025-05-30 13:46:10,408 - INFO - [SENSOR] Distance: 95 cm
2025-05-30 13:46:10,413 - INFO - [SENSOR] Distance: 74 cm
2025-05-30 13:46:10,418 - INFO - [SENSOR] Distance: 107 cm
2025-05-30 13:46:10,448 - INFO - [SENSOR] Distance: 146 cm
2025-05-30 13:46:10,483 - INFO - [SENSOR] Distance: 95 cm
2025-05-30 13:46:10,515 - INFO - [SENSOR] Distance: 96 cm
2025-05-30 13:46:10,547 - INFO - [SENSOR] Distance: 110 cm
2025-05-30 13:46:10,578 - INFO - [SENSOR] Distance: 33 cm
2025-05-30 13:46:10,847 - INFO - [VALID] Plate detected: RAH972U
2025-05-30 13:46:10,847 - INFO - [PLATE] Confirmed plate: RAH972U
2025-05-30 13:46:10,847 - INFO - [PAYMENT] Payment verified for plate RAH972U
2025-05-30 13:46:10,847 - INFO - [ACCESS GRANTED] Payment complete for RAH972U
2025-05-30 13:46:10,847 - ERROR - [GATE ERROR] Failed to control gate: write failed: [Errno 5] Input/output error
2025-05-30 13:46:11,354 - INFO - [SENSOR] Distance: 66 cm
2025-05-30 13:46:11,357 - INFO - [SENSOR] Distance: 117 cm
2025-05-30 13:46:11,361 - INFO - [SENSOR] Distance: 141 cm
2025-05-30 13:46:11,365 - INFO - [SENSOR] Distance: 84 cm
2025-05-30 13:46:11,410 - INFO - [SENSOR] Distance: 18 cm
2025-05-30 13:46:12,273 - INFO - [SENSOR] Distance: 91 cm
2025-05-30 13:46:12,276 - INFO - [SENSOR] Distance: 27 cm
2025-05-30 13:46:12,472 - INFO - [VALID] Plate detected: RAH972U
2025-05-30 13:46:12,980 - INFO - [SENSOR] Distance: 61 cm
2025-05-30 13:46:12,985 - INFO - [SENSOR] Distance: 62 cm
2025-05-30 13:46:12,990 - INFO - [SENSOR] Distance: 75 cm
2025-05-30 13:46:12,995 - INFO - [SENSOR] Distance: 30 cm
2025-05-30 13:46:13,760 - INFO - [SENSOR] Distance: 67 cm
2025-05-30 13:46:13,765 - INFO - [SENSOR] Distance: 80 cm
2025-05-30 13:46:13,770 - INFO - [SENSOR] Distance: 104 cm
2025-05-30 13:46:13,775 - INFO - [SENSOR] Distance: 39 cm
2025-05-30 13:46:13,921 - INFO - [SENSOR] Distance: 74 cm
2025-05-30 13:46:13,925 - INFO - [SENSOR] Distance: 127 cm
2025-05-30 13:46:13,930 - INFO - [SENSOR] Distance: 110 cm
2025-05-30 13:46:13,937 - INFO - [SENSOR] Distance: 84 cm
2025-05-30 13:46:13,971 - INFO - [SENSOR] Distance: 77 cm
2025-05-30 13:46:14,006 - INFO - [SENSOR] Distance: 83 cm
2025-05-30 13:46:14,038 - INFO - [SENSOR] Distance: 92 cm
2025-05-30 13:46:14,070 - INFO - [SENSOR] Distance: 138 cm
2025-05-30 13:46:14,106 - INFO - [SENSOR] Distance: 30 cm
2025-05-30 13:46:14,355 - INFO - [VALID] Plate detected: RAH972U
2025-05-30 13:46:14,862 - INFO - [SENSOR] Distance: 70 cm
2025-05-30 13:46:14,866 - INFO - [SENSOR] Distance: 20 cm
2025-05-30 13:46:15,634 - INFO - [SENSOR] Distance: 129 cm
2025-05-30 13:46:15,638 - INFO - [SENSOR] Distance: 138 cm
2025-05-30 13:46:15,643 - INFO - [SENSOR] Distance: 83 cm
2025-05-30 13:46:15,647 - INFO - [SENSOR] Distance: 40 cm
2025-05-30 13:46:15,904 - INFO - [VALID] Plate detected: RAH972U
2025-05-30 13:46:15,904 - INFO - [PLATE] Confirmed plate: RAH972U
2025-05-30 13:46:15,904 - INFO - [PAYMENT] Payment verified for plate RAH972U
2025-05-30 13:46:15,904 - INFO - [ACCESS GRANTED] Payment complete for RAH972U
2025-05-30 13:46:15,904 - ERROR - [GATE ERROR] Failed to control gate: write failed: [Errno 5] Input/output error
2025-05-30 13:46:16,410 - INFO - [SENSOR] Distance: 143 cm
2025-05-30 13:46:16,414 - INFO - [SENSOR] Distance: 71 cm
2025-05-30 13:46:16,419 - INFO - [SENSOR] Distance: 90 cm
2025-05-30 13:46:16,426 - INFO - [SENSOR] Distance: 75 cm
2025-05-30 13:46:16,466 - INFO - [SENSOR] Distance: 15 cm
2025-05-30 13:46:17,214 - INFO - [SENSOR] Distance: 129 cm
2025-05-30 13:46:17,219 - INFO - [SENSOR] Distance: 144 cm
2025-05-30 13:46:17,223 - INFO - [SENSOR] Distance: 103 cm
2025-05-30 13:46:17,229 - INFO - [SENSOR] Distance: 141 cm
2025-05-30 13:46:17,266 - INFO - [SENSOR] Distance: 69 cm
2025-05-30 13:46:17,334 - INFO - [SENSOR] Distance: 75 cm
2025-05-30 13:46:17,402 - INFO - [SENSOR] Distance: 100 cm
2025-05-30 13:46:17,466 - INFO - [SENSOR] Distance: 68 cm
2025-05-30 13:46:17,534 - INFO - [SENSOR] Distance: 124 cm
2025-05-30 13:46:17,602 - INFO - [SENSOR] Distance: 122 cm
2025-05-30 13:46:17,666 - INFO - [SENSOR] Distance: 105 cm
2025-05-30 13:46:17,734 - INFO - [SENSOR] Distance: 81 cm
2025-05-30 13:46:17,802 - INFO - [SENSOR] Distance: 134 cm
2025-05-30 13:46:17,866 - INFO - [SENSOR] Distance: 141 cm
2025-05-30 13:46:17,934 - INFO - [SENSOR] Distance: 147 cm
2025-05-30 13:46:18,002 - INFO - [SENSOR] Distance: 123 cm
2025-05-30 13:46:18,066 - INFO - [SENSOR] Distance: 60 cm
2025-05-30 13:46:18,134 - INFO - [SENSOR] Distance: 83 cm
2025-05-30 13:46:18,202 - INFO - [SENSOR] Distance: 103 cm
2025-05-30 13:46:18,266 - INFO - [SENSOR] Distance: 148 cm
2025-05-30 13:46:18,334 - INFO - [SENSOR] Distance: 129 cm
2025-05-30 13:46:18,402 - INFO - [SENSOR] Distance: 102 cm
2025-05-30 13:46:18,466 - INFO - [SENSOR] Distance: 141 cm
2025-05-30 13:46:18,502 - INFO - [SENSOR] Distance: 148 cm
2025-05-30 13:46:18,535 - INFO - [SENSOR] Distance: 75 cm
2025-05-30 13:46:18,566 - INFO - [SENSOR] Distance: 21 cm
2025-05-30 13:46:18,714 - INFO - [SENSOR] Distance: 87 cm
2025-05-30 13:46:18,725 - INFO - [SENSOR] Distance: 119 cm
2025-05-30 13:46:18,733 - INFO - [SENSOR] Distance: 83 cm
2025-05-30 13:46:18,739 - INFO - [SENSOR] Distance: 72 cm
2025-05-30 13:46:18,766 - INFO - [SENSOR] Distance: 82 cm
2025-05-30 13:46:18,798 - INFO - [SENSOR] Distance: 69 cm
2025-05-30 13:46:18,835 - INFO - [SENSOR] Distance: 12 cm
2025-05-30 13:46:19,009 - INFO - [SENSOR] Distance: 66 cm
2025-05-30 13:46:19,014 - INFO - [SENSOR] Distance: 111 cm
2025-05-30 13:46:19,020 - INFO - [SENSOR] Distance: 111 cm
2025-05-30 13:46:19,024 - INFO - [SENSOR] Distance: 75 cm
2025-05-30 13:46:19,068 - INFO - [SENSOR] Distance: 116 cm
2025-05-30 13:46:19,098 - INFO - [SENSOR] Distance: 97 cm
2025-05-30 13:46:19,135 - INFO - [SENSOR] Distance: 104 cm
2025-05-30 13:46:19,166 - INFO - [SENSOR] Distance: 92 cm
2025-05-30 13:46:19,198 - INFO - [SENSOR] Distance: 73 cm
2025-05-30 13:46:19,231 - INFO - [SENSOR] Distance: 65 cm
2025-05-30 13:46:19,266 - INFO - [SENSOR] Distance: 125 cm
2025-05-30 13:46:19,298 - INFO - [SENSOR] Distance: 113 cm
2025-05-30 13:46:19,331 - INFO - [SENSOR] Distance: 89 cm
2025-05-30 13:46:19,366 - INFO - [SENSOR] Distance: 146 cm
2025-05-30 13:46:19,398 - INFO - [SENSOR] Distance: 94 cm
2025-05-30 13:46:19,431 - INFO - [SENSOR] Distance: 119 cm
2025-05-30 13:46:19,466 - INFO - [SENSOR] Distance: 98 cm
2025-05-30 13:46:19,499 - INFO - [SENSOR] Distance: 129 cm
2025-05-30 13:46:19,531 - INFO - [SENSOR] Distance: 66 cm
2025-05-30 13:46:19,566 - INFO - [SENSOR] Distance: 60 cm
2025-05-30 13:46:19,598 - INFO - [SENSOR] Distance: 115 cm
2025-05-30 13:46:19,631 - INFO - [SENSOR] Distance: 114 cm
2025-05-30 13:46:19,666 - INFO - [SENSOR] Distance: 103 cm
2025-05-30 13:46:19,698 - INFO - [SENSOR] Distance: 92 cm
2025-05-30 13:46:19,731 - INFO - [SENSOR] Distance: 149 cm
2025-05-30 13:46:19,766 - INFO - [SENSOR] Distance: 78 cm
2025-05-30 13:46:19,798 - INFO - [SENSOR] Distance: 28 cm
2025-05-30 13:46:19,945 - INFO - [SENSOR] Distance: 74 cm
2025-05-30 13:46:19,953 - INFO - [SENSOR] Distance: 124 cm
2025-05-30 13:46:19,957 - INFO - [SENSOR] Distance: 37 cm
2025-05-30 13:46:20,050 - INFO - [SENSOR] Distance: 29 cm
2025-05-30 13:46:20,139 - INFO - [SENSOR] Distance: 130 cm
2025-05-30 13:46:20,143 - INFO - [SENSOR] Distance: 115 cm
2025-05-30 13:46:20,147 - INFO - [SENSOR] Distance: 91 cm
2025-05-30 13:46:20,153 - INFO - [SENSOR] Distance: 104 cm
2025-05-30 13:46:20,198 - INFO - [SENSOR] Distance: 121 cm
2025-05-30 13:46:20,231 - INFO - [SENSOR] Distance: 95 cm
2025-05-30 13:46:20,263 - INFO - [SENSOR] Distance: 75 cm
2025-05-30 13:46:20,298 - INFO - [SENSOR] Distance: 124 cm
2025-05-30 13:46:20,331 - INFO - [SENSOR] Distance: 132 cm
2025-05-30 13:46:20,364 - INFO - [SENSOR] Distance: 15 cm
2025-05-30 13:46:20,482 - INFO - [SENSOR] Distance: 29 cm
2025-05-30 13:46:20,557 - INFO - [SENSOR] Distance: 67 cm
2025-05-30 13:46:20,560 - INFO - [SENSOR] Distance: 104 cm
2025-05-30 13:46:20,564 - INFO - [SENSOR] Distance: 122 cm
2025-05-30 13:46:20,570 - INFO - [SENSOR] Distance: 73 cm
2025-05-30 13:46:20,594 - INFO - [SENSOR] Distance: 101 cm
2025-05-30 13:46:20,631 - INFO - [SENSOR] Distance: 81 cm
2025-05-30 13:46:20,664 - INFO - [SENSOR] Distance: 65 cm
2025-05-30 13:46:20,694 - INFO - [SENSOR] Distance: 76 cm
2025-05-30 13:46:20,731 - INFO - [SENSOR] Distance: 118 cm
2025-05-30 13:46:20,763 - INFO - [SENSOR] Distance: 73 cm
2025-05-30 13:46:20,795 - INFO - [SENSOR] Distance: 128 cm
2025-05-30 13:46:20,831 - INFO - [SENSOR] Distance: 97 cm
2025-05-30 13:46:20,863 - INFO - [SENSOR] Distance: 147 cm
2025-05-30 13:46:20,899 - INFO - [SENSOR] Distance: 25 cm
2025-05-30 13:46:21,135 - INFO - [SENSOR] Distance: 73 cm
2025-05-30 13:46:21,144 - INFO - [SENSOR] Distance: 127 cm
2025-05-30 13:46:21,152 - INFO - [SENSOR] Distance: 24 cm
2025-05-30 13:46:21,268 - INFO - [SENSOR] Distance: 98 cm
2025-05-30 13:46:21,273 - INFO - [SENSOR] Distance: 123 cm
2025-05-30 13:46:21,279 - INFO - [SENSOR] Distance: 139 cm
2025-05-30 13:46:21,285 - INFO - [SENSOR] Distance: 143 cm
2025-05-30 13:46:21,326 - INFO - [SENSOR] Distance: 85 cm
2025-05-30 13:46:21,363 - INFO - [SENSOR] Distance: 80 cm
2025-05-30 13:46:21,394 - INFO - [SENSOR] Distance: 105 cm
2025-05-30 13:46:21,426 - INFO - [SENSOR] Distance: 65 cm
2025-05-30 13:46:21,464 - INFO - [SENSOR] Distance: 129 cm
2025-05-30 13:46:21,497 - INFO - [SENSOR] Distance: 122 cm
2025-05-30 13:46:21,526 - INFO - [SENSOR] Distance: 128 cm
2025-05-30 13:46:21,558 - INFO - [SENSOR] Distance: 136 cm
2025-05-30 13:46:21,595 - INFO - [SENSOR] Distance: 97 cm
2025-05-30 13:46:21,626 - INFO - [SENSOR] Distance: 98 cm
2025-05-30 13:46:21,658 - INFO - [SENSOR] Distance: 128 cm
2025-05-30 13:46:21,694 - INFO - [SENSOR] Distance: 121 cm
2025-05-30 13:46:21,726 - INFO - [SENSOR] Distance: 68 cm
2025-05-30 13:46:21,758 - INFO - [SENSOR] Distance: 83 cm
2025-05-30 13:46:21,794 - INFO - [SENSOR] Distance: 95 cm
2025-05-30 13:46:21,826 - INFO - [SENSOR] Distance: 80 cm
2025-05-30 13:46:21,858 - INFO - [SENSOR] Distance: 29 cm
2025-05-30 13:46:21,953 - INFO - [SENSOR] Distance: 108 cm
2025-05-30 13:46:21,958 - INFO - [SENSOR] Distance: 87 cm
2025-05-30 13:46:21,967 - INFO - [SENSOR] Distance: 115 cm
2025-05-30 13:46:21,995 - INFO - [SENSOR] Distance: 71 cm
2025-05-30 13:46:22,026 - INFO - [SENSOR] Distance: 89 cm
2025-05-30 13:46:22,058 - INFO - [SENSOR] Distance: 118 cm
2025-05-30 13:46:22,090 - INFO - [SENSOR] Distance: 75 cm
2025-05-30 13:46:22,126 - INFO - [SENSOR] Distance: 61 cm
2025-05-30 13:46:22,158 - INFO - [SENSOR] Distance: 148 cm
2025-05-30 13:46:22,190 - INFO - [SENSOR] Distance: 117 cm
2025-05-30 13:46:22,226 - INFO - [SENSOR] Distance: 113 cm
2025-05-30 13:46:22,258 - INFO - [SENSOR] Distance: 109 cm
2025-05-30 13:46:22,290 - INFO - [SENSOR] Distance: 35 cm
2025-05-30 13:46:22,390 - INFO - [SENSOR] Distance: 18 cm
2025-05-30 13:46:22,472 - INFO - [SENSOR] Distance: 139 cm
2025-05-30 13:46:22,477 - INFO - [SENSOR] Distance: 64 cm
2025-05-30 13:46:22,483 - INFO - [SENSOR] Distance: 91 cm
2025-05-30 13:46:22,489 - INFO - [SENSOR] Distance: 71 cm
2025-05-30 13:46:22,526 - INFO - [SENSOR] Distance: 115 cm
2025-05-30 13:46:22,558 - INFO - [SENSOR] Distance: 133 cm
2025-05-30 13:46:22,590 - INFO - [SENSOR] Distance: 79 cm
2025-05-30 13:46:22,626 - INFO - [SENSOR] Distance: 112 cm
2025-05-30 13:46:22,658 - INFO - [SENSOR] Distance: 140 cm
2025-05-30 13:46:22,690 - INFO - [SENSOR] Distance: 107 cm
2025-05-30 13:46:22,722 - INFO - [SENSOR] Distance: 137 cm
2025-05-30 13:46:22,758 - INFO - [SENSOR] Distance: 63 cm
2025-05-30 13:46:22,790 - INFO - [SENSOR] Distance: 107 cm
2025-05-30 13:46:22,822 - INFO - [SENSOR] Distance: 62 cm
2025-05-30 13:46:22,858 - INFO - [SENSOR] Distance: 112 cm
2025-05-30 13:46:22,890 - INFO - [SENSOR] Distance: 137 cm
2025-05-30 13:46:22,922 - INFO - [SENSOR] Distance: 101 cm
2025-05-30 13:46:22,958 - INFO - [SENSOR] Distance: 62 cm
2025-05-30 13:46:22,990 - INFO - [SENSOR] Distance: 129 cm
2025-05-30 13:46:23,022 - INFO - [SENSOR] Distance: 129 cm
2025-05-30 13:46:23,058 - INFO - [SENSOR] Distance: 93 cm
2025-05-30 13:46:23,090 - INFO - [SENSOR] Distance: 66 cm
2025-05-30 13:46:23,122 - INFO - [SENSOR] Distance: 87 cm
2025-05-30 13:46:23,158 - INFO - [SENSOR] Distance: 61 cm
2025-05-30 13:46:23,190 - INFO - [SENSOR] Distance: 136 cm
2025-05-30 13:46:23,222 - INFO - [SENSOR] Distance: 31 cm
2025-05-30 13:46:23,356 - INFO - [SENSOR] Distance: 25 cm
2025-05-30 13:46:23,439 - INFO - [SENSOR] Distance: 117 cm
2025-05-30 13:46:23,448 - INFO - [SENSOR] Distance: 79 cm
2025-05-30 13:46:23,452 - INFO - [SENSOR] Distance: 95 cm
2025-05-30 13:46:23,456 - INFO - [SENSOR] Distance: 144 cm
2025-05-30 13:46:23,490 - INFO - [SENSOR] Distance: 108 cm
2025-05-30 13:46:23,522 - INFO - [SENSOR] Distance: 112 cm
2025-05-30 13:46:23,554 - INFO - [SENSOR] Distance: 92 cm
2025-05-30 13:46:23,590 - INFO - [SENSOR] Distance: 30 cm
2025-05-30 13:46:23,733 - INFO - [SENSOR] Distance: 12 cm
2025-05-30 13:46:23,823 - INFO - [SENSOR] Distance: 75 cm
2025-05-30 13:46:23,827 - INFO - [SENSOR] Distance: 61 cm
2025-05-30 13:46:23,832 - INFO - [SENSOR] Distance: 139 cm
2025-05-30 13:46:23,838 - INFO - [SENSOR] Distance: 130 cm
2025-05-30 13:46:23,854 - INFO - [SENSOR] Distance: 101 cm
2025-05-30 13:46:23,886 - INFO - [SENSOR] Distance: 124 cm
2025-05-30 13:46:23,922 - INFO - [SENSOR] Distance: 70 cm
2025-05-30 13:46:23,954 - INFO - [SENSOR] Distance: 104 cm
2025-05-30 13:46:23,986 - INFO - [SENSOR] Distance: 144 cm
2025-05-30 13:46:24,022 - INFO - [SENSOR] Distance: 81 cm
2025-05-30 13:46:24,054 - INFO - [SENSOR] Distance: 119 cm
2025-05-30 13:46:24,086 - INFO - [SENSOR] Distance: 99 cm
2025-05-30 13:46:24,122 - INFO - [SENSOR] Distance: 138 cm
2025-05-30 13:46:24,154 - INFO - [SENSOR] Distance: 67 cm
2025-05-30 13:46:24,186 - INFO - [SENSOR] Distance: 120 cm
2025-05-30 13:46:24,222 - INFO - [SENSOR] Distance: 116 cm
2025-05-30 13:46:24,254 - INFO - [SENSOR] Distance: 80 cm
2025-05-30 13:46:24,287 - INFO - [SENSOR] Distance: 110 cm
2025-05-30 13:46:24,322 - INFO - [SENSOR] Distance: 80 cm
2025-05-30 13:46:24,354 - INFO - [SENSOR] Distance: 140 cm
2025-05-30 13:46:24,386 - INFO - [SENSOR] Distance: 73 cm
2025-05-30 13:46:24,419 - INFO - [SENSOR] Distance: 116 cm
2025-05-30 13:46:24,454 - INFO - [SENSOR] Distance: 81 cm
2025-05-30 13:46:24,486 - INFO - [SENSOR] Distance: 91 cm
2025-05-30 13:46:24,518 - INFO - [SENSOR] Distance: 101 cm
2025-05-30 13:46:24,554 - INFO - [SENSOR] Distance: 127 cm
2025-05-30 13:46:24,586 - INFO - [SENSOR] Distance: 113 cm
2025-05-30 13:46:24,619 - INFO - [SENSOR] Distance: 116 cm
2025-05-30 13:46:24,654 - INFO - [SENSOR] Distance: 96 cm
2025-05-30 13:46:24,686 - INFO - [SENSOR] Distance: 137 cm
2025-05-30 13:46:24,718 - INFO - [SENSOR] Distance: 129 cm
2025-05-30 13:46:24,754 - INFO - [SENSOR] Distance: 138 cm
2025-05-30 13:46:24,786 - INFO - [SENSOR] Distance: 145 cm
2025-05-30 13:46:24,818 - INFO - [SENSOR] Distance: 69 cm
2025-05-30 13:46:24,854 - INFO - [SENSOR] Distance: 85 cm
2025-05-30 13:46:24,886 - INFO - [SENSOR] Distance: 86 cm
2025-05-30 13:46:24,919 - INFO - [SENSOR] Distance: 99 cm
2025-05-30 13:46:24,951 - INFO - [SENSOR] Distance: 104 cm
2025-05-30 13:46:24,986 - INFO - [SENSOR] Distance: 121 cm
2025-05-30 13:46:25,019 - INFO - [SENSOR] Distance: 40 cm
2025-05-30 13:46:25,161 - INFO - [SENSOR] Distance: 131 cm
2025-05-30 13:46:25,165 - INFO - [SENSOR] Distance: 143 cm
2025-05-30 13:46:25,170 - INFO - [SENSOR] Distance: 150 cm
2025-05-30 13:46:25,174 - INFO - [SENSOR] Distance: 85 cm
2025-05-30 13:46:25,218 - INFO - [SENSOR] Distance: 81 cm
2025-05-30 13:46:25,251 - INFO - [SENSOR] Distance: 100 cm
2025-05-30 13:46:25,286 - INFO - [SENSOR] Distance: 129 cm
2025-05-30 13:46:25,318 - INFO - [SENSOR] Distance: 101 cm
2025-05-30 13:46:25,351 - INFO - [SENSOR] Distance: 133 cm
2025-05-30 13:46:25,386 - INFO - [SENSOR] Distance: 78 cm
2025-05-30 13:46:25,419 - INFO - [SENSOR] Distance: 112 cm
2025-05-30 13:46:25,451 - INFO - [SENSOR] Distance: 137 cm
2025-05-30 13:46:25,482 - INFO - [SENSOR] Distance: 68 cm
2025-05-30 13:46:25,519 - INFO - [SENSOR] Distance: 86 cm
2025-05-30 13:46:25,551 - INFO - [SENSOR] Distance: 73 cm
2025-05-30 13:46:25,582 - INFO - [SENSOR] Distance: 90 cm
2025-05-30 13:46:25,618 - INFO - [SENSOR] Distance: 98 cm
2025-05-30 13:46:25,651 - INFO - [SENSOR] Distance: 72 cm
2025-05-30 13:46:25,682 - INFO - [SENSOR] Distance: 128 cm
2025-05-30 13:46:25,718 - INFO - [SENSOR] Distance: 120 cm
2025-05-30 13:46:25,751 - INFO - [SENSOR] Distance: 31 cm
2025-05-30 13:46:25,891 - INFO - [SENSOR] Distance: 116 cm
2025-05-30 13:46:25,903 - INFO - [SENSOR] Distance: 126 cm
2025-05-30 13:46:25,906 - INFO - [SENSOR] Distance: 149 cm
2025-05-30 13:46:25,911 - INFO - [SENSOR] Distance: 62 cm
2025-05-30 13:46:25,951 - INFO - [SENSOR] Distance: 82 cm
2025-05-30 13:46:25,984 - INFO - [SENSOR] Distance: 82 cm
2025-05-30 13:46:26,018 - INFO - [SENSOR] Distance: 148 cm
2025-05-30 13:46:26,050 - INFO - [SENSOR] Distance: 83 cm
2025-05-30 13:46:26,083 - INFO - [SENSOR] Distance: 68 cm
2025-05-30 13:46:26,114 - INFO - [SENSOR] Distance: 138 cm
2025-05-30 13:46:26,151 - INFO - [SENSOR] Distance: 112 cm
2025-05-30 13:46:26,183 - INFO - [SENSOR] Distance: 147 cm
2025-05-30 13:46:26,214 - INFO - [SENSOR] Distance: 136 cm
2025-05-30 13:46:26,251 - INFO - [SENSOR] Distance: 17 cm
2025-05-30 13:46:26,395 - INFO - [SENSOR] Distance: 71 cm
2025-05-30 13:46:26,403 - INFO - [SENSOR] Distance: 15 cm
2025-05-30 13:46:26,530 - INFO - [SENSOR] Distance: 146 cm
2025-05-30 13:46:26,534 - INFO - [SENSOR] Distance: 106 cm
2025-05-30 13:46:26,539 - INFO - [SENSOR] Distance: 119 cm
2025-05-30 13:46:26,544 - INFO - [SENSOR] Distance: 10 cm
2025-05-30 13:46:26,627 - INFO - [SENSOR] Distance: 65 cm
2025-05-30 13:46:26,633 - INFO - [SENSOR] Distance: 135 cm
2025-05-30 13:46:26,646 - INFO - [SENSOR] Distance: 123 cm
2025-05-30 13:46:26,682 - INFO - [SENSOR] Distance: 22 cm
2025-05-30 13:46:26,790 - INFO - [SENSOR] Distance: 92 cm
2025-05-30 13:46:26,794 - INFO - [SENSOR] Distance: 92 cm
2025-05-30 13:46:26,800 - INFO - [SENSOR] Distance: 21 cm
2025-05-30 13:46:26,887 - INFO - [SENSOR] Distance: 98 cm
2025-05-30 13:46:26,894 - INFO - [SENSOR] Distance: 98 cm
2025-05-30 13:46:26,903 - INFO - [SENSOR] Distance: 127 cm
2025-05-30 13:46:26,914 - INFO - [SENSOR] Distance: 107 cm
2025-05-30 13:46:26,946 - INFO - [SENSOR] Distance: 146 cm
2025-05-30 13:46:26,982 - INFO - [SENSOR] Distance: 104 cm
2025-05-30 13:46:27,014 - INFO - [SENSOR] Distance: 27 cm
2025-05-30 13:46:27,148 - INFO - [SENSOR] Distance: 72 cm
2025-05-30 13:46:27,152 - INFO - [SENSOR] Distance: 65 cm
2025-05-30 13:46:27,157 - INFO - [SENSOR] Distance: 140 cm
2025-05-30 13:46:27,161 - INFO - [SENSOR] Distance: 66 cm
2025-05-30 13:46:27,179 - INFO - [SENSOR] Distance: 70 cm
2025-05-30 13:46:27,214 - INFO - [SENSOR] Distance: 116 cm
2025-05-30 13:46:27,247 - INFO - [SENSOR] Distance: 86 cm
2025-05-30 13:46:27,279 - INFO - [SENSOR] Distance: 143 cm
2025-05-30 13:46:27,314 - INFO - [SENSOR] Distance: 89 cm
2025-05-30 13:46:27,347 - INFO - [SENSOR] Distance: 133 cm
2025-05-30 13:46:27,379 - INFO - [SENSOR] Distance: 69 cm
2025-05-30 13:46:27,414 - INFO - [SENSOR] Distance: 76 cm
2025-05-30 13:46:27,447 - INFO - [SENSOR] Distance: 97 cm
2025-05-30 13:46:27,478 - INFO - [SENSOR] Distance: 146 cm
2025-05-30 13:46:27,514 - INFO - [SENSOR] Distance: 14 cm
2025-05-30 13:46:27,651 - INFO - [SENSOR] Distance: 16 cm
2025-05-30 13:46:27,747 - INFO - [SENSOR] Distance: 74 cm
2025-05-30 13:46:27,751 - INFO - [SENSOR] Distance: 70 cm
2025-05-30 13:46:27,755 - INFO - [SENSOR] Distance: 149 cm
2025-05-30 13:46:27,759 - INFO - [SENSOR] Distance: 106 cm
2025-05-30 13:46:27,778 - INFO - [SENSOR] Distance: 68 cm
2025-05-30 13:46:27,810 - INFO - [SENSOR] Distance: 72 cm
2025-05-30 13:46:27,846 - INFO - [SENSOR] Distance: 66 cm
2025-05-30 13:46:27,879 - INFO - [SENSOR] Distance: 92 cm
2025-05-30 13:46:27,910 - INFO - [SENSOR] Distance: 76 cm
2025-05-30 13:46:27,947 - INFO - [SENSOR] Distance: 60 cm
2025-05-30 13:46:27,979 - INFO - [SENSOR] Distance: 141 cm
2025-05-30 13:46:28,011 - INFO - [SENSOR] Distance: 62 cm
2025-05-30 13:46:28,046 - INFO - [SENSOR] Distance: 100 cm
2025-05-30 13:46:28,079 - INFO - [SENSOR] Distance: 112 cm
2025-05-30 13:46:28,111 - INFO - [SENSOR] Distance: 63 cm
2025-05-30 13:46:28,146 - INFO - [SENSOR] Distance: 38 cm
2025-05-30 13:46:28,282 - INFO - [SENSOR] Distance: 73 cm
2025-05-30 13:46:28,286 - INFO - [SENSOR] Distance: 70 cm
2025-05-30 13:46:28,290 - INFO - [SENSOR] Distance: 135 cm
2025-05-30 13:46:28,296 - INFO - [SENSOR] Distance: 20 cm
2025-05-30 13:46:28,396 - INFO - [SENSOR] Distance: 64 cm
2025-05-30 13:46:28,400 - INFO - [SENSOR] Distance: 91 cm
2025-05-30 13:46:28,410 - INFO - [SENSOR] Distance: 134 cm
2025-05-30 13:46:28,442 - INFO - [SENSOR] Distance: 106 cm
2025-05-30 13:46:28,479 - INFO - [SENSOR] Distance: 30 cm
2025-05-30 13:46:28,619 - INFO - [SENSOR] Distance: 95 cm
2025-05-30 13:46:28,623 - INFO - [SENSOR] Distance: 137 cm
2025-05-30 13:46:28,632 - INFO - [SENSOR] Distance: 99 cm
2025-05-30 13:46:28,636 - INFO - [SENSOR] Distance: 146 cm
2025-05-30 13:46:28,679 - INFO - [SENSOR] Distance: 108 cm
2025-05-30 13:46:28,711 - INFO - [SENSOR] Distance: 81 cm
2025-05-30 13:46:28,742 - INFO - [SENSOR] Distance: 84 cm
2025-05-30 13:46:28,779 - INFO - [SENSOR] Distance: 82 cm
2025-05-30 13:46:28,811 - INFO - [SENSOR] Distance: 85 cm
2025-05-30 13:46:28,842 - INFO - [SENSOR] Distance: 91 cm
2025-05-30 13:46:28,874 - INFO - [SENSOR] Distance: 99 cm
2025-05-30 13:46:28,911 - INFO - [SENSOR] Distance: 138 cm
2025-05-30 13:46:28,942 - INFO - [SENSOR] Distance: 70 cm
2025-05-30 13:46:28,974 - INFO - [SENSOR] Distance: 60 cm
2025-05-30 13:46:29,010 - INFO - [SENSOR] Distance: 105 cm
2025-05-30 13:46:29,042 - INFO - [SENSOR] Distance: 112 cm
2025-05-30 13:46:29,074 - INFO - [SENSOR] Distance: 92 cm
2025-05-30 13:46:29,110 - INFO - [SENSOR] Distance: 148 cm
2025-05-30 13:46:29,142 - INFO - [SENSOR] Distance: 60 cm
2025-05-30 13:46:29,174 - INFO - [SENSOR] Distance: 96 cm
2025-05-30 13:46:29,211 - INFO - [SENSOR] Distance: 119 cm
2025-05-30 13:46:29,242 - INFO - [SENSOR] Distance: 62 cm
2025-05-30 13:46:29,274 - INFO - [SENSOR] Distance: 100 cm
2025-05-30 13:46:29,310 - INFO - [SENSOR] Distance: 149 cm
2025-05-30 13:46:29,342 - INFO - [SENSOR] Distance: 101 cm
2025-05-30 13:46:29,374 - INFO - [SENSOR] Distance: 111 cm
2025-05-30 13:46:29,411 - INFO - [SENSOR] Distance: 73 cm
2025-05-30 13:46:29,442 - INFO - [SENSOR] Distance: 133 cm
2025-05-30 13:46:29,474 - INFO - [SENSOR] Distance: 147 cm
2025-05-30 13:46:29,506 - INFO - [SENSOR] Distance: 72 cm
2025-05-30 13:46:29,542 - INFO - [SENSOR] Distance: 114 cm
2025-05-30 13:46:29,574 - INFO - [SENSOR] Distance: 144 cm
2025-05-30 13:46:29,606 - INFO - [SENSOR] Distance: 103 cm
2025-05-30 13:46:29,642 - INFO - [SENSOR] Distance: 64 cm
2025-05-30 13:46:29,678 - INFO - [SENSOR] Distance: 83 cm
2025-05-30 13:46:29,710 - INFO - [SENSOR] Distance: 122 cm
2025-05-30 13:46:29,745 - INFO - [SENSOR] Distance: 67 cm
2025-05-30 13:46:29,774 - INFO - [SENSOR] Distance: 73 cm
2025-05-30 13:46:29,806 - INFO - [SENSOR] Distance: 80 cm
2025-05-30 13:46:29,842 - INFO - [SENSOR] Distance: 38 cm
2025-05-30 13:46:29,994 - INFO - [SENSOR] Distance: 140 cm
2025-05-30 13:46:30,003 - INFO - [SENSOR] Distance: 98 cm
2025-05-30 13:46:30,007 - INFO - [SENSOR] Distance: 69 cm
2025-05-30 13:46:30,011 - INFO - [SENSOR] Distance: 74 cm
2025-05-30 13:46:30,038 - INFO - [SENSOR] Distance: 97 cm
2025-05-30 13:46:30,074 - INFO - [SENSOR] Distance: 96 cm
2025-05-30 13:46:30,106 - INFO - [SENSOR] Distance: 129 cm
2025-05-30 13:46:30,138 - INFO - [SENSOR] Distance: 121 cm
2025-05-30 13:46:30,174 - INFO - [SENSOR] Distance: 63 cm
2025-05-30 13:46:30,206 - INFO - [SENSOR] Distance: 148 cm
2025-05-30 13:46:30,238 - INFO - [SENSOR] Distance: 120 cm
2025-05-30 13:46:30,274 - INFO - [SENSOR] Distance: 121 cm
2025-05-30 13:46:30,306 - INFO - [SENSOR] Distance: 147 cm
2025-05-30 13:46:30,338 - INFO - [SENSOR] Distance: 69 cm
2025-05-30 13:46:30,374 - INFO - [SENSOR] Distance: 83 cm
2025-05-30 13:46:30,406 - INFO - [SENSOR] Distance: 94 cm
2025-05-30 13:46:30,438 - INFO - [SENSOR] Distance: 62 cm
2025-05-30 13:46:30,474 - INFO - [SENSOR] Distance: 84 cm
2025-05-30 13:46:30,506 - INFO - [SENSOR] Distance: 37 cm
2025-05-30 13:46:30,653 - INFO - [SENSOR] Distance: 137 cm
2025-05-30 13:46:30,657 - INFO - [SENSOR] Distance: 89 cm
2025-05-30 13:46:30,661 - INFO - [SENSOR] Distance: 33 cm
2025-05-30 13:46:30,747 - INFO - [SENSOR] Distance: 29 cm
2025-05-30 13:46:30,837 - INFO - [SENSOR] Distance: 137 cm
2025-05-30 13:46:30,846 - INFO - [SENSOR] Distance: 73 cm
2025-05-30 13:46:30,853 - INFO - [SENSOR] Distance: 10 cm
2025-05-30 13:46:30,935 - INFO - [SENSOR] Distance: 92 cm
2025-05-30 13:46:30,939 - INFO - [SENSOR] Distance: 138 cm
2025-05-30 13:46:30,943 - INFO - [SENSOR] Distance: 149 cm
2025-05-30 13:46:30,949 - INFO - [SENSOR] Distance: 129 cm
2025-05-30 13:46:30,969 - INFO - [SENSOR] Distance: 126 cm
2025-05-30 13:46:31,006 - INFO - [SENSOR] Distance: 15 cm
2025-05-30 13:46:31,099 - INFO - [SENSOR] Distance: 144 cm
2025-05-30 13:46:31,102 - INFO - [SENSOR] Distance: 74 cm
2025-05-30 13:46:31,107 - INFO - [SENSOR] Distance: 67 cm
2025-05-30 13:46:31,139 - INFO - [SENSOR] Distance: 141 cm
2025-05-30 13:46:31,170 - INFO - [SENSOR] Distance: 129 cm
2025-05-30 13:46:31,202 - INFO - [SENSOR] Distance: 108 cm
2025-05-30 13:46:31,238 - INFO - [SENSOR] Distance: 120 cm
2025-05-30 13:46:31,270 - INFO - [SENSOR] Distance: 79 cm
2025-05-30 13:46:31,302 - INFO - [SENSOR] Distance: 110 cm
2025-05-30 13:46:31,338 - INFO - [SENSOR] Distance: 82 cm
2025-05-30 13:46:31,370 - INFO - [SENSOR] Distance: 93 cm
2025-05-30 13:46:31,402 - INFO - [SENSOR] Distance: 141 cm
2025-05-30 13:46:31,438 - INFO - [SENSOR] Distance: 109 cm
2025-05-30 13:46:31,470 - INFO - [SENSOR] Distance: 145 cm
2025-05-30 13:46:31,502 - INFO - [SENSOR] Distance: 144 cm
2025-05-30 13:46:31,538 - INFO - [SENSOR] Distance: 113 cm
2025-05-30 13:46:31,570 - INFO - [SENSOR] Distance: 62 cm
2025-05-30 13:46:31,602 - INFO - [SENSOR] Distance: 117 cm
2025-05-30 13:46:31,638 - INFO - [SENSOR] Distance: 74 cm
2025-05-30 13:46:31,670 - INFO - [SENSOR] Distance: 87 cm
2025-05-30 13:46:31,702 - INFO - [SENSOR] Distance: 21 cm
2025-05-30 13:46:31,846 - INFO - [SENSOR] Distance: 83 cm
2025-05-30 13:46:31,849 - INFO - [SENSOR] Distance: 66 cm
2025-05-30 13:46:31,857 - INFO - [SENSOR] Distance: 123 cm
2025-05-30 13:46:31,861 - INFO - [SENSOR] Distance: 112 cm
2025-05-30 13:46:31,902 - INFO - [SENSOR] Distance: 96 cm
2025-05-30 13:46:31,935 - INFO - [SENSOR] Distance: 114 cm
2025-05-30 13:46:31,970 - INFO - [SENSOR] Distance: 81 cm
2025-05-30 13:46:32,002 - INFO - [SENSOR] Distance: 138 cm
2025-05-30 13:46:32,034 - INFO - [SENSOR] Distance: 105 cm
2025-05-30 13:46:32,070 - INFO - [SENSOR] Distance: 21 cm
2025-05-30 13:46:32,218 - INFO - [SENSOR] Distance: 63 cm
2025-05-30 13:46:32,223 - INFO - [SENSOR] Distance: 13 cm
2025-05-30 13:46:32,329 - INFO - [SENSOR] Distance: 71 cm
2025-05-30 13:46:32,334 - INFO - [SENSOR] Distance: 128 cm
2025-05-30 13:46:32,337 - INFO - [SENSOR] Distance: 66 cm
2025-05-30 13:46:32,341 - INFO - [SENSOR] Distance: 124 cm
2025-05-30 13:46:32,367 - INFO - [SENSOR] Distance: 114 cm
2025-05-30 13:46:32,402 - INFO - [SENSOR] Distance: 138 cm
2025-05-30 13:46:32,434 - INFO - [SENSOR] Distance: 36 cm
2025-05-30 13:46:32,572 - INFO - [SENSOR] Distance: 100 cm
2025-05-30 13:46:32,577 - INFO - [SENSOR] Distance: 135 cm
2025-05-30 13:46:32,586 - INFO - [SENSOR] Distance: 96 cm
2025-05-30 13:46:32,589 - INFO - [SENSOR] Distance: 109 cm
2025-05-30 13:46:32,634 - INFO - [SENSOR] Distance: 18 cm
2025-05-30 13:46:32,775 - INFO - [SENSOR] Distance: 139 cm
2025-05-30 13:46:32,779 - INFO - [SENSOR] Distance: 144 cm
2025-05-30 13:46:32,783 - INFO - [SENSOR] Distance: 127 cm
2025-05-30 13:46:32,788 - INFO - [SENSOR] Distance: 115 cm
2025-05-30 13:46:32,834 - INFO - [SENSOR] Distance: 81 cm
2025-05-30 13:46:32,866 - INFO - [SENSOR] Distance: 76 cm
2025-05-30 13:46:32,898 - INFO - [SENSOR] Distance: 85 cm
2025-05-30 13:46:32,934 - INFO - [SENSOR] Distance: 93 cm
2025-05-30 13:46:32,966 - INFO - [SENSOR] Distance: 147 cm
2025-05-30 13:46:32,998 - INFO - [SENSOR] Distance: 99 cm
2025-05-30 13:46:33,034 - INFO - [SENSOR] Distance: 137 cm
2025-05-30 13:46:33,067 - INFO - [SENSOR] Distance: 123 cm
2025-05-30 13:46:33,098 - INFO - [SENSOR] Distance: 81 cm
2025-05-30 13:46:33,134 - INFO - [SENSOR] Distance: 119 cm
2025-05-30 13:46:33,166 - INFO - [SENSOR] Distance: 72 cm
2025-05-30 13:46:33,198 - INFO - [SENSOR] Distance: 133 cm
2025-05-30 13:46:33,235 - INFO - [SENSOR] Distance: 112 cm
2025-05-30 13:46:33,267 - INFO - [SENSOR] Distance: 111 cm
2025-05-30 13:46:33,298 - INFO - [SENSOR] Distance: 75 cm
2025-05-30 13:46:33,334 - INFO - [SENSOR] Distance: 19 cm
2025-05-30 13:46:33,477 - INFO - [SENSOR] Distance: 70 cm
2025-05-30 13:46:33,484 - INFO - [SENSOR] Distance: 117 cm
2025-05-30 13:46:33,488 - INFO - [SENSOR] Distance: 21 cm
2025-05-30 13:46:33,584 - INFO - [SENSOR] Distance: 91 cm
2025-05-30 13:46:33,588 - INFO - [SENSOR] Distance: 61 cm
2025-05-30 13:46:33,593 - INFO - [SENSOR] Distance: 85 cm
2025-05-30 13:46:33,599 - INFO - [SENSOR] Distance: 141 cm
2025-05-30 13:46:33,630 - INFO - [SENSOR] Distance: 128 cm
2025-05-30 13:46:33,667 - INFO - [SENSOR] Distance: 65 cm
2025-05-30 13:46:33,698 - INFO - [SENSOR] Distance: 62 cm
2025-05-30 13:46:33,730 - INFO - [SENSOR] Distance: 100 cm
2025-05-30 13:46:33,767 - INFO - [SENSOR] Distance: 117 cm
2025-05-30 13:46:33,799 - INFO - [SENSOR] Distance: 131 cm
2025-05-30 13:46:33,830 - INFO - [SENSOR] Distance: 37 cm
2025-05-30 13:46:33,971 - INFO - [SENSOR] Distance: 92 cm
2025-05-30 13:46:33,975 - INFO - [SENSOR] Distance: 145 cm
2025-05-30 13:46:33,982 - INFO - [SENSOR] Distance: 129 cm
2025-05-30 13:46:33,986 - INFO - [SENSOR] Distance: 109 cm
2025-05-30 13:46:34,030 - INFO - [SENSOR] Distance: 142 cm
2025-05-30 13:46:34,062 - INFO - [SENSOR] Distance: 127 cm
2025-05-30 13:46:34,098 - INFO - [SENSOR] Distance: 133 cm
2025-05-30 13:46:34,130 - INFO - [SENSOR] Distance: 143 cm
2025-05-30 13:46:34,163 - INFO - [SENSOR] Distance: 79 cm
2025-05-30 13:46:34,198 - INFO - [SENSOR] Distance: 113 cm
2025-05-30 13:46:34,230 - INFO - [SENSOR] Distance: 32 cm
2025-05-30 13:46:34,371 - INFO - [SENSOR] Distance: 110 cm
2025-05-30 13:46:34,376 - INFO - [SENSOR] Distance: 82 cm
2025-05-30 13:46:34,388 - INFO - [SENSOR] Distance: 118 cm
2025-05-30 13:46:34,393 - INFO - [SENSOR] Distance: 65 cm
2025-05-30 13:46:34,430 - INFO - [SENSOR] Distance: 89 cm
2025-05-30 13:46:34,463 - INFO - [SENSOR] Distance: 68 cm
2025-05-30 13:46:34,498 - INFO - [SENSOR] Distance: 33 cm
2025-05-30 13:46:34,627 - INFO - [SENSOR] Distance: 84 cm
2025-05-30 13:46:34,635 - INFO - [SENSOR] Distance: 71 cm
2025-05-30 13:46:34,639 - INFO - [SENSOR] Distance: 84 cm
2025-05-30 13:46:34,645 - INFO - [SENSOR] Distance: 28 cm
2025-05-30 13:46:34,730 - INFO - [SENSOR] Distance: 88 cm
2025-05-30 13:46:34,735 - INFO - [SENSOR] Distance: 132 cm
2025-05-30 13:46:34,739 - INFO - [SENSOR] Distance: 81 cm
2025-05-30 13:46:34,763 - INFO - [SENSOR] Distance: 133 cm
2025-05-30 13:46:34,795 - INFO - [SENSOR] Distance: 21 cm
2025-05-30 13:46:34,906 - INFO - [SENSOR] Distance: 109 cm
2025-05-30 13:46:34,917 - INFO - [SENSOR] Distance: 111 cm
2025-05-30 13:46:34,921 - INFO - [SENSOR] Distance: 140 cm
2025-05-30 13:46:34,931 - INFO - [SENSOR] Distance: 81 cm
2025-05-30 13:46:34,963 - INFO - [SENSOR] Distance: 14 cm
2025-05-30 13:46:35,179 - INFO - [SENSOR] Distance: 16 cm
2025-05-30 13:46:35,289 - INFO - [SENSOR] Distance: 128 cm
2025-05-30 13:46:35,300 - INFO - [SENSOR] Distance: 17 cm
2025-05-30 13:46:35,386 - INFO - [SENSOR] Distance: 107 cm
2025-05-30 13:46:35,392 - INFO - [SENSOR] Distance: 81 cm
2025-05-30 13:46:35,396 - INFO - [SENSOR] Distance: 121 cm
2025-05-30 13:46:35,402 - INFO - [SENSOR] Distance: 78 cm
2025-05-30 13:46:35,426 - INFO - [SENSOR] Distance: 132 cm
2025-05-30 13:46:35,462 - INFO - [SENSOR] Distance: 104 cm
2025-05-30 13:46:35,495 - INFO - [SENSOR] Distance: 125 cm
2025-05-30 13:46:35,527 - INFO - [SENSOR] Distance: 60 cm
2025-05-30 13:46:35,562 - INFO - [SENSOR] Distance: 111 cm
2025-05-30 13:46:35,595 - INFO - [SENSOR] Distance: 97 cm
2025-05-30 13:46:35,626 - INFO - [SENSOR] Distance: 18 cm
2025-05-30 13:46:35,766 - INFO - [SENSOR] Distance: 90 cm
2025-05-30 13:46:35,770 - INFO - [SENSOR] Distance: 123 cm
2025-05-30 13:46:35,774 - INFO - [SENSOR] Distance: 98 cm
2025-05-30 13:46:35,781 - INFO - [SENSOR] Distance: 107 cm
2025-05-30 13:46:35,826 - INFO - [SENSOR] Distance: 116 cm
2025-05-30 13:46:35,858 - INFO - [SENSOR] Distance: 91 cm
2025-05-30 13:46:35,895 - INFO - [SENSOR] Distance: 118 cm
2025-05-30 13:46:35,926 - INFO - [SENSOR] Distance: 86 cm
2025-05-30 13:46:35,959 - INFO - [SENSOR] Distance: 137 cm
2025-05-30 13:46:35,994 - INFO - [SENSOR] Distance: 92 cm
2025-05-30 13:46:36,027 - INFO - [SENSOR] Distance: 60 cm
2025-05-30 13:46:36,058 - INFO - [SENSOR] Distance: 75 cm
2025-05-30 13:46:36,094 - INFO - [SENSOR] Distance: 130 cm
2025-05-30 13:46:36,127 - INFO - [SENSOR] Distance: 125 cm
2025-05-30 13:46:36,158 - INFO - [SENSOR] Distance: 143 cm
2025-05-30 13:46:36,195 - INFO - [SENSOR] Distance: 60 cm
2025-05-30 13:46:36,227 - INFO - [SENSOR] Distance: 64 cm
2025-05-30 13:46:36,258 - INFO - [SENSOR] Distance: 109 cm
2025-05-30 13:46:36,290 - INFO - [SENSOR] Distance: 73 cm
2025-05-30 13:46:36,326 - INFO - [SENSOR] Distance: 146 cm
2025-05-30 13:46:36,357 - INFO - [SENSOR] Distance: 139 cm
2025-05-30 13:46:36,389 - INFO - [SENSOR] Distance: 69 cm
2025-05-30 13:46:36,426 - INFO - [SENSOR] Distance: 137 cm
2025-05-30 13:46:36,457 - INFO - [SENSOR] Distance: 95 cm
2025-05-30 13:46:36,490 - INFO - [SENSOR] Distance: 112 cm
2025-05-30 13:46:36,527 - INFO - [SENSOR] Distance: 133 cm
2025-05-30 13:46:36,558 - INFO - [SENSOR] Distance: 130 cm
2025-05-30 13:46:36,589 - INFO - [SENSOR] Distance: 74 cm
2025-05-30 13:46:36,626 - INFO - [SENSOR] Distance: 88 cm
2025-05-30 13:46:36,657 - INFO - [SENSOR] Distance: 17 cm
2025-05-30 13:46:36,952 - INFO - [SENSOR] Distance: 74 cm
2025-05-30 13:46:36,963 - INFO - [SENSOR] Distance: 113 cm
2025-05-30 13:46:36,969 - INFO - [SENSOR] Distance: 69 cm
2025-05-30 13:46:36,975 - INFO - [SENSOR] Distance: 83 cm
2025-05-30 13:46:36,989 - INFO - [SENSOR] Distance: 150 cm
2025-05-30 13:46:37,021 - INFO - [SENSOR] Distance: 76 cm
2025-05-30 13:46:37,057 - INFO - [SENSOR] Distance: 14 cm
2025-05-30 13:46:37,170 - INFO - [SENSOR] Distance: 115 cm
2025-05-30 13:46:37,179 - INFO - [SENSOR] Distance: 67 cm
2025-05-30 13:46:37,185 - INFO - [SENSOR] Distance: 19 cm
2025-05-30 13:46:37,290 - INFO - [SENSOR] Distance: 99 cm
2025-05-30 13:46:37,297 - INFO - [SENSOR] Distance: 145 cm
2025-05-30 13:46:37,302 - INFO - [SENSOR] Distance: 110 cm
2025-05-30 13:46:37,306 - INFO - [SENSOR] Distance: 148 cm
2025-05-30 13:46:37,321 - INFO - [SENSOR] Distance: 106 cm
2025-05-30 13:46:37,354 - INFO - [SENSOR] Distance: 132 cm
2025-05-30 13:46:37,389 - INFO - [SENSOR] Distance: 113 cm
2025-05-30 13:46:37,422 - INFO - [SENSOR] Distance: 11 cm
2025-05-30 13:46:37,545 - INFO - [SENSOR] Distance: 64 cm
2025-05-30 13:46:37,550 - INFO - [SENSOR] Distance: 62 cm
2025-05-30 13:46:37,560 - INFO - [SENSOR] Distance: 88 cm
2025-05-30 13:46:37,566 - INFO - [SENSOR] Distance: 39 cm
2025-05-30 13:46:37,670 - INFO - [SENSOR] Distance: 135 cm
2025-05-30 13:46:37,675 - INFO - [SENSOR] Distance: 76 cm
2025-05-30 13:46:37,680 - INFO - [SENSOR] Distance: 120 cm
2025-05-30 13:46:37,690 - INFO - [SENSOR] Distance: 68 cm
2025-05-30 13:46:37,722 - INFO - [SENSOR] Distance: 70 cm
2025-05-30 13:46:37,754 - INFO - [SENSOR] Distance: 82 cm
2025-05-30 13:46:37,790 - INFO - [SENSOR] Distance: 135 cm
2025-05-30 13:46:37,822 - INFO - [SENSOR] Distance: 68 cm
2025-05-30 13:46:37,854 - INFO - [SENSOR] Distance: 88 cm
2025-05-30 13:46:37,890 - INFO - [SENSOR] Distance: 117 cm
2025-05-30 13:46:37,922 - INFO - [SENSOR] Distance: 109 cm
2025-05-30 13:46:37,954 - INFO - [SENSOR] Distance: 106 cm
2025-05-30 13:46:37,986 - INFO - [SENSOR] Distance: 124 cm
2025-05-30 13:46:38,022 - INFO - [SENSOR] Distance: 145 cm
2025-05-30 13:46:38,054 - INFO - [SENSOR] Distance: 127 cm
2025-05-30 13:46:38,086 - INFO - [SENSOR] Distance: 18 cm
2025-05-30 13:46:38,307 - INFO - [SENSOR] Distance: 91 cm
2025-05-30 13:46:38,311 - INFO - [SENSOR] Distance: 115 cm
2025-05-30 13:46:38,315 - INFO - [SENSOR] Distance: 121 cm
2025-05-30 13:46:38,320 - INFO - [SENSOR] Distance: 115 cm
2025-05-30 13:46:38,354 - INFO - [SENSOR] Distance: 78 cm
2025-05-30 13:46:38,386 - INFO - [SENSOR] Distance: 65 cm
2025-05-30 13:46:38,422 - INFO - [SENSOR] Distance: 94 cm
2025-05-30 13:46:38,454 - INFO - [SENSOR] Distance: 100 cm
2025-05-30 13:46:38,486 - INFO - [SENSOR] Distance: 63 cm
2025-05-30 13:46:38,518 - INFO - [SENSOR] Distance: 119 cm
2025-05-30 13:46:38,554 - INFO - [SENSOR] Distance: 88 cm
2025-05-30 13:46:38,586 - INFO - [SENSOR] Distance: 70 cm
2025-05-30 13:46:38,618 - INFO - [SENSOR] Distance: 90 cm
2025-05-30 13:46:38,654 - INFO - [SENSOR] Distance: 20 cm
2025-05-30 13:46:38,798 - INFO - [SENSOR] Distance: 121 cm
2025-05-30 13:46:38,802 - INFO - [SENSOR] Distance: 127 cm
2025-05-30 13:46:38,806 - INFO - [SENSOR] Distance: 134 cm
2025-05-30 13:46:38,812 - INFO - [SENSOR] Distance: 31 cm
2025-05-30 13:46:38,895 - INFO - [SENSOR] Distance: 133 cm
2025-05-30 13:46:38,898 - INFO - [SENSOR] Distance: 125 cm
2025-05-30 13:46:38,917 - INFO - [SENSOR] Distance: 95 cm
2025-05-30 13:46:38,954 - INFO - [SENSOR] Distance: 115 cm
2025-05-30 13:46:38,986 - INFO - [SENSOR] Distance: 95 cm
2025-05-30 13:46:39,018 - INFO - [SENSOR] Distance: 12 cm
2025-05-30 13:46:39,155 - INFO - [SENSOR] Distance: 105 cm
2025-05-30 13:46:39,159 - INFO - [SENSOR] Distance: 150 cm
2025-05-30 13:46:39,165 - INFO - [SENSOR] Distance: 144 cm
2025-05-30 13:46:39,169 - INFO - [SENSOR] Distance: 60 cm
2025-05-30 13:46:39,218 - INFO - [SENSOR] Distance: 141 cm
2025-05-30 13:46:39,250 - INFO - [SENSOR] Distance: 95 cm
2025-05-30 13:46:39,286 - INFO - [SENSOR] Distance: 73 cm
2025-05-30 13:46:39,318 - INFO - [SENSOR] Distance: 128 cm
2025-05-30 13:46:39,350 - INFO - [SENSOR] Distance: 103 cm
2025-05-30 13:46:39,386 - INFO - [SENSOR] Distance: 144 cm
2025-05-30 13:46:39,418 - INFO - [SENSOR] Distance: 130 cm
2025-05-30 13:46:39,450 - INFO - [SENSOR] Distance: 89 cm
2025-05-30 13:46:39,487 - INFO - [SENSOR] Distance: 86 cm
2025-05-30 13:46:39,518 - INFO - [SENSOR] Distance: 40 cm
2025-05-30 13:46:39,655 - INFO - [SENSOR] Distance: 61 cm
2025-05-30 13:46:39,659 - INFO - [SENSOR] Distance: 119 cm
2025-05-30 13:46:39,664 - INFO - [SENSOR] Distance: 133 cm
2025-05-30 13:46:39,668 - INFO - [SENSOR] Distance: 98 cm
2025-05-30 13:46:39,718 - INFO - [SENSOR] Distance: 127 cm
2025-05-30 13:46:39,750 - INFO - [SENSOR] Distance: 34 cm
2025-05-30 13:46:39,889 - INFO - [SENSOR] Distance: 143 cm
2025-05-30 13:46:39,893 - INFO - [SENSOR] Distance: 95 cm
2025-05-30 13:46:39,898 - INFO - [SENSOR] Distance: 125 cm
2025-05-30 13:46:39,902 - INFO - [SENSOR] Distance: 60 cm
2025-05-30 13:46:39,950 - INFO - [SENSOR] Distance: 111 cm
2025-05-30 13:46:39,982 - INFO - [SENSOR] Distance: 109 cm
2025-05-30 13:46:40,018 - INFO - [SENSOR] Distance: 126 cm
2025-05-30 13:46:40,050 - INFO - [SENSOR] Distance: 122 cm
2025-05-30 13:46:40,082 - INFO - [SENSOR] Distance: 70 cm
2025-05-30 13:46:40,118 - INFO - [SENSOR] Distance: 127 cm
2025-05-30 13:46:40,150 - INFO - [SENSOR] Distance: 93 cm
2025-05-30 13:46:40,183 - INFO - [SENSOR] Distance: 104 cm
2025-05-30 13:46:40,214 - INFO - [SENSOR] Distance: 96 cm
2025-05-30 13:46:40,251 - INFO - [SENSOR] Distance: 115 cm
2025-05-30 13:46:40,282 - INFO - [SENSOR] Distance: 98 cm
2025-05-30 13:46:40,314 - INFO - [SENSOR] Distance: 137 cm
2025-05-30 13:46:40,352 - INFO - [SENSOR] Distance: 130 cm
2025-05-30 13:46:40,382 - INFO - [SENSOR] Distance: 135 cm
2025-05-30 13:46:40,414 - INFO - [SENSOR] Distance: 125 cm
2025-05-30 13:46:40,450 - INFO - [SENSOR] Distance: 94 cm
2025-05-30 13:46:40,482 - INFO - [SENSOR] Distance: 147 cm
2025-05-30 13:46:40,515 - INFO - [SENSOR] Distance: 121 cm
2025-05-30 13:46:40,550 - INFO - [SENSOR] Distance: 18 cm
2025-05-30 13:46:40,706 - INFO - [SENSOR] Distance: 116 cm
2025-05-30 13:46:40,712 - INFO - [SENSOR] Distance: 115 cm
2025-05-30 13:46:40,718 - INFO - [SENSOR] Distance: 107 cm
2025-05-30 13:46:40,722 - INFO - [SENSOR] Distance: 90 cm
2025-05-30 13:46:40,745 - INFO - [SENSOR] Distance: 72 cm
2025-05-30 13:46:40,782 - INFO - [SENSOR] Distance: 96 cm
2025-05-30 13:46:40,815 - INFO - [SENSOR] Distance: 144 cm
2025-05-30 13:46:40,846 - INFO - [SENSOR] Distance: 124 cm
2025-05-30 13:46:40,882 - INFO - [SENSOR] Distance: 124 cm
2025-05-30 13:46:40,914 - INFO - [SENSOR] Distance: 95 cm
2025-05-30 13:46:40,945 - INFO - [SENSOR] Distance: 106 cm
2025-05-30 13:46:40,981 - INFO - [SENSOR] Distance: 94 cm
2025-05-30 13:46:41,014 - INFO - [SENSOR] Distance: 140 cm
2025-05-30 13:46:41,045 - INFO - [SENSOR] Distance: 136 cm
2025-05-30 13:46:41,082 - INFO - [SENSOR] Distance: 126 cm
2025-05-30 13:46:41,115 - INFO - [SENSOR] Distance: 146 cm
2025-05-30 13:46:41,146 - INFO - [SENSOR] Distance: 128 cm
2025-05-30 13:46:41,183 - INFO - [SENSOR] Distance: 127 cm
2025-05-30 13:46:41,214 - INFO - [SENSOR] Distance: 104 cm
2025-05-30 13:46:41,246 - INFO - [SENSOR] Distance: 64 cm
2025-05-30 13:46:41,283 - INFO - [SENSOR] Distance: 92 cm
2025-05-30 13:46:41,314 - INFO - [SENSOR] Distance: 102 cm
2025-05-30 13:46:41,345 - INFO - [SENSOR] Distance: 13 cm
2025-05-30 13:46:41,518 - INFO - [SENSOR] Distance: 108 cm
2025-05-30 13:46:41,527 - INFO - [SENSOR] Distance: 89 cm
2025-05-30 13:46:41,532 - INFO - [SENSOR] Distance: 150 cm
2025-05-30 13:46:41,538 - INFO - [SENSOR] Distance: 115 cm
2025-05-30 13:46:41,578 - INFO - [SENSOR] Distance: 84 cm
2025-05-30 13:46:41,614 - INFO - [SENSOR] Distance: 60 cm
2025-05-30 13:46:41,646 - INFO - [SENSOR] Distance: 67 cm
2025-05-30 13:46:41,678 - INFO - [SENSOR] Distance: 148 cm
2025-05-30 13:46:41,713 - INFO - [SENSOR] Distance: 75 cm
2025-05-30 13:46:41,745 - INFO - [SENSOR] Distance: 122 cm
2025-05-30 13:46:41,778 - INFO - [SENSOR] Distance: 145 cm
2025-05-30 13:46:41,815 - INFO - [SENSOR] Distance: 88 cm
2025-05-30 13:46:41,845 - INFO - [SENSOR] Distance: 120 cm
2025-05-30 13:46:41,878 - INFO - [SENSOR] Distance: 67 cm
2025-05-30 13:46:41,911 - INFO - [SENSOR] Distance: 132 cm
2025-05-30 13:46:41,946 - INFO - [SENSOR] Distance: 38 cm
2025-05-30 13:46:42,075 - INFO - [SENSOR] Distance: 104 cm
2025-05-30 13:46:42,083 - INFO - [SENSOR] Distance: 75 cm
2025-05-30 13:46:42,087 - INFO - [SENSOR] Distance: 110 cm
2025-05-30 13:46:42,097 - INFO - [SENSOR] Distance: 118 cm
2025-05-30 13:46:42,110 - INFO - [SENSOR] Distance: 35 cm
2025-05-30 13:46:42,194 - INFO - [SENSOR] Distance: 146 cm
2025-05-30 13:46:42,202 - INFO - [SENSOR] Distance: 141 cm
2025-05-30 13:46:42,212 - INFO - [SENSOR] Distance: 24 cm
2025-05-30 13:46:42,304 - INFO - [SENSOR] Distance: 140 cm
2025-05-30 13:46:42,309 - INFO - [SENSOR] Distance: 113 cm
2025-05-30 13:46:42,316 - INFO - [SENSOR] Distance: 64 cm
2025-05-30 13:46:42,346 - INFO - [SENSOR] Distance: 65 cm
2025-05-30 13:46:42,378 - INFO - [SENSOR] Distance: 89 cm
2025-05-30 13:46:42,411 - INFO - [SENSOR] Distance: 107 cm
2025-05-30 13:46:42,443 - INFO - [SENSOR] Distance: 130 cm
2025-05-30 13:46:42,478 - INFO - [SENSOR] Distance: 81 cm
2025-05-30 13:46:42,511 - INFO - [SENSOR] Distance: 127 cm
2025-05-30 13:46:42,542 - INFO - [SENSOR] Distance: 105 cm
2025-05-30 13:46:42,578 - INFO - [SENSOR] Distance: 116 cm
2025-05-30 13:46:42,611 - INFO - [SENSOR] Distance: 139 cm
2025-05-30 13:46:42,642 - INFO - [SENSOR] Distance: 138 cm
2025-05-30 13:46:42,678 - INFO - [SENSOR] Distance: 133 cm
2025-05-30 13:46:42,710 - INFO - [SENSOR] Distance: 29 cm
2025-05-30 13:46:42,855 - INFO - [SENSOR] Distance: 61 cm
2025-05-30 13:46:42,860 - INFO - [SENSOR] Distance: 137 cm
2025-05-30 13:46:42,866 - INFO - [SENSOR] Distance: 68 cm
2025-05-30 13:46:42,871 - INFO - [SENSOR] Distance: 144 cm
2025-05-30 13:46:42,911 - INFO - [SENSOR] Distance: 93 cm
2025-05-30 13:46:42,943 - INFO - [SENSOR] Distance: 105 cm
2025-05-30 13:46:42,978 - INFO - [SENSOR] Distance: 80 cm
2025-05-30 13:46:43,010 - INFO - [SENSOR] Distance: 96 cm
2025-05-30 13:46:43,043 - INFO - [SENSOR] Distance: 69 cm
2025-05-30 13:46:43,074 - INFO - [SENSOR] Distance: 64 cm
2025-05-30 13:46:43,111 - INFO - [SENSOR] Distance: 145 cm
2025-05-30 13:46:43,142 - INFO - [SENSOR] Distance: 66 cm
2025-05-30 13:46:43,174 - INFO - [SENSOR] Distance: 138 cm
2025-05-30 13:46:43,211 - INFO - [SENSOR] Distance: 127 cm
2025-05-30 13:46:43,242 - INFO - [SENSOR] Distance: 108 cm
2025-05-30 13:46:43,274 - INFO - [SENSOR] Distance: 143 cm
2025-05-30 13:46:43,311 - INFO - [SENSOR] Distance: 66 cm
2025-05-30 13:46:43,344 - INFO - [SENSOR] Distance: 62 cm
2025-05-30 13:46:43,374 - INFO - [SENSOR] Distance: 83 cm
2025-05-30 13:46:43,411 - INFO - [SENSOR] Distance: 147 cm
2025-05-30 13:46:43,443 - INFO - [SENSOR] Distance: 146 cm
2025-05-30 13:46:43,474 - INFO - [SENSOR] Distance: 126 cm
2025-05-30 13:46:43,511 - INFO - [SENSOR] Distance: 133 cm
2025-05-30 13:46:43,542 - INFO - [SENSOR] Distance: 105 cm
2025-05-30 13:46:43,574 - INFO - [SENSOR] Distance: 19 cm
2025-05-30 13:46:43,709 - INFO - [SENSOR] Distance: 105 cm
2025-05-30 13:46:43,714 - INFO - [SENSOR] Distance: 96 cm
2025-05-30 13:46:43,721 - INFO - [SENSOR] Distance: 122 cm
2025-05-30 13:46:43,730 - INFO - [SENSOR] Distance: 19 cm
2025-05-30 13:46:43,820 - INFO - [SENSOR] Distance: 142 cm
2025-05-30 13:46:43,825 - INFO - [SENSOR] Distance: 65 cm
2025-05-30 13:46:43,843 - INFO - [SENSOR] Distance: 116 cm
2025-05-30 13:46:43,874 - INFO - [SENSOR] Distance: 103 cm
2025-05-30 13:46:43,906 - INFO - [SENSOR] Distance: 103 cm
2025-05-30 13:46:43,943 - INFO - [SENSOR] Distance: 112 cm
2025-05-30 13:46:43,974 - INFO - [SENSOR] Distance: 135 cm
2025-05-30 13:46:44,006 - INFO - [SENSOR] Distance: 101 cm
2025-05-30 13:46:44,043 - INFO - [SENSOR] Distance: 121 cm
2025-05-30 13:46:44,075 - INFO - [SENSOR] Distance: 139 cm
2025-05-30 13:46:44,106 - INFO - [SENSOR] Distance: 93 cm
2025-05-30 13:46:44,138 - INFO - [SENSOR] Distance: 146 cm
2025-05-30 13:46:44,174 - INFO - [SENSOR] Distance: 93 cm
2025-05-30 13:46:44,206 - INFO - [SENSOR] Distance: 123 cm
2025-05-30 13:46:44,238 - INFO - [SENSOR] Distance: 135 cm
2025-05-30 13:46:44,275 - INFO - [SENSOR] Distance: 95 cm
2025-05-30 13:46:44,306 - INFO - [SENSOR] Distance: 88 cm
2025-05-30 13:46:44,338 - INFO - [SENSOR] Distance: 10 cm
2025-05-30 13:46:44,514 - INFO - [SENSOR] Distance: 134 cm
2025-05-30 13:46:44,530 - INFO - [SENSOR] Distance: 63 cm
2025-05-30 13:46:44,535 - INFO - [SENSOR] Distance: 132 cm
2025-05-30 13:46:44,539 - INFO - [SENSOR] Distance: 74 cm
2025-05-30 13:46:44,574 - INFO - [SENSOR] Distance: 72 cm
2025-05-30 13:46:44,606 - INFO - [SENSOR] Distance: 62 cm
2025-05-30 13:46:44,638 - INFO - [SENSOR] Distance: 110 cm
2025-05-30 13:46:44,674 - INFO - [SENSOR] Distance: 106 cm
2025-05-30 13:46:44,705 - INFO - [SENSOR] Distance: 123 cm
2025-05-30 13:46:44,738 - INFO - [SENSOR] Distance: 60 cm
2025-05-30 13:46:44,769 - INFO - [SENSOR] Distance: 89 cm
2025-05-30 13:46:44,805 - INFO - [SENSOR] Distance: 77 cm
2025-05-30 13:46:44,838 - INFO - [SENSOR] Distance: 97 cm
2025-05-30 13:46:44,869 - INFO - [SENSOR] Distance: 98 cm
2025-05-30 13:46:44,906 - INFO - [SENSOR] Distance: 139 cm
2025-05-30 13:46:44,938 - INFO - [SENSOR] Distance: 63 cm
2025-05-30 13:46:44,969 - INFO - [SENSOR] Distance: 115 cm
2025-05-30 13:46:45,006 - INFO - [SENSOR] Distance: 91 cm
2025-05-30 13:46:45,037 - INFO - [SENSOR] Distance: 129 cm
2025-05-30 13:46:45,070 - INFO - [SENSOR] Distance: 68 cm
2025-05-30 13:46:45,106 - INFO - [SENSOR] Distance: 125 cm
2025-05-30 13:46:45,137 - INFO - [SENSOR] Distance: 122 cm
2025-05-30 13:46:45,170 - INFO - [SENSOR] Distance: 71 cm
2025-05-30 13:46:45,206 - INFO - [SENSOR] Distance: 105 cm
2025-05-30 13:46:45,238 - INFO - [SENSOR] Distance: 120 cm
2025-05-30 13:46:45,273 - INFO - [SENSOR] Distance: 66 cm
2025-05-30 13:46:45,302 - INFO - [SENSOR] Distance: 109 cm
2025-05-30 13:46:45,338 - INFO - [SENSOR] Distance: 135 cm
2025-05-30 13:46:45,371 - INFO - [SENSOR] Distance: 82 cm
2025-05-30 13:46:45,402 - INFO - [SENSOR] Distance: 118 cm
2025-05-30 13:46:45,438 - INFO - [SENSOR] Distance: 100 cm
2025-05-30 13:46:45,470 - INFO - [SENSOR] Distance: 102 cm
2025-05-30 13:46:45,502 - INFO - [SENSOR] Distance: 102 cm
2025-05-30 13:46:45,538 - INFO - [SENSOR] Distance: 61 cm
2025-05-30 13:46:45,570 - INFO - [SENSOR] Distance: 119 cm
2025-05-30 13:46:45,602 - INFO - [SENSOR] Distance: 21 cm
2025-05-30 13:46:45,764 - INFO - [SENSOR] Distance: 95 cm
2025-05-30 13:46:45,777 - INFO - [SENSOR] Distance: 90 cm
2025-05-30 13:46:45,783 - INFO - [SENSOR] Distance: 134 cm
2025-05-30 13:46:45,787 - INFO - [SENSOR] Distance: 90 cm
2025-05-30 13:46:45,801 - INFO - [SENSOR] Distance: 132 cm
2025-05-30 13:46:45,834 - INFO - [SENSOR] Distance: 71 cm
2025-05-30 13:46:45,870 - INFO - [SENSOR] Distance: 105 cm
2025-05-30 13:46:45,902 - INFO - [SENSOR] Distance: 105 cm
2025-05-30 13:46:45,934 - INFO - [SENSOR] Distance: 108 cm
2025-05-30 13:46:45,970 - INFO - [SENSOR] Distance: 68 cm
2025-05-30 13:46:46,002 - INFO - [SENSOR] Distance: 143 cm
2025-05-30 13:46:46,034 - INFO - [SENSOR] Distance: 80 cm
2025-05-30 13:46:46,070 - INFO - [SENSOR] Distance: 148 cm
2025-05-30 13:46:46,102 - INFO - [SENSOR] Distance: 112 cm
2025-05-30 13:46:46,134 - INFO - [SENSOR] Distance: 148 cm
2025-05-30 13:46:46,170 - INFO - [SENSOR] Distance: 73 cm
2025-05-30 13:46:46,202 - INFO - [SENSOR] Distance: 102 cm
2025-05-30 13:46:46,234 - INFO - [SENSOR] Distance: 21 cm
2025-05-30 13:46:46,382 - INFO - [SENSOR] Distance: 115 cm
2025-05-30 13:46:46,386 - INFO - [SENSOR] Distance: 135 cm
2025-05-30 13:46:46,397 - INFO - [SENSOR] Distance: 109 cm
2025-05-30 13:46:46,404 - INFO - [SENSOR] Distance: 60 cm
2025-05-30 13:46:46,433 - INFO - [SENSOR] Distance: 148 cm
2025-05-30 13:46:46,466 - INFO - [SENSOR] Distance: 86 cm
2025-05-30 13:46:46,502 - INFO - [SENSOR] Distance: 18 cm
2025-05-30 13:46:46,639 - INFO - [SENSOR] Distance: 88 cm
2025-05-30 13:46:46,644 - INFO - [SENSOR] Distance: 82 cm
2025-05-30 13:46:46,651 - INFO - [SENSOR] Distance: 140 cm
2025-05-30 13:46:46,656 - INFO - [SENSOR] Distance: 83 cm
2025-05-30 13:46:46,702 - INFO - [SENSOR] Distance: 39 cm
2025-05-30 13:46:46,804 - INFO - [SENSOR] Distance: 146 cm
2025-05-30 13:46:46,808 - INFO - [SENSOR] Distance: 62 cm
2025-05-30 13:46:46,816 - INFO - [SENSOR] Distance: 99 cm
2025-05-30 13:46:46,833 - INFO - [SENSOR] Distance: 98 cm
2025-05-30 13:46:46,866 - INFO - [SENSOR] Distance: 129 cm
2025-05-30 13:46:46,902 - INFO - [SENSOR] Distance: 68 cm
2025-05-30 13:46:46,934 - INFO - [SENSOR] Distance: 94 cm
2025-05-30 13:46:46,966 - INFO - [SENSOR] Distance: 75 cm
2025-05-30 13:46:46,998 - INFO - [SENSOR] Distance: 68 cm
2025-05-30 13:46:47,034 - INFO - [SENSOR] Distance: 133 cm
2025-05-30 13:46:47,066 - INFO - [SENSOR] Distance: 146 cm
2025-05-30 13:46:47,098 - INFO - [SENSOR] Distance: 116 cm
2025-05-30 13:46:47,133 - INFO - [SENSOR] Distance: 92 cm
2025-05-30 13:46:47,166 - INFO - [SENSOR] Distance: 104 cm
2025-05-30 13:46:47,198 - INFO - [SENSOR] Distance: 107 cm
2025-05-30 13:46:47,234 - INFO - [SENSOR] Distance: 120 cm
2025-05-30 13:46:47,266 - INFO - [SENSOR] Distance: 80 cm
2025-05-30 13:46:47,298 - INFO - [SENSOR] Distance: 84 cm
2025-05-30 13:46:47,334 - INFO - [SENSOR] Distance: 142 cm
2025-05-30 13:46:47,366 - INFO - [SENSOR] Distance: 148 cm
2025-05-30 13:46:47,398 - INFO - [SENSOR] Distance: 132 cm
2025-05-30 13:46:47,434 - INFO - [SENSOR] Distance: 113 cm
2025-05-30 13:46:47,466 - INFO - [SENSOR] Distance: 144 cm
2025-05-30 13:46:47,499 - INFO - [SENSOR] Distance: 86 cm
2025-05-30 13:46:47,531 - INFO - [SENSOR] Distance: 148 cm
2025-05-30 13:46:47,566 - INFO - [SENSOR] Distance: 146 cm
2025-05-30 13:46:47,599 - INFO - [SENSOR] Distance: 127 cm
2025-05-30 13:46:47,630 - INFO - [SENSOR] Distance: 82 cm
2025-05-30 13:46:47,666 - INFO - [SENSOR] Distance: 134 cm
2025-05-30 13:46:47,698 - INFO - [SENSOR] Distance: 131 cm
2025-05-30 13:46:47,730 - INFO - [SENSOR] Distance: 140 cm
2025-05-30 13:46:47,766 - INFO - [SENSOR] Distance: 93 cm
2025-05-30 13:46:47,798 - INFO - [SENSOR] Distance: 104 cm
2025-05-30 13:46:47,830 - INFO - [SENSOR] Distance: 90 cm
2025-05-30 13:46:47,866 - INFO - [SENSOR] Distance: 92 cm
2025-05-30 13:46:47,898 - INFO - [SENSOR] Distance: 93 cm
2025-05-30 13:46:47,931 - INFO - [SENSOR] Distance: 143 cm
2025-05-30 13:46:47,966 - INFO - [SENSOR] Distance: 79 cm
2025-05-30 13:46:47,998 - INFO - [SENSOR] Distance: 108 cm
2025-05-30 13:46:48,030 - INFO - [SENSOR] Distance: 94 cm
2025-05-30 13:46:48,066 - INFO - [SENSOR] Distance: 129 cm
2025-05-30 13:46:48,098 - INFO - [SENSOR] Distance: 111 cm
2025-05-30 13:46:48,131 - INFO - [SENSOR] Distance: 104 cm
2025-05-30 13:46:48,162 - INFO - [SENSOR] Distance: 65 cm
2025-05-30 13:46:48,198 - INFO - [SENSOR] Distance: 133 cm
2025-05-30 13:46:48,231 - INFO - [SENSOR] Distance: 140 cm
2025-05-30 13:46:48,262 - INFO - [SENSOR] Distance: 99 cm
2025-05-30 13:46:48,298 - INFO - [SENSOR] Distance: 79 cm
2025-05-30 13:46:48,331 - INFO - [SENSOR] Distance: 68 cm
2025-05-30 13:46:48,362 - INFO - [SENSOR] Distance: 69 cm
2025-05-30 13:46:48,398 - INFO - [SENSOR] Distance: 32 cm
2025-05-30 13:46:48,543 - INFO - [SENSOR] Distance: 117 cm
2025-05-30 13:46:48,548 - INFO - [SENSOR] Distance: 79 cm
2025-05-30 13:46:48,553 - INFO - [SENSOR] Distance: 96 cm
2025-05-30 13:46:48,558 - INFO - [SENSOR] Distance: 107 cm
2025-05-30 13:46:48,598 - INFO - [SENSOR] Distance: 72 cm
2025-05-30 13:46:48,630 - INFO - [SENSOR] Distance: 107 cm
2025-05-30 13:46:48,662 - INFO - [SENSOR] Distance: 135 cm
2025-05-30 13:46:48,694 - INFO - [SENSOR] Distance: 106 cm
2025-05-30 13:46:48,731 - INFO - [SENSOR] Distance: 78 cm
2025-05-30 13:46:48,762 - INFO - [SENSOR] Distance: 34 cm
2025-05-30 13:46:48,906 - INFO - [SENSOR] Distance: 98 cm
2025-05-30 13:46:48,912 - INFO - [SENSOR] Distance: 89 cm
2025-05-30 13:46:48,919 - INFO - [SENSOR] Distance: 139 cm
2025-05-30 13:46:48,924 - INFO - [SENSOR] Distance: 144 cm
2025-05-30 13:46:48,962 - INFO - [SENSOR] Distance: 28 cm
2025-05-30 13:46:49,083 - INFO - [SENSOR] Distance: 95 cm
2025-05-30 13:46:49,092 - INFO - [SENSOR] Distance: 100 cm
2025-05-30 13:46:49,099 - INFO - [SENSOR] Distance: 123 cm
2025-05-30 13:46:49,104 - INFO - [SENSOR] Distance: 33 cm
2025-05-30 13:46:49,200 - INFO - [SENSOR] Distance: 120 cm
2025-05-30 13:46:49,207 - INFO - [SENSOR] Distance: 10 cm
2025-05-30 13:46:49,292 - INFO - [SENSOR] Distance: 125 cm
2025-05-30 13:46:49,297 - INFO - [SENSOR] Distance: 107 cm
2025-05-30 13:46:49,303 - INFO - [SENSOR] Distance: 81 cm
2025-05-30 13:46:49,307 - INFO - [SENSOR] Distance: 133 cm
2025-05-30 13:46:49,326 - INFO - [SENSOR] Distance: 125 cm
2025-05-30 13:46:49,362 - INFO - [SENSOR] Distance: 76 cm
2025-05-30 13:46:49,394 - INFO - [SENSOR] Distance: 84 cm
2025-05-30 13:46:49,427 - INFO - [SENSOR] Distance: 114 cm
2025-05-30 13:46:49,462 - INFO - [SENSOR] Distance: 107 cm
2025-05-30 13:46:49,494 - INFO - [SENSOR] Distance: 78 cm
2025-05-30 13:46:49,526 - INFO - [SENSOR] Distance: 108 cm
2025-05-30 13:46:49,562 - INFO - [SENSOR] Distance: 98 cm
2025-05-30 13:46:49,594 - INFO - [SENSOR] Distance: 142 cm
2025-05-30 13:46:49,626 - INFO - [SENSOR] Distance: 76 cm
2025-05-30 13:46:49,662 - INFO - [SENSOR] Distance: 80 cm
2025-05-30 13:46:49,694 - INFO - [SENSOR] Distance: 79 cm
2025-05-30 13:46:49,726 - INFO - [SENSOR] Distance: 115 cm
2025-05-30 13:46:49,762 - INFO - [SENSOR] Distance: 103 cm
2025-05-30 13:46:49,794 - INFO - [SENSOR] Distance: 113 cm
2025-05-30 13:46:49,826 - INFO - [SENSOR] Distance: 96 cm
2025-05-30 13:46:49,859 - INFO - [SENSOR] Distance: 111 cm
2025-05-30 13:46:49,894 - INFO - [SENSOR] Distance: 131 cm
2025-05-30 13:46:49,927 - INFO - [SENSOR] Distance: 120 cm
2025-05-30 13:46:49,958 - INFO - [SENSOR] Distance: 138 cm
2025-05-30 13:46:49,993 - INFO - [SENSOR] Distance: 111 cm
2025-05-30 13:46:50,026 - INFO - [SENSOR] Distance: 82 cm
2025-05-30 13:46:50,059 - INFO - [SENSOR] Distance: 73 cm
2025-05-30 13:46:50,094 - INFO - [SENSOR] Distance: 72 cm
2025-05-30 13:46:50,126 - INFO - [SENSOR] Distance: 135 cm
2025-05-30 13:46:50,159 - INFO - [SENSOR] Distance: 121 cm
2025-05-30 13:46:50,194 - INFO - [SENSOR] Distance: 141 cm
2025-05-30 13:46:50,226 - INFO - [SENSOR] Distance: 107 cm
2025-05-30 13:46:50,259 - INFO - [SENSOR] Distance: 87 cm
2025-05-30 13:46:50,294 - INFO - [SENSOR] Distance: 140 cm
2025-05-30 13:46:50,326 - INFO - [SENSOR] Distance: 96 cm
2025-05-30 13:46:50,358 - INFO - [SENSOR] Distance: 128 cm
2025-05-30 13:46:50,390 - INFO - [SENSOR] Distance: 88 cm
2025-05-30 13:46:50,427 - INFO - [SENSOR] Distance: 39 cm
2025-05-30 13:46:50,574 - INFO - [SENSOR] Distance: 128 cm
2025-05-30 13:46:50,581 - INFO - [SENSOR] Distance: 138 cm
2025-05-30 13:46:50,589 - INFO - [SENSOR] Distance: 65 cm
2025-05-30 13:46:50,602 - INFO - [SENSOR] Distance: 10 cm
2025-05-30 13:46:50,765 - INFO - [SENSOR] Distance: 95 cm
2025-05-30 13:46:50,779 - INFO - [SENSOR] Distance: 10 cm
2025-05-30 13:46:50,880 - INFO - [SENSOR] Distance: 105 cm
2025-05-30 13:46:50,886 - INFO - [SENSOR] Distance: 126 cm
2025-05-30 13:46:50,891 - INFO - [SENSOR] Distance: 143 cm
2025-05-30 13:46:50,896 - INFO - [SENSOR] Distance: 11 cm
2025-05-30 13:46:50,973 - INFO - [SENSOR] Distance: 90 cm
2025-05-30 13:46:50,978 - INFO - [SENSOR] Distance: 113 cm
2025-05-30 13:46:50,990 - INFO - [SENSOR] Distance: 85 cm
2025-05-30 13:46:51,021 - INFO - [SENSOR] Distance: 96 cm
2025-05-30 13:46:51,058 - INFO - [SENSOR] Distance: 70 cm
2025-05-30 13:46:51,090 - INFO - [SENSOR] Distance: 69 cm
2025-05-30 13:46:51,121 - INFO - [SENSOR] Distance: 82 cm
2025-05-30 13:46:51,159 - INFO - [SENSOR] Distance: 118 cm
2025-05-30 13:46:51,189 - INFO - [SENSOR] Distance: 137 cm
2025-05-30 13:46:51,221 - INFO - [SENSOR] Distance: 140 cm
2025-05-30 13:46:51,258 - INFO - [SENSOR] Distance: 72 cm
2025-05-30 13:46:51,290 - INFO - [SENSOR] Distance: 121 cm
2025-05-30 13:46:51,321 - INFO - [SENSOR] Distance: 143 cm
2025-05-30 13:46:51,360 - INFO - [SENSOR] Distance: 102 cm
2025-05-30 13:46:51,390 - INFO - [SENSOR] Distance: 70 cm
2025-05-30 13:46:51,421 - INFO - [SENSOR] Distance: 78 cm
2025-05-30 13:46:51,458 - INFO - [SENSOR] Distance: 104 cm
2025-05-30 13:46:51,489 - INFO - [SENSOR] Distance: 124 cm
2025-05-30 13:46:51,521 - INFO - [SENSOR] Distance: 112 cm
2025-05-30 13:46:51,553 - INFO - [SENSOR] Distance: 117 cm
2025-05-30 13:46:51,590 - INFO - [SENSOR] Distance: 78 cm
2025-05-30 13:46:51,621 - INFO - [SENSOR] Distance: 118 cm
2025-05-30 13:46:51,653 - INFO - [SENSOR] Distance: 113 cm
2025-05-30 13:46:51,691 - INFO - [SENSOR] Distance: 78 cm
2025-05-30 13:46:51,721 - INFO - [SENSOR] Distance: 103 cm
2025-05-30 13:46:51,753 - INFO - [SENSOR] Distance: 82 cm
2025-05-30 13:46:51,790 - INFO - [SENSOR] Distance: 36 cm
2025-05-30 13:46:51,925 - INFO - [SENSOR] Distance: 106 cm
2025-05-30 13:46:51,931 - INFO - [SENSOR] Distance: 130 cm
2025-05-30 13:46:51,938 - INFO - [SENSOR] Distance: 119 cm
2025-05-30 13:46:51,945 - INFO - [SENSOR] Distance: 144 cm
2025-05-30 13:46:51,953 - INFO - [SENSOR] Distance: 105 cm
2025-05-30 13:46:51,990 - INFO - [SENSOR] Distance: 64 cm
2025-05-30 13:46:52,021 - INFO - [SENSOR] Distance: 91 cm
2025-05-30 13:46:52,053 - INFO - [SENSOR] Distance: 105 cm
2025-05-30 13:46:52,085 - INFO - [SENSOR] Distance: 75 cm
2025-05-30 13:46:52,121 - INFO - [SENSOR] Distance: 72 cm
2025-05-30 13:46:52,153 - INFO - [SENSOR] Distance: 114 cm
2025-05-30 13:46:52,185 - INFO - [SENSOR] Distance: 102 cm
2025-05-30 13:46:52,221 - INFO - [SENSOR] Distance: 148 cm
2025-05-30 13:46:52,253 - INFO - [SENSOR] Distance: 97 cm
2025-05-30 13:46:52,286 - INFO - [SENSOR] Distance: 114 cm
2025-05-30 13:46:52,322 - INFO - [SENSOR] Distance: 92 cm
2025-05-30 13:46:52,354 - INFO - [SENSOR] Distance: 115 cm
2025-05-30 13:46:52,385 - INFO - [SENSOR] Distance: 105 cm
2025-05-30 13:46:52,422 - INFO - [SENSOR] Distance: 148 cm
2025-05-30 13:46:52,454 - INFO - [SENSOR] Distance: 111 cm
2025-05-30 13:46:52,486 - INFO - [SENSOR] Distance: 132 cm
2025-05-30 13:46:52,522 - INFO - [SENSOR] Distance: 60 cm
2025-05-30 13:46:52,553 - INFO - [SENSOR] Distance: 114 cm
2025-05-30 13:46:52,585 - INFO - [SENSOR] Distance: 123 cm
2025-05-30 13:46:52,618 - INFO - [SENSOR] Distance: 66 cm
2025-05-30 13:46:52,654 - INFO - [SENSOR] Distance: 130 cm
2025-05-30 13:46:52,686 - INFO - [SENSOR] Distance: 126 cm
2025-05-30 13:46:52,718 - INFO - [SENSOR] Distance: 61 cm
2025-05-30 13:46:52,753 - INFO - [SENSOR] Distance: 150 cm
2025-05-30 13:46:52,786 - INFO - [SENSOR] Distance: 90 cm
2025-05-30 13:46:52,818 - INFO - [SENSOR] Distance: 77 cm
2025-05-30 13:46:52,854 - INFO - [SENSOR] Distance: 133 cm
2025-05-30 13:46:52,886 - INFO - [SENSOR] Distance: 116 cm
2025-05-30 13:46:52,917 - INFO - [SENSOR] Distance: 98 cm
2025-05-30 13:46:52,954 - INFO - [SENSOR] Distance: 122 cm
2025-05-30 13:46:52,986 - INFO - [SENSOR] Distance: 74 cm
2025-05-30 13:46:53,018 - INFO - [SENSOR] Distance: 123 cm
2025-05-30 13:46:53,054 - INFO - [SENSOR] Distance: 71 cm
2025-05-30 13:46:53,086 - INFO - [SENSOR] Distance: 135 cm
2025-05-30 13:46:53,118 - INFO - [SENSOR] Distance: 116 cm
2025-05-30 13:46:53,153 - INFO - [SENSOR] Distance: 79 cm
2025-05-30 13:46:53,185 - INFO - [SENSOR] Distance: 10 cm
2025-05-30 13:46:53,350 - INFO - [SENSOR] Distance: 19 cm
2025-05-30 13:46:53,477 - INFO - [SENSOR] Distance: 12 cm
2025-05-30 13:46:53,579 - INFO - [SENSOR] Distance: 147 cm
2025-05-30 13:46:53,584 - INFO - [SENSOR] Distance: 97 cm
2025-05-30 13:46:53,588 - INFO - [SENSOR] Distance: 139 cm
2025-05-30 13:46:53,593 - INFO - [SENSOR] Distance: 131 cm
2025-05-30 13:46:53,617 - INFO - [SENSOR] Distance: 11 cm
2025-05-30 13:46:53,705 - INFO - [SENSOR] Distance: 119 cm
2025-05-30 13:46:53,711 - INFO - [SENSOR] Distance: 19 cm
2025-05-30 13:46:53,791 - INFO - [SENSOR] Distance: 34 cm
2025-05-30 13:46:53,868 - INFO - [SENSOR] Distance: 143 cm
2025-05-30 13:46:53,873 - INFO - [SENSOR] Distance: 94 cm
2025-05-30 13:46:53,883 - INFO - [SENSOR] Distance: 100 cm
2025-05-30 13:46:53,888 - INFO - [SENSOR] Distance: 75 cm
2025-05-30 13:46:53,918 - INFO - [SENSOR] Distance: 136 cm
2025-05-30 13:46:53,950 - INFO - [SENSOR] Distance: 125 cm
2025-05-30 13:46:53,982 - INFO - [SENSOR] Distance: 144 cm
2025-05-30 13:46:54,018 - INFO - [SENSOR] Distance: 131 cm
2025-05-30 13:46:54,050 - INFO - [SENSOR] Distance: 112 cm
2025-05-30 13:46:54,081 - INFO - [SENSOR] Distance: 75 cm
2025-05-30 13:46:54,117 - INFO - [SENSOR] Distance: 94 cm
2025-05-30 13:46:54,149 - INFO - [SENSOR] Distance: 103 cm
2025-05-30 13:46:54,182 - INFO - [SENSOR] Distance: 100 cm
2025-05-30 13:46:54,218 - INFO - [SENSOR] Distance: 118 cm
2025-05-30 13:46:54,250 - INFO - [SENSOR] Distance: 71 cm
2025-05-30 13:46:54,282 - INFO - [SENSOR] Distance: 96 cm
2025-05-30 13:46:54,314 - INFO - [SENSOR] Distance: 104 cm
2025-05-30 13:46:54,350 - INFO - [SENSOR] Distance: 107 cm
2025-05-30 13:46:54,381 - INFO - [SENSOR] Distance: 68 cm
2025-05-30 13:46:54,414 - INFO - [SENSOR] Distance: 140 cm
2025-05-30 13:46:54,450 - INFO - [SENSOR] Distance: 67 cm
2025-05-30 13:46:54,481 - INFO - [SENSOR] Distance: 120 cm
2025-05-30 13:46:54,513 - INFO - [SENSOR] Distance: 139 cm
2025-05-30 13:46:54,549 - INFO - [SENSOR] Distance: 91 cm
2025-05-30 13:46:54,581 - INFO - [SENSOR] Distance: 133 cm
2025-05-30 13:46:54,614 - INFO - [SENSOR] Distance: 103 cm
2025-05-30 13:46:54,650 - INFO - [SENSOR] Distance: 21 cm
2025-05-30 13:46:54,794 - INFO - [SENSOR] Distance: 64 cm
2025-05-30 13:46:54,799 - INFO - [SENSOR] Distance: 72 cm
2025-05-30 13:46:54,805 - INFO - [SENSOR] Distance: 67 cm
2025-05-30 13:46:54,811 - INFO - [SENSOR] Distance: 78 cm
2025-05-30 13:46:54,850 - INFO - [SENSOR] Distance: 61 cm
2025-05-30 13:46:54,882 - INFO - [SENSOR] Distance: 117 cm
2025-05-30 13:46:54,914 - INFO - [SENSOR] Distance: 136 cm
2025-05-30 13:46:54,947 - INFO - [SENSOR] Distance: 149 cm
2025-05-30 13:46:54,982 - INFO - [SENSOR] Distance: 18 cm
2025-05-30 13:46:55,134 - INFO - [SENSOR] Distance: 75 cm
2025-05-30 13:46:55,140 - INFO - [SENSOR] Distance: 61 cm
2025-05-30 13:46:55,147 - INFO - [SENSOR] Distance: 115 cm
2025-05-30 13:46:55,151 - INFO - [SENSOR] Distance: 105 cm
2025-05-30 13:46:55,181 - INFO - [SENSOR] Distance: 146 cm
2025-05-30 13:46:55,213 - INFO - [SENSOR] Distance: 79 cm
2025-05-30 13:46:55,246 - INFO - [SENSOR] Distance: 82 cm
2025-05-30 13:46:55,281 - INFO - [SENSOR] Distance: 88 cm
2025-05-30 13:46:55,314 - INFO - [SENSOR] Distance: 137 cm
2025-05-30 13:46:55,346 - INFO - [SENSOR] Distance: 132 cm
2025-05-30 13:46:55,381 - INFO - [SENSOR] Distance: 123 cm
2025-05-30 13:46:55,414 - INFO - [SENSOR] Distance: 88 cm
2025-05-30 13:46:55,446 - INFO - [SENSOR] Distance: 141 cm
2025-05-30 13:46:55,478 - INFO - [SENSOR] Distance: 138 cm
2025-05-30 13:46:55,513 - INFO - [SENSOR] Distance: 88 cm
2025-05-30 13:46:55,546 - INFO - [SENSOR] Distance: 61 cm
2025-05-30 13:46:55,577 - INFO - [SENSOR] Distance: 74 cm
2025-05-30 13:46:55,613 - INFO - [SENSOR] Distance: 86 cm
2025-05-30 13:46:55,646 - INFO - [SENSOR] Distance: 134 cm
2025-05-30 13:46:55,678 - INFO - [SENSOR] Distance: 76 cm
2025-05-30 13:46:55,713 - INFO - [SENSOR] Distance: 110 cm
2025-05-30 13:46:55,745 - INFO - [SENSOR] Distance: 104 cm
2025-05-30 13:46:55,778 - INFO - [SENSOR] Distance: 132 cm
2025-05-30 13:46:55,813 - INFO - [SENSOR] Distance: 75 cm
2025-05-30 13:46:55,846 - INFO - [SENSOR] Distance: 18 cm
2025-05-30 13:46:55,948 - INFO - [SENSOR] Distance: 148 cm
2025-05-30 13:46:55,955 - INFO - [SENSOR] Distance: 96 cm
2025-05-30 13:46:55,964 - INFO - [SENSOR] Distance: 124 cm
2025-05-30 13:46:55,977 - INFO - [SENSOR] Distance: 76 cm
2025-05-30 13:46:56,009 - INFO - [SENSOR] Distance: 119 cm
2025-05-30 13:46:56,046 - INFO - [SENSOR] Distance: 40 cm
2025-05-30 13:46:56,169 - INFO - [SENSOR] Distance: 83 cm
2025-05-30 13:46:56,176 - INFO - [SENSOR] Distance: 67 cm
2025-05-30 13:46:56,183 - INFO - [SENSOR] Distance: 104 cm
2025-05-30 13:46:56,187 - INFO - [SENSOR] Distance: 66 cm
2025-05-30 13:46:56,210 - INFO - [SENSOR] Distance: 128 cm
2025-05-30 13:46:56,246 - INFO - [SENSOR] Distance: 102 cm
2025-05-30 13:46:56,278 - INFO - [SENSOR] Distance: 32 cm
2025-05-30 13:46:56,428 - INFO - [SENSOR] Distance: 100 cm
2025-05-30 13:46:56,436 - INFO - [SENSOR] Distance: 131 cm
2025-05-30 13:46:56,443 - INFO - [SENSOR] Distance: 122 cm
2025-05-30 13:46:56,448 - INFO - [SENSOR] Distance: 113 cm
2025-05-30 13:46:56,477 - INFO - [SENSOR] Distance: 139 cm
2025-05-30 13:46:56,510 - INFO - [SENSOR] Distance: 75 cm
2025-05-30 13:46:56,547 - INFO - [SENSOR] Distance: 79 cm
2025-05-30 13:46:56,577 - INFO - [SENSOR] Distance: 85 cm
2025-05-30 13:46:56,610 - INFO - [SENSOR] Distance: 126 cm
2025-05-30 13:46:56,643 - INFO - [SENSOR] Distance: 87 cm
2025-05-30 13:46:56,678 - INFO - [SENSOR] Distance: 116 cm
2025-05-30 13:46:56,710 - INFO - [SENSOR] Distance: 87 cm
2025-05-30 13:46:56,743 - INFO - [SENSOR] Distance: 96 cm
2025-05-30 13:46:56,777 - INFO - [SENSOR] Distance: 146 cm
2025-05-30 13:46:56,809 - INFO - [SENSOR] Distance: 110 cm
2025-05-30 13:46:56,842 - INFO - [SENSOR] Distance: 133 cm
2025-05-30 13:46:56,877 - INFO - [SENSOR] Distance: 61 cm
2025-05-30 13:46:56,910 - INFO - [SENSOR] Distance: 107 cm
2025-05-30 13:46:56,942 - INFO - [SENSOR] Distance: 126 cm
2025-05-30 13:46:56,978 - INFO - [SENSOR] Distance: 97 cm
2025-05-30 13:46:57,009 - INFO - [SENSOR] Distance: 114 cm
2025-05-30 13:46:57,042 - INFO - [SENSOR] Distance: 126 cm
2025-05-30 13:46:57,077 - INFO - [SENSOR] Distance: 90 cm
2025-05-30 13:46:57,110 - INFO - [SENSOR] Distance: 66 cm
2025-05-30 13:46:57,142 - INFO - [SENSOR] Distance: 95 cm
2025-05-30 13:46:57,175 - INFO - [SENSOR] Distance: 141 cm
2025-05-30 13:46:57,209 - INFO - [SENSOR] Distance: 60 cm
2025-05-30 13:46:57,242 - INFO - [SENSOR] Distance: 128 cm
2025-05-30 13:46:57,275 - INFO - [SENSOR] Distance: 97 cm
2025-05-30 13:46:57,310 - INFO - [SENSOR] Distance: 118 cm
2025-05-30 13:46:57,342 - INFO - [SENSOR] Distance: 110 cm
2025-05-30 13:46:57,375 - INFO - [SENSOR] Distance: 72 cm
2025-05-30 13:46:57,409 - INFO - [SENSOR] Distance: 112 cm
2025-05-30 13:46:57,442 - INFO - [SENSOR] Distance: 118 cm
2025-05-30 13:46:57,475 - INFO - [SENSOR] Distance: 80 cm
2025-05-30 13:46:57,510 - INFO - [SENSOR] Distance: 71 cm
2025-05-30 13:46:57,543 - INFO - [SENSOR] Distance: 75 cm
2025-05-30 13:46:57,574 - INFO - [SENSOR] Distance: 144 cm
2025-05-30 13:46:57,610 - INFO - [SENSOR] Distance: 73 cm
2025-05-30 13:46:57,642 - INFO - [SENSOR] Distance: 93 cm
2025-05-30 13:46:57,675 - INFO - [SENSOR] Distance: 114 cm
2025-05-30 13:46:57,706 - INFO - [SENSOR] Distance: 132 cm
2025-05-30 13:46:57,742 - INFO - [SENSOR] Distance: 14 cm
2025-05-30 13:46:57,905 - INFO - [SENSOR] Distance: 145 cm
2025-05-30 13:46:57,910 - INFO - [SENSOR] Distance: 128 cm
2025-05-30 13:46:57,924 - INFO - [SENSOR] Distance: 134 cm
2025-05-30 13:46:57,931 - INFO - [SENSOR] Distance: 106 cm
2025-05-30 13:46:57,942 - INFO - [SENSOR] Distance: 107 cm
2025-05-30 13:46:57,975 - INFO - [SENSOR] Distance: 70 cm
2025-05-30 13:46:58,006 - INFO - [SENSOR] Distance: 60 cm
2025-05-30 13:46:58,042 - INFO - [SENSOR] Distance: 102 cm
2025-05-30 13:46:58,074 - INFO - [SENSOR] Distance: 126 cm
2025-05-30 13:46:58,106 - INFO - [SENSOR] Distance: 149 cm
2025-05-30 13:46:58,142 - INFO - [SENSOR] Distance: 143 cm
2025-05-30 13:46:58,174 - INFO - [SENSOR] Distance: 142 cm
2025-05-30 13:46:58,206 - INFO - [SENSOR] Distance: 73 cm
2025-05-30 13:46:58,242 - INFO - [SENSOR] Distance: 143 cm
2025-05-30 13:46:58,275 - INFO - [SENSOR] Distance: 107 cm
2025-05-30 13:46:58,306 - INFO - [SENSOR] Distance: 140 cm
2025-05-30 13:46:58,338 - INFO - [SENSOR] Distance: 137 cm
2025-05-30 13:46:58,375 - INFO - [SENSOR] Distance: 83 cm
2025-05-30 13:46:58,406 - INFO - [SENSOR] Distance: 120 cm
2025-05-30 13:46:58,438 - INFO - [SENSOR] Distance: 60 cm
2025-05-30 13:46:58,475 - INFO - [SENSOR] Distance: 113 cm
2025-05-30 13:46:58,506 - INFO - [SENSOR] Distance: 140 cm
2025-05-30 13:46:58,537 - INFO - [SENSOR] Distance: 101 cm
2025-05-30 13:46:58,574 - INFO - [SENSOR] Distance: 94 cm
2025-05-30 13:46:58,606 - INFO - [SENSOR] Distance: 74 cm
2025-05-30 13:46:58,637 - INFO - [SENSOR] Distance: 128 cm
2025-05-30 13:46:58,674 - INFO - [SENSOR] Distance: 148 cm
2025-05-30 13:46:58,706 - INFO - [SENSOR] Distance: 73 cm
2025-05-30 13:46:58,737 - INFO - [SENSOR] Distance: 88 cm
2025-05-30 13:46:58,774 - INFO - [SENSOR] Distance: 106 cm
2025-05-30 13:46:58,806 - INFO - [SENSOR] Distance: 115 cm
2025-05-30 13:46:58,838 - INFO - [SENSOR] Distance: 65 cm
2025-05-30 13:46:58,870 - INFO - [SENSOR] Distance: 105 cm
2025-05-30 13:46:58,906 - INFO - [SENSOR] Distance: 76 cm
2025-05-30 13:46:58,937 - INFO - [SENSOR] Distance: 138 cm
2025-05-30 13:46:58,970 - INFO - [SENSOR] Distance: 91 cm
2025-05-30 13:46:59,006 - INFO - [SENSOR] Distance: 98 cm
2025-05-30 13:46:59,037 - INFO - [SENSOR] Distance: 135 cm
2025-05-30 13:46:59,070 - INFO - [SENSOR] Distance: 93 cm
2025-05-30 13:46:59,106 - INFO - [SENSOR] Distance: 150 cm
2025-05-30 13:46:59,137 - INFO - [SENSOR] Distance: 135 cm
2025-05-30 13:46:59,170 - INFO - [SENSOR] Distance: 93 cm
2025-05-30 13:46:59,206 - INFO - [SENSOR] Distance: 138 cm
2025-05-30 13:46:59,238 - INFO - [SENSOR] Distance: 96 cm
2025-05-30 13:46:59,270 - INFO - [SENSOR] Distance: 106 cm
2025-05-30 13:46:59,306 - INFO - [SENSOR] Distance: 96 cm
2025-05-30 13:46:59,337 - INFO - [SENSOR] Distance: 63 cm
2025-05-30 13:46:59,369 - INFO - [SENSOR] Distance: 71 cm
2025-05-30 13:46:59,402 - INFO - [SENSOR] Distance: 90 cm
2025-05-30 13:46:59,437 - INFO - [SENSOR] Distance: 82 cm
2025-05-30 13:46:59,469 - INFO - [SENSOR] Distance: 146 cm
2025-05-30 13:46:59,502 - INFO - [SENSOR] Distance: 119 cm
2025-05-30 13:46:59,538 - INFO - [SENSOR] Distance: 87 cm
2025-05-30 13:46:59,569 - INFO - [SENSOR] Distance: 16 cm
2025-05-30 13:46:59,707 - INFO - [SENSOR] Distance: 16 cm
2025-05-30 13:46:59,786 - INFO - [SENSOR] Distance: 145 cm
2025-05-30 13:46:59,799 - INFO - [SENSOR] Distance: 101 cm
2025-05-30 13:46:59,805 - INFO - [SENSOR] Distance: 74 cm
2025-05-30 13:46:59,813 - INFO - [SENSOR] Distance: 26 cm
2025-05-30 13:46:59,903 - INFO - [SENSOR] Distance: 65 cm
2025-05-30 13:46:59,909 - INFO - [SENSOR] Distance: 132 cm
2025-05-30 13:46:59,915 - INFO - [SENSOR] Distance: 128 cm
2025-05-30 13:46:59,937 - INFO - [SENSOR] Distance: 82 cm
2025-05-30 13:46:59,970 - INFO - [SENSOR] Distance: 150 cm
2025-05-30 13:47:00,002 - INFO - [SENSOR] Distance: 16 cm
2025-05-30 13:47:00,236 - INFO - [SENSOR] Distance: 125 cm
2025-05-30 13:47:00,250 - INFO - [SENSOR] Distance: 139 cm
2025-05-30 13:47:00,260 - INFO - [SENSOR] Distance: 88 cm
2025-05-30 13:47:00,267 - INFO - [SENSOR] Distance: 74 cm
2025-05-30 13:47:00,273 - INFO - [SENSOR] Distance: 13 cm
2025-05-30 13:47:00,475 - INFO - [SENSOR] Distance: 112 cm
2025-05-30 13:47:00,486 - INFO - [SENSOR] Distance: 74 cm
2025-05-30 13:47:00,494 - INFO - [SENSOR] Distance: 80 cm
2025-05-30 13:47:00,499 - INFO - [SENSOR] Distance: 89 cm
2025-05-30 13:47:00,533 - INFO - [SENSOR] Distance: 127 cm
2025-05-30 13:47:00,566 - INFO - [SENSOR] Distance: 35 cm
2025-05-30 13:47:00,695 - INFO - [SENSOR] Distance: 64 cm
2025-05-30 13:47:00,699 - INFO - [SENSOR] Distance: 120 cm
2025-05-30 13:47:00,712 - INFO - [SENSOR] Distance: 124 cm
2025-05-30 13:47:00,722 - INFO - [SENSOR] Distance: 148 cm
2025-05-30 13:47:00,737 - INFO - [SENSOR] Distance: 97 cm
2025-05-30 13:47:00,765 - INFO - [SENSOR] Distance: 124 cm
2025-05-30 13:47:00,803 - INFO - [SENSOR] Distance: 130 cm
2025-05-30 13:47:00,833 - INFO - [SENSOR] Distance: 79 cm
2025-05-30 13:47:00,865 - INFO - [SENSOR] Distance: 90 cm
2025-05-30 13:47:00,901 - INFO - [SENSOR] Distance: 85 cm
2025-05-30 13:47:00,933 - INFO - [SENSOR] Distance: 88 cm
2025-05-30 13:47:00,966 - INFO - [SENSOR] Distance: 102 cm
2025-05-30 13:47:01,002 - INFO - [SENSOR] Distance: 150 cm
2025-05-30 13:47:01,034 - INFO - [SENSOR] Distance: 79 cm
2025-05-30 13:47:01,065 - INFO - [SENSOR] Distance: 112 cm
2025-05-30 13:47:01,098 - INFO - [SENSOR] Distance: 136 cm
2025-05-30 13:47:01,133 - INFO - [SENSOR] Distance: 82 cm
2025-05-30 13:47:01,165 - INFO - [SENSOR] Distance: 84 cm
2025-05-30 13:47:01,197 - INFO - [SENSOR] Distance: 92 cm
2025-05-30 13:47:01,234 - INFO - [SENSOR] Distance: 78 cm
2025-05-30 13:47:01,265 - INFO - [SENSOR] Distance: 84 cm
2025-05-30 13:47:01,297 - INFO - [SENSOR] Distance: 75 cm
2025-05-30 13:47:01,333 - INFO - [SENSOR] Distance: 108 cm
2025-05-30 13:47:01,365 - INFO - [SENSOR] Distance: 129 cm
2025-05-30 13:47:01,397 - INFO - [SENSOR] Distance: 118 cm
2025-05-30 13:47:01,433 - INFO - [SENSOR] Distance: 115 cm
2025-05-30 13:47:01,465 - INFO - [SENSOR] Distance: 85 cm
2025-05-30 13:47:01,497 - INFO - [SENSOR] Distance: 115 cm
2025-05-30 13:47:01,533 - INFO - [SENSOR] Distance: 89 cm
2025-05-30 13:47:01,565 - INFO - [SENSOR] Distance: 130 cm
2025-05-30 13:47:01,597 - INFO - [SENSOR] Distance: 81 cm
2025-05-30 13:47:01,633 - INFO - [SENSOR] Distance: 144 cm
2025-05-30 13:47:01,665 - INFO - [SENSOR] Distance: 147 cm
2025-05-30 13:47:01,697 - INFO - [SENSOR] Distance: 143 cm
2025-05-30 13:47:01,729 - INFO - [SENSOR] Distance: 120 cm
2025-05-30 13:47:01,765 - INFO - [SENSOR] Distance: 111 cm
2025-05-30 13:47:01,797 - INFO - [SENSOR] Distance: 133 cm
2025-05-30 13:47:01,829 - INFO - [SENSOR] Distance: 143 cm
2025-05-30 13:47:01,865 - INFO - [SENSOR] Distance: 94 cm
2025-05-30 13:47:01,898 - INFO - [SENSOR] Distance: 140 cm
2025-05-30 13:47:01,929 - INFO - [SENSOR] Distance: 134 cm
2025-05-30 13:47:01,965 - INFO - [SENSOR] Distance: 69 cm
2025-05-30 13:47:01,997 - INFO - [SENSOR] Distance: 94 cm
2025-05-30 13:47:02,030 - INFO - [SENSOR] Distance: 67 cm
2025-05-30 13:47:02,065 - INFO - [SENSOR] Distance: 125 cm
2025-05-30 13:47:02,097 - INFO - [SENSOR] Distance: 17 cm
2025-05-30 13:47:02,216 - INFO - [SENSOR] Distance: 96 cm
2025-05-30 13:47:02,221 - INFO - [SENSOR] Distance: 73 cm
2025-05-30 13:47:02,230 - INFO - [SENSOR] Distance: 73 cm
2025-05-30 13:47:02,237 - INFO - [SENSOR] Distance: 119 cm
2025-05-30 13:47:02,262 - INFO - [SENSOR] Distance: 121 cm
2025-05-30 13:47:02,297 - INFO - [SENSOR] Distance: 105 cm
2025-05-30 13:47:02,329 - INFO - [SENSOR] Distance: 103 cm
2025-05-30 13:47:02,362 - INFO - [SENSOR] Distance: 130 cm
2025-05-30 13:47:02,397 - INFO - [SENSOR] Distance: 95 cm
2025-05-30 13:47:02,429 - INFO - [SENSOR] Distance: 97 cm
2025-05-30 13:47:02,461 - INFO - [SENSOR] Distance: 60 cm
2025-05-30 13:47:02,497 - INFO - [SENSOR] Distance: 64 cm
2025-05-30 13:47:02,530 - INFO - [SENSOR] Distance: 130 cm
2025-05-30 13:47:02,562 - INFO - [SENSOR] Distance: 115 cm
2025-05-30 13:47:02,597 - INFO - [SENSOR] Distance: 20 cm
2025-05-30 13:47:02,712 - INFO - [SENSOR] Distance: 143 cm
2025-05-30 13:47:02,716 - INFO - [SENSOR] Distance: 118 cm
2025-05-30 13:47:02,720 - INFO - [SENSOR] Distance: 135 cm
2025-05-30 13:47:02,729 - INFO - [SENSOR] Distance: 118 cm
2025-05-30 13:47:02,762 - INFO - [SENSOR] Distance: 108 cm
2025-05-30 13:47:02,794 - INFO - [SENSOR] Distance: 109 cm
2025-05-30 13:47:02,829 - INFO - [SENSOR] Distance: 28 cm
2025-05-30 13:47:02,955 - INFO - [SENSOR] Distance: 15 cm
2025-05-30 13:47:03,053 - INFO - [SENSOR] Distance: 113 cm
2025-05-30 13:47:03,063 - INFO - [SENSOR] Distance: 81 cm
2025-05-30 13:47:03,067 - INFO - [SENSOR] Distance: 135 cm
2025-05-30 13:47:03,070 - INFO - [SENSOR] Distance: 128 cm
2025-05-30 13:47:03,094 - INFO - [SENSOR] Distance: 101 cm
2025-05-30 13:47:03,130 - INFO - [SENSOR] Distance: 130 cm
2025-05-30 13:47:03,162 - INFO - [SENSOR] Distance: 99 cm
2025-05-30 13:47:03,193 - INFO - [SENSOR] Distance: 150 cm
2025-05-30 13:47:03,229 - INFO - [SENSOR] Distance: 127 cm
2025-05-30 13:47:03,262 - INFO - [SENSOR] Distance: 88 cm
2025-05-30 13:47:03,293 - INFO - [SENSOR] Distance: 135 cm
2025-05-30 13:47:03,330 - INFO - [SENSOR] Distance: 106 cm
2025-05-30 13:47:03,362 - INFO - [SENSOR] Distance: 119 cm
2025-05-30 13:47:03,394 - INFO - [SENSOR] Distance: 67 cm
2025-05-30 13:47:03,430 - INFO - [SENSOR] Distance: 92 cm
2025-05-30 13:47:03,462 - INFO - [SENSOR] Distance: 89 cm
2025-05-30 13:47:03,493 - INFO - [SENSOR] Distance: 90 cm
2025-05-30 13:47:03,525 - INFO - [SENSOR] Distance: 110 cm
2025-05-30 13:47:03,562 - INFO - [SENSOR] Distance: 116 cm
2025-05-30 13:47:03,594 - INFO - [SENSOR] Distance: 89 cm
2025-05-30 13:47:03,625 - INFO - [SENSOR] Distance: 68 cm
2025-05-30 13:47:03,663 - INFO - [SENSOR] Distance: 122 cm
2025-05-30 13:47:03,693 - INFO - [SENSOR] Distance: 136 cm
2025-05-30 13:47:03,725 - INFO - [SENSOR] Distance: 68 cm
2025-05-30 13:47:03,762 - INFO - [SENSOR] Distance: 94 cm
2025-05-30 13:47:03,793 - INFO - [SENSOR] Distance: 150 cm
2025-05-30 13:47:03,825 - INFO - [SENSOR] Distance: 81 cm
2025-05-30 13:47:03,862 - INFO - [SENSOR] Distance: 115 cm
2025-05-30 13:47:03,893 - INFO - [SENSOR] Distance: 148 cm
2025-05-30 13:47:03,926 - INFO - [SENSOR] Distance: 75 cm
2025-05-30 13:47:03,958 - INFO - [SENSOR] Distance: 101 cm
2025-05-30 13:47:03,994 - INFO - [SENSOR] Distance: 144 cm
2025-05-30 13:47:04,025 - INFO - [SENSOR] Distance: 95 cm
2025-05-30 13:47:04,058 - INFO - [SENSOR] Distance: 85 cm
2025-05-30 13:47:04,094 - INFO - [SENSOR] Distance: 149 cm
2025-05-30 13:47:04,125 - INFO - [SENSOR] Distance: 14 cm
2025-05-30 13:47:04,253 - INFO - [SENSOR] Distance: 137 cm
2025-05-30 13:47:04,262 - INFO - [SENSOR] Distance: 103 cm
2025-05-30 13:47:04,267 - INFO - [SENSOR] Distance: 119 cm
2025-05-30 13:47:04,270 - INFO - [SENSOR] Distance: 149 cm
2025-05-30 13:47:04,294 - INFO - [SENSOR] Distance: 87 cm
2025-05-30 13:47:04,325 - INFO - [SENSOR] Distance: 79 cm
2025-05-30 13:47:04,358 - INFO - [SENSOR] Distance: 133 cm
2025-05-30 13:47:04,394 - INFO - [SENSOR] Distance: 64 cm
2025-05-30 13:47:04,426 - INFO - [SENSOR] Distance: 90 cm
2025-05-30 13:47:04,458 - INFO - [SENSOR] Distance: 12 cm
2025-05-30 13:47:04,595 - INFO - [SENSOR] Distance: 147 cm
2025-05-30 13:47:04,602 - INFO - [SENSOR] Distance: 84 cm
2025-05-30 13:47:04,609 - INFO - [SENSOR] Distance: 133 cm
2025-05-30 13:47:04,616 - INFO - [SENSOR] Distance: 107 cm
2025-05-30 13:47:04,657 - INFO - [SENSOR] Distance: 126 cm
2025-05-30 13:47:04,690 - INFO - [SENSOR] Distance: 67 cm
2025-05-30 13:47:04,725 - INFO - [SENSOR] Distance: 101 cm
2025-05-30 13:47:04,758 - INFO - [SENSOR] Distance: 90 cm
2025-05-30 13:47:04,789 - INFO - [SENSOR] Distance: 78 cm
2025-05-30 13:47:04,825 - INFO - [SENSOR] Distance: 108 cm
2025-05-30 13:47:04,858 - INFO - [SENSOR] Distance: 66 cm
2025-05-30 13:47:04,890 - INFO - [SENSOR] Distance: 141 cm
2025-05-30 13:47:04,925 - INFO - [SENSOR] Distance: 89 cm
2025-05-30 13:47:04,958 - INFO - [SENSOR] Distance: 133 cm
2025-05-30 13:47:04,990 - INFO - [SENSOR] Distance: 127 cm
2025-05-30 13:47:05,025 - INFO - [SENSOR] Distance: 123 cm
2025-05-30 13:47:05,058 - INFO - [SENSOR] Distance: 134 cm
2025-05-30 13:47:05,090 - INFO - [SENSOR] Distance: 98 cm
2025-05-30 13:47:05,123 - INFO - [SENSOR] Distance: 28 cm
2025-05-30 13:47:05,254 - INFO - [SENSOR] Distance: 138 cm
2025-05-30 13:47:05,264 - INFO - [SENSOR] Distance: 81 cm
2025-05-30 13:47:05,272 - INFO - [SENSOR] Distance: 106 cm
2025-05-30 13:47:05,279 - INFO - [SENSOR] Distance: 66 cm
2025-05-30 13:47:05,290 - INFO - [SENSOR] Distance: 93 cm
2025-05-30 13:47:05,322 - INFO - [SENSOR] Distance: 97 cm
2025-05-30 13:47:05,358 - INFO - [SENSOR] Distance: 88 cm
2025-05-30 13:47:05,390 - INFO - [SENSOR] Distance: 115 cm
2025-05-30 13:47:05,422 - INFO - [SENSOR] Distance: 30 cm
2025-05-30 13:47:05,604 - INFO - [SENSOR] Distance: 63 cm
2025-05-30 13:47:05,610 - INFO - [SENSOR] Distance: 85 cm
2025-05-30 13:47:05,616 - INFO - [SENSOR] Distance: 145 cm
2025-05-30 13:47:05,624 - INFO - [SENSOR] Distance: 68 cm
2025-05-30 13:47:05,654 - INFO - [SENSOR] Distance: 96 cm
2025-05-30 13:47:05,691 - INFO - [SENSOR] Distance: 74 cm
2025-05-30 13:47:05,722 - INFO - [SENSOR] Distance: 69 cm
2025-05-30 13:47:05,753 - INFO - [SENSOR] Distance: 117 cm
2025-05-30 13:47:05,791 - INFO - [SENSOR] Distance: 127 cm
2025-05-30 13:47:05,822 - INFO - [SENSOR] Distance: 116 cm
2025-05-30 13:47:05,857 - INFO - [SENSOR] Distance: 145 cm
2025-05-30 13:47:05,891 - INFO - [SENSOR] Distance: 19 cm
2025-05-30 13:47:06,048 - INFO - [SENSOR] Distance: 131 cm
2025-05-30 13:47:06,066 - INFO - [SENSOR] Distance: 98 cm
2025-05-30 13:47:06,072 - INFO - [SENSOR] Distance: 105 cm
2025-05-30 13:47:06,079 - INFO - [SENSOR] Distance: 145 cm
2025-05-30 13:47:06,090 - INFO - [SENSOR] Distance: 113 cm
2025-05-30 13:47:06,123 - INFO - [SENSOR] Distance: 105 cm
2025-05-30 13:47:06,153 - INFO - [SENSOR] Distance: 131 cm
2025-05-30 13:47:06,190 - INFO - [SENSOR] Distance: 89 cm
2025-05-30 13:47:06,222 - INFO - [SENSOR] Distance: 125 cm
2025-05-30 13:47:06,253 - INFO - [SENSOR] Distance: 146 cm
2025-05-30 13:47:06,285 - INFO - [SENSOR] Distance: 97 cm
2025-05-30 13:47:06,322 - INFO - [SENSOR] Distance: 68 cm
2025-05-30 13:47:06,353 - INFO - [SENSOR] Distance: 108 cm
2025-05-30 13:47:06,385 - INFO - [SENSOR] Distance: 124 cm
2025-05-30 13:47:06,423 - INFO - [SENSOR] Distance: 126 cm
2025-05-30 13:47:06,453 - INFO - [SENSOR] Distance: 101 cm
2025-05-30 13:47:06,485 - INFO - [SENSOR] Distance: 80 cm
2025-05-30 13:47:06,522 - INFO - [SENSOR] Distance: 131 cm
2025-05-30 13:47:06,553 - INFO - [SENSOR] Distance: 121 cm
2025-05-30 13:47:06,585 - INFO - [SENSOR] Distance: 130 cm
2025-05-30 13:47:06,622 - INFO - [SENSOR] Distance: 66 cm
2025-05-30 13:47:06,653 - INFO - [SENSOR] Distance: 26 cm
2025-05-30 13:47:06,964 - INFO - [SENSOR] Distance: 32 cm
2025-05-30 13:47:07,215 - INFO - [SENSOR] Distance: 95 cm
2025-05-30 13:47:07,227 - INFO - [SENSOR] Distance: 73 cm
2025-05-30 13:47:07,235 - INFO - [SENSOR] Distance: 72 cm
2025-05-30 13:47:07,241 - INFO - [SENSOR] Distance: 92 cm
2025-05-30 13:47:07,253 - INFO - [SENSOR] Distance: 40 cm
2025-05-30 13:47:07,366 - INFO - [SENSOR] Distance: 74 cm
2025-05-30 13:47:07,373 - INFO - [SENSOR] Distance: 134 cm
2025-05-30 13:47:07,380 - INFO - [SENSOR] Distance: 86 cm
2025-05-30 13:47:07,385 - INFO - [SENSOR] Distance: 125 cm
2025-05-30 13:47:07,417 - INFO - [SENSOR] Distance: 123 cm
2025-05-30 13:47:07,449 - INFO - [SENSOR] Distance: 122 cm
2025-05-30 13:47:07,485 - INFO - [SENSOR] Distance: 128 cm
2025-05-30 13:47:07,517 - INFO - [SENSOR] Distance: 81 cm
2025-05-30 13:47:07,549 - INFO - [SENSOR] Distance: 69 cm
2025-05-30 13:47:07,585 - INFO - [SENSOR] Distance: 135 cm
2025-05-30 13:47:07,617 - INFO - [SENSOR] Distance: 107 cm
2025-05-30 13:47:07,649 - INFO - [SENSOR] Distance: 82 cm
2025-05-30 13:47:07,685 - INFO - [SENSOR] Distance: 120 cm
2025-05-30 13:47:07,717 - INFO - [SENSOR] Distance: 64 cm
2025-05-30 13:47:07,749 - INFO - [SENSOR] Distance: 72 cm
2025-05-30 13:47:07,785 - INFO - [SENSOR] Distance: 75 cm
2025-05-30 13:47:07,817 - INFO - [SENSOR] Distance: 122 cm
2025-05-30 13:47:07,849 - INFO - [SENSOR] Distance: 83 cm
2025-05-30 13:47:07,885 - INFO - [SENSOR] Distance: 136 cm
2025-05-30 13:47:07,917 - INFO - [SENSOR] Distance: 149 cm
2025-05-30 13:47:07,949 - INFO - [SENSOR] Distance: 144 cm
2025-05-30 13:47:07,981 - INFO - [SENSOR] Distance: 142 cm
2025-05-30 13:47:08,017 - INFO - [SENSOR] Distance: 67 cm
2025-05-30 13:47:08,049 - INFO - [SENSOR] Distance: 116 cm
2025-05-30 13:47:08,081 - INFO - [SENSOR] Distance: 75 cm
2025-05-30 13:47:08,117 - INFO - [SENSOR] Distance: 25 cm
2025-05-30 13:47:08,259 - INFO - [SENSOR] Distance: 28 cm
2025-05-30 13:47:08,348 - INFO - [SENSOR] Distance: 80 cm
2025-05-30 13:47:08,354 - INFO - [SENSOR] Distance: 85 cm
2025-05-30 13:47:08,361 - INFO - [SENSOR] Distance: 150 cm
2025-05-30 13:47:08,366 - INFO - [SENSOR] Distance: 113 cm
2025-05-30 13:47:08,381 - INFO - [SENSOR] Distance: 98 cm
2025-05-30 13:47:08,417 - INFO - [SENSOR] Distance: 148 cm
2025-05-30 13:47:08,449 - INFO - [SENSOR] Distance: 94 cm
2025-05-30 13:47:08,481 - INFO - [SENSOR] Distance: 137 cm
2025-05-30 13:47:08,513 - INFO - [SENSOR] Distance: 69 cm
2025-05-30 13:47:08,550 - INFO - [SENSOR] Distance: 96 cm
2025-05-30 13:47:08,581 - INFO - [SENSOR] Distance: 117 cm
2025-05-30 13:47:08,613 - INFO - [SENSOR] Distance: 78 cm
2025-05-30 13:47:08,649 - INFO - [SENSOR] Distance: 106 cm
2025-05-30 13:47:08,681 - INFO - [SENSOR] Distance: 21 cm
2025-05-30 13:47:08,841 - INFO - [SENSOR] Distance: 107 cm
2025-05-30 13:47:08,847 - INFO - [SENSOR] Distance: 60 cm
2025-05-30 13:47:08,852 - INFO - [SENSOR] Distance: 40 cm
2025-05-30 13:47:08,953 - INFO - [SENSOR] Distance: 37 cm
2025-05-30 13:47:09,037 - INFO - [SENSOR] Distance: 105 cm
2025-05-30 13:47:09,042 - INFO - [SENSOR] Distance: 118 cm
2025-05-30 13:47:09,049 - INFO - [SENSOR] Distance: 68 cm
2025-05-30 13:47:09,053 - INFO - [SENSOR] Distance: 97 cm
2025-05-30 13:47:09,081 - INFO - [SENSOR] Distance: 131 cm
2025-05-30 13:47:09,113 - INFO - [SENSOR] Distance: 122 cm
2025-05-30 13:47:09,145 - INFO - [SENSOR] Distance: 74 cm
2025-05-30 13:47:09,181 - INFO - [SENSOR] Distance: 114 cm
2025-05-30 13:47:09,213 - INFO - [SENSOR] Distance: 65 cm
2025-05-30 13:47:09,245 - INFO - [SENSOR] Distance: 26 cm
2025-05-30 13:47:09,385 - INFO - [SENSOR] Distance: 126 cm
2025-05-30 13:47:09,396 - INFO - [SENSOR] Distance: 80 cm
2025-05-30 13:47:09,401 - INFO - [SENSOR] Distance: 130 cm
2025-05-30 13:47:09,407 - INFO - [SENSOR] Distance: 13 cm
2025-05-30 13:47:09,510 - INFO - [SENSOR] Distance: 68 cm
2025-05-30 13:47:09,514 - INFO - [SENSOR] Distance: 100 cm
2025-05-30 13:47:09,518 - INFO - [SENSOR] Distance: 77 cm
2025-05-30 13:47:09,545 - INFO - [SENSOR] Distance: 15 cm
2025-05-30 13:47:09,634 - INFO - [SENSOR] Distance: 40 cm
2025-05-30 13:47:09,728 - INFO - [SENSOR] Distance: 93 cm
2025-05-30 13:47:09,733 - INFO - [SENSOR] Distance: 105 cm
2025-05-30 13:47:09,739 - INFO - [SENSOR] Distance: 107 cm
2025-05-30 13:47:09,750 - INFO - [SENSOR] Distance: 139 cm
2025-05-30 13:47:09,778 - INFO - [SENSOR] Distance: 72 cm
2025-05-30 13:47:09,813 - INFO - [SENSOR] Distance: 84 cm
2025-05-30 13:47:09,846 - INFO - [SENSOR] Distance: 17 cm
2025-05-30 13:47:09,972 - INFO - [SENSOR] Distance: 109 cm
2025-05-30 13:47:09,980 - INFO - [SENSOR] Distance: 70 cm
2025-05-30 13:47:09,990 - INFO - [SENSOR] Distance: 11 cm
2025-05-30 13:47:10,074 - INFO - [SENSOR] Distance: 133 cm
2025-05-30 13:47:10,080 - INFO - [SENSOR] Distance: 132 cm
2025-05-30 13:47:10,086 - INFO - [SENSOR] Distance: 100 cm
2025-05-30 13:47:10,093 - INFO - [SENSOR] Distance: 79 cm
2025-05-30 13:47:10,113 - INFO - [SENSOR] Distance: 123 cm
2025-05-30 13:47:10,146 - INFO - [SENSOR] Distance: 70 cm
2025-05-30 13:47:10,179 - INFO - [SENSOR] Distance: 110 cm
2025-05-30 13:47:10,209 - INFO - [SENSOR] Distance: 106 cm
2025-05-30 13:47:10,245 - INFO - [SENSOR] Distance: 29 cm
2025-05-30 13:47:10,392 - INFO - [SENSOR] Distance: 72 cm
2025-05-30 13:47:10,401 - INFO - [SENSOR] Distance: 140 cm
2025-05-30 13:47:10,408 - INFO - [SENSOR] Distance: 138 cm
2025-05-30 13:47:10,412 - INFO - [SENSOR] Distance: 122 cm
2025-05-30 13:47:10,445 - INFO - [SENSOR] Distance: 81 cm
2025-05-30 13:47:10,478 - INFO - [SENSOR] Distance: 73 cm
2025-05-30 13:47:10,510 - INFO - [SENSOR] Distance: 112 cm
2025-05-30 13:47:10,545 - INFO - [SENSOR] Distance: 68 cm
2025-05-30 13:47:10,578 - INFO - [SENSOR] Distance: 34 cm
2025-05-30 13:47:10,704 - INFO - [SENSOR] Distance: 109 cm
2025-05-30 13:47:10,709 - INFO - [SENSOR] Distance: 63 cm
2025-05-30 13:47:10,716 - INFO - [SENSOR] Distance: 138 cm
2025-05-30 13:47:10,719 - INFO - [SENSOR] Distance: 123 cm
2025-05-30 13:47:10,741 - INFO - [SENSOR] Distance: 133 cm
2025-05-30 13:47:10,778 - INFO - [SENSOR] Distance: 83 cm
2025-05-30 13:47:10,810 - INFO - [SENSOR] Distance: 71 cm
2025-05-30 13:47:10,841 - INFO - [SENSOR] Distance: 81 cm
2025-05-30 13:47:10,878 - INFO - [SENSOR] Distance: 138 cm
2025-05-30 13:47:10,909 - INFO - [SENSOR] Distance: 64 cm
2025-05-30 13:47:10,941 - INFO - [SENSOR] Distance: 84 cm
2025-05-30 13:47:10,978 - INFO - [SENSOR] Distance: 132 cm
2025-05-30 13:47:11,009 - INFO - [SENSOR] Distance: 103 cm
2025-05-30 13:47:11,042 - INFO - [SENSOR] Distance: 76 cm
2025-05-30 13:47:11,078 - INFO - [SENSOR] Distance: 111 cm
2025-05-30 13:47:11,110 - INFO - [SENSOR] Distance: 36 cm
2025-05-30 13:47:11,220 - INFO - [SENSOR] Distance: 88 cm
2025-05-30 13:47:11,225 - INFO - [SENSOR] Distance: 60 cm
2025-05-30 13:47:11,231 - INFO - [SENSOR] Distance: 82 cm
2025-05-30 13:47:11,241 - INFO - [SENSOR] Distance: 64 cm
2025-05-30 13:47:11,278 - INFO - [SENSOR] Distance: 144 cm
2025-05-30 13:47:11,309 - INFO - [SENSOR] Distance: 102 cm
2025-05-30 13:47:11,341 - INFO - [SENSOR] Distance: 141 cm
2025-05-30 13:47:11,374 - INFO - [SENSOR] Distance: 133 cm
2025-05-30 13:47:11,409 - INFO - [SENSOR] Distance: 129 cm
2025-05-30 13:47:11,441 - INFO - [SENSOR] Distance: 117 cm
2025-05-30 13:47:11,473 - INFO - [SENSOR] Distance: 127 cm
2025-05-30 13:47:11,510 - INFO - [SENSOR] Distance: 11 cm
2025-05-30 13:47:11,658 - INFO - [SENSOR] Distance: 106 cm
2025-05-30 13:47:11,662 - INFO - [SENSOR] Distance: 38 cm
2025-05-30 13:47:11,746 - INFO - [SENSOR] Distance: 61 cm
2025-05-30 13:47:11,752 - INFO - [SENSOR] Distance: 144 cm
2025-05-30 13:47:11,761 - INFO - [SENSOR] Distance: 137 cm
2025-05-30 13:47:11,768 - INFO - [SENSOR] Distance: 141 cm
2025-05-30 13:47:11,811 - INFO - [SENSOR] Distance: 134 cm
2025-05-30 13:47:11,841 - INFO - [SENSOR] Distance: 123 cm
2025-05-30 13:47:11,874 - INFO - [SENSOR] Distance: 102 cm
2025-05-30 13:47:11,906 - INFO - [SENSOR] Distance: 34 cm
2025-05-30 13:47:12,049 - INFO - [SENSOR] Distance: 95 cm
2025-05-30 13:47:12,056 - INFO - [SENSOR] Distance: 128 cm
2025-05-30 13:47:12,063 - INFO - [SENSOR] Distance: 89 cm
2025-05-30 13:47:12,068 - INFO - [SENSOR] Distance: 124 cm
2025-05-30 13:47:12,106 - INFO - [SENSOR] Distance: 90 cm
2025-05-30 13:47:12,141 - INFO - [SENSOR] Distance: 64 cm
2025-05-30 13:47:12,173 - INFO - [SENSOR] Distance: 107 cm
2025-05-30 13:47:12,206 - INFO - [SENSOR] Distance: 135 cm
2025-05-30 13:47:12,241 - INFO - [SENSOR] Distance: 138 cm
2025-05-30 13:47:12,274 - INFO - [SENSOR] Distance: 134 cm
2025-05-30 13:47:12,306 - INFO - [SENSOR] Distance: 66 cm
2025-05-30 13:47:12,341 - INFO - [SENSOR] Distance: 74 cm
2025-05-30 13:47:12,373 - INFO - [SENSOR] Distance: 77 cm
2025-05-30 13:47:12,406 - INFO - [SENSOR] Distance: 89 cm
2025-05-30 13:47:12,438 - INFO - [SENSOR] Distance: 89 cm
2025-05-30 13:47:12,473 - INFO - [SENSOR] Distance: 114 cm
2025-05-30 13:47:12,506 - INFO - [SENSOR] Distance: 68 cm
2025-05-30 13:47:12,539 - INFO - [SENSOR] Distance: 62 cm
2025-05-30 13:47:12,574 - INFO - [SENSOR] Distance: 89 cm
2025-05-30 13:47:12,606 - INFO - [SENSOR] Distance: 87 cm
2025-05-30 13:47:12,639 - INFO - [SENSOR] Distance: 99 cm
2025-05-30 13:47:12,673 - INFO - [SENSOR] Distance: 96 cm
2025-05-30 13:47:12,706 - INFO - [SENSOR] Distance: 87 cm
2025-05-30 13:47:12,739 - INFO - [SENSOR] Distance: 133 cm
2025-05-30 13:47:12,773 - INFO - [SENSOR] Distance: 101 cm
2025-05-30 13:47:12,806 - INFO - [SENSOR] Distance: 136 cm
2025-05-30 13:47:12,838 - INFO - [SENSOR] Distance: 12 cm
2025-05-30 13:47:12,983 - INFO - [SENSOR] Distance: 39 cm
2025-05-30 13:47:13,067 - INFO - [SENSOR] Distance: 115 cm
2025-05-30 13:47:13,073 - INFO - [SENSOR] Distance: 90 cm
2025-05-30 13:47:13,079 - INFO - [SENSOR] Distance: 125 cm
2025-05-30 13:47:13,083 - INFO - [SENSOR] Distance: 64 cm
2025-05-30 13:47:13,106 - INFO - [SENSOR] Distance: 141 cm
2025-05-30 13:47:13,139 - INFO - [SENSOR] Distance: 121 cm
2025-05-30 13:47:13,169 - INFO - [SENSOR] Distance: 69 cm
2025-05-30 13:47:13,206 - INFO - [SENSOR] Distance: 103 cm
2025-05-30 13:47:13,238 - INFO - [SENSOR] Distance: 123 cm
2025-05-30 13:47:13,269 - INFO - [SENSOR] Distance: 137 cm
2025-05-30 13:47:13,306 - INFO - [SENSOR] Distance: 144 cm
2025-05-30 13:47:13,339 - INFO - [SENSOR] Distance: 83 cm
2025-05-30 13:47:13,369 - INFO - [SENSOR] Distance: 144 cm
2025-05-30 13:47:13,406 - INFO - [SENSOR] Distance: 131 cm
2025-05-30 13:47:13,439 - INFO - [SENSOR] Distance: 64 cm
2025-05-30 13:47:13,469 - INFO - [SENSOR] Distance: 113 cm
2025-05-30 13:47:13,506 - INFO - [SENSOR] Distance: 61 cm
2025-05-30 13:47:13,539 - INFO - [SENSOR] Distance: 122 cm
2025-05-30 13:47:13,569 - INFO - [SENSOR] Distance: 70 cm
2025-05-30 13:47:13,601 - INFO - [SENSOR] Distance: 85 cm
2025-05-30 13:47:13,638 - INFO - [SENSOR] Distance: 111 cm
2025-05-30 13:47:13,670 - INFO - [SENSOR] Distance: 82 cm
2025-05-30 13:47:13,701 - INFO - [SENSOR] Distance: 149 cm
2025-05-30 13:47:13,738 - INFO - [SENSOR] Distance: 104 cm
2025-05-30 13:47:13,769 - INFO - [SENSOR] Distance: 132 cm
2025-05-30 13:47:13,801 - INFO - [SENSOR] Distance: 12 cm
2025-05-30 13:47:13,927 - INFO - [SENSOR] Distance: 137 cm
2025-05-30 13:47:13,932 - INFO - [SENSOR] Distance: 132 cm
2025-05-30 13:47:13,939 - INFO - [SENSOR] Distance: 95 cm
2025-05-30 13:47:13,945 - INFO - [SENSOR] Distance: 103 cm
2025-05-30 13:47:13,969 - INFO - [SENSOR] Distance: 146 cm
2025-05-30 13:47:14,001 - INFO - [SENSOR] Distance: 66 cm
2025-05-30 13:47:14,038 - INFO - [SENSOR] Distance: 82 cm
2025-05-30 13:47:14,069 - INFO - [SENSOR] Distance: 123 cm
2025-05-30 13:47:14,101 - INFO - [SENSOR] Distance: 14 cm
2025-05-30 13:47:14,249 - INFO - [SENSOR] Distance: 86 cm
2025-05-30 13:47:14,254 - INFO - [SENSOR] Distance: 88 cm
2025-05-30 13:47:14,259 - INFO - [SENSOR] Distance: 102 cm
2025-05-30 13:47:14,264 - INFO - [SENSOR] Distance: 80 cm
2025-05-30 13:47:14,301 - INFO - [SENSOR] Distance: 104 cm
2025-05-30 13:47:14,334 - INFO - [SENSOR] Distance: 83 cm
2025-05-30 13:47:14,370 - INFO - [SENSOR] Distance: 28 cm
2025-05-30 13:47:14,588 - INFO - [SENSOR] Distance: 31 cm
2025-05-30 13:47:14,670 - INFO - [SENSOR] Distance: 137 cm
2025-05-30 13:47:14,676 - INFO - [SENSOR] Distance: 90 cm
2025-05-30 13:47:14,682 - INFO - [SENSOR] Distance: 107 cm
2025-05-30 13:47:14,686 - INFO - [SENSOR] Distance: 79 cm
2025-05-30 13:47:14,733 - INFO - [SENSOR] Distance: 73 cm
2025-05-30 13:47:14,765 - INFO - [SENSOR] Distance: 86 cm
2025-05-30 13:47:14,801 - INFO - [SENSOR] Distance: 78 cm
2025-05-30 13:47:14,833 - INFO - [SENSOR] Distance: 19 cm
2025-05-30 13:47:14,978 - INFO - [SENSOR] Distance: 87 cm
2025-05-30 13:47:14,984 - INFO - [SENSOR] Distance: 119 cm
2025-05-30 13:47:14,991 - INFO - [SENSOR] Distance: 28 cm
2025-05-30 13:47:15,084 - INFO - [SENSOR] Distance: 112 cm
2025-05-30 13:47:15,093 - INFO - [SENSOR] Distance: 113 cm
2025-05-30 13:47:15,097 - INFO - [SENSOR] Distance: 65 cm
2025-05-30 13:47:15,101 - INFO - [SENSOR] Distance: 121 cm
2025-05-30 13:47:15,133 - INFO - [SENSOR] Distance: 124 cm
2025-05-30 13:47:15,165 - INFO - [SENSOR] Distance: 78 cm
2025-05-30 13:47:15,201 - INFO - [SENSOR] Distance: 29 cm
2025-05-30 13:47:15,356 - INFO - [SENSOR] Distance: 98 cm
2025-05-30 13:47:15,360 - INFO - [SENSOR] Distance: 78 cm
2025-05-30 13:47:15,365 - INFO - [SENSOR] Distance: 143 cm
2025-05-30 13:47:15,371 - INFO - [SENSOR] Distance: 85 cm
2025-05-30 13:47:15,397 - INFO - [SENSOR] Distance: 106 cm
2025-05-30 13:47:15,433 - INFO - [SENSOR] Distance: 109 cm
2025-05-30 13:47:15,465 - INFO - [SENSOR] Distance: 70 cm
2025-05-30 13:47:15,497 - INFO - [SENSOR] Distance: 127 cm
2025-05-30 13:47:15,533 - INFO - [SENSOR] Distance: 64 cm
2025-05-30 13:47:15,565 - INFO - [SENSOR] Distance: 146 cm
2025-05-30 13:47:15,597 - INFO - [SENSOR] Distance: 125 cm
2025-05-30 13:47:15,633 - INFO - [SENSOR] Distance: 67 cm
2025-05-30 13:47:15,665 - INFO - [SENSOR] Distance: 106 cm
2025-05-30 13:47:15,697 - INFO - [SENSOR] Distance: 117 cm
2025-05-30 13:47:15,733 - INFO - [SENSOR] Distance: 87 cm
2025-05-30 13:47:15,765 - INFO - [SENSOR] Distance: 20 cm
2025-05-30 13:47:15,934 - INFO - [SENSOR] Distance: 127 cm
2025-05-30 13:47:15,939 - INFO - [SENSOR] Distance: 60 cm
2025-05-30 13:47:15,946 - INFO - [SENSOR] Distance: 60 cm
2025-05-30 13:47:15,950 - INFO - [SENSOR] Distance: 78 cm
2025-05-30 13:47:15,997 - INFO - [SENSOR] Distance: 80 cm
2025-05-30 13:47:16,029 - INFO - [SENSOR] Distance: 28 cm
2025-05-30 13:47:16,177 - INFO - [SENSOR] Distance: 148 cm
2025-05-30 13:47:16,182 - INFO - [SENSOR] Distance: 30 cm
2025-05-30 13:47:16,273 - INFO - [SENSOR] Distance: 92 cm
2025-05-30 13:47:16,281 - INFO - [SENSOR] Distance: 109 cm
2025-05-30 13:47:16,286 - INFO - [SENSOR] Distance: 116 cm
2025-05-30 13:47:16,294 - INFO - [SENSOR] Distance: 107 cm
2025-05-30 13:47:16,329 - INFO - [SENSOR] Distance: 64 cm
2025-05-30 13:47:16,365 - INFO - [SENSOR] Distance: 63 cm
2025-05-30 13:47:16,397 - INFO - [SENSOR] Distance: 81 cm
2025-05-30 13:47:16,431 - INFO - [SENSOR] Distance: 133 cm
2025-05-30 13:47:16,461 - INFO - [SENSOR] Distance: 124 cm
2025-05-30 13:47:16,497 - INFO - [SENSOR] Distance: 81 cm
2025-05-30 13:47:16,529 - INFO - [SENSOR] Distance: 64 cm
2025-05-30 13:47:16,561 - INFO - [SENSOR] Distance: 124 cm
2025-05-30 13:47:16,597 - INFO - [SENSOR] Distance: 68 cm
2025-05-30 13:47:16,629 - INFO - [SENSOR] Distance: 75 cm
2025-05-30 13:47:16,661 - INFO - [SENSOR] Distance: 113 cm
2025-05-30 13:47:16,697 - INFO - [SENSOR] Distance: 109 cm
2025-05-30 13:47:16,729 - INFO - [SENSOR] Distance: 145 cm
2025-05-30 13:47:16,761 - INFO - [SENSOR] Distance: 118 cm
2025-05-30 13:47:16,797 - INFO - [SENSOR] Distance: 124 cm
2025-05-30 13:47:16,829 - INFO - [SENSOR] Distance: 113 cm
2025-05-30 13:47:16,861 - INFO - [SENSOR] Distance: 88 cm
2025-05-30 13:47:16,897 - INFO - [SENSOR] Distance: 144 cm
2025-05-30 13:47:16,929 - INFO - [SENSOR] Distance: 76 cm
2025-05-30 13:47:16,961 - INFO - [SENSOR] Distance: 112 cm
2025-05-30 13:47:16,995 - INFO - [SENSOR] Distance: 85 cm
2025-05-30 13:47:17,029 - INFO - [SENSOR] Distance: 108 cm
2025-05-30 13:47:17,061 - INFO - [SENSOR] Distance: 83 cm
2025-05-30 13:47:17,094 - INFO - [SENSOR] Distance: 90 cm
2025-05-30 13:47:17,129 - INFO - [SENSOR] Distance: 135 cm
2025-05-30 13:47:17,161 - INFO - [SENSOR] Distance: 140 cm
2025-05-30 13:47:17,193 - INFO - [SENSOR] Distance: 94 cm
2025-05-30 13:47:17,229 - INFO - [SENSOR] Distance: 108 cm
2025-05-30 13:47:17,261 - INFO - [SENSOR] Distance: 82 cm
2025-05-30 13:47:17,294 - INFO - [SENSOR] Distance: 106 cm
2025-05-30 13:47:17,329 - INFO - [SENSOR] Distance: 129 cm
2025-05-30 13:47:17,361 - INFO - [SENSOR] Distance: 84 cm
2025-05-30 13:47:17,393 - INFO - [SENSOR] Distance: 103 cm
2025-05-30 13:47:17,430 - INFO - [SENSOR] Distance: 133 cm
2025-05-30 13:47:17,461 - INFO - [SENSOR] Distance: 138 cm
2025-05-30 13:47:17,494 - INFO - [SENSOR] Distance: 76 cm
2025-05-30 13:47:17,525 - INFO - [SENSOR] Distance: 118 cm
2025-05-30 13:47:17,561 - INFO - [SENSOR] Distance: 65 cm
2025-05-30 13:47:17,595 - INFO - [SENSOR] Distance: 103 cm
2025-05-30 13:47:17,625 - INFO - [SENSOR] Distance: 124 cm
2025-05-30 13:47:17,661 - INFO - [SENSOR] Distance: 27 cm
2025-05-30 13:47:18,060 - INFO - [SENSOR] Distance: 96 cm
2025-05-30 13:47:18,064 - INFO - [SENSOR] Distance: 18 cm
2025-05-30 13:47:18,146 - INFO - [SENSOR] Distance: 122 cm
2025-05-30 13:47:18,152 - INFO - [SENSOR] Distance: 73 cm
2025-05-30 13:47:18,161 - INFO - [SENSOR] Distance: 131 cm
2025-05-30 13:47:18,165 - INFO - [SENSOR] Distance: 117 cm
2025-05-30 13:47:18,193 - INFO - [SENSOR] Distance: 131 cm
2025-05-30 13:47:18,225 - INFO - [SENSOR] Distance: 82 cm
2025-05-30 13:47:18,257 - INFO - [SENSOR] Distance: 66 cm
2025-05-30 13:47:18,294 - INFO - [SENSOR] Distance: 118 cm
2025-05-30 13:47:18,326 - INFO - [SENSOR] Distance: 111 cm
2025-05-30 13:47:18,357 - INFO - [SENSOR] Distance: 65 cm
2025-05-30 13:47:18,393 - INFO - [SENSOR] Distance: 68 cm
2025-05-30 13:47:18,426 - INFO - [SENSOR] Distance: 126 cm
2025-05-30 13:47:18,457 - INFO - [SENSOR] Distance: 61 cm
2025-05-30 13:47:18,494 - INFO - [SENSOR] Distance: 84 cm
2025-05-30 13:47:18,526 - INFO - [SENSOR] Distance: 129 cm
2025-05-30 13:47:18,557 - INFO - [SENSOR] Distance: 87 cm
2025-05-30 13:47:18,594 - INFO - [SENSOR] Distance: 120 cm
2025-05-30 13:47:18,626 - INFO - [SENSOR] Distance: 81 cm
2025-05-30 13:47:18,657 - INFO - [SENSOR] Distance: 110 cm
2025-05-30 13:47:18,689 - INFO - [SENSOR] Distance: 107 cm
2025-05-30 13:47:18,726 - INFO - [SENSOR] Distance: 78 cm
2025-05-30 13:47:18,757 - INFO - [SENSOR] Distance: 113 cm
2025-05-30 13:47:18,789 - INFO - [SENSOR] Distance: 82 cm
2025-05-30 13:47:18,826 - INFO - [SENSOR] Distance: 141 cm
2025-05-30 13:47:18,857 - INFO - [SENSOR] Distance: 135 cm
2025-05-30 13:47:18,890 - INFO - [SENSOR] Distance: 86 cm
2025-05-30 13:47:18,926 - INFO - [SENSOR] Distance: 36 cm
2025-05-30 13:47:19,057 - INFO - [SENSOR] Distance: 111 cm
2025-05-30 13:47:19,064 - INFO - [SENSOR] Distance: 128 cm
2025-05-30 13:47:19,072 - INFO - [SENSOR] Distance: 71 cm
2025-05-30 13:47:19,078 - INFO - [SENSOR] Distance: 124 cm
2025-05-30 13:47:19,089 - INFO - [SENSOR] Distance: 108 cm
2025-05-30 13:47:19,126 - INFO - [SENSOR] Distance: 113 cm
2025-05-30 13:47:19,157 - INFO - [SENSOR] Distance: 68 cm
2025-05-30 13:47:19,189 - INFO - [SENSOR] Distance: 89 cm
2025-05-30 13:47:19,222 - INFO - [SENSOR] Distance: 102 cm
2025-05-30 13:47:19,257 - INFO - [SENSOR] Distance: 94 cm
2025-05-30 13:47:19,289 - INFO - [SENSOR] Distance: 117 cm
2025-05-30 13:47:19,322 - INFO - [SENSOR] Distance: 72 cm
2025-05-30 13:47:19,357 - INFO - [SENSOR] Distance: 138 cm
2025-05-30 13:47:19,389 - INFO - [SENSOR] Distance: 138 cm
2025-05-30 13:47:19,422 - INFO - [SENSOR] Distance: 83 cm
2025-05-30 13:47:19,457 - INFO - [SENSOR] Distance: 32 cm
2025-05-30 13:47:19,593 - INFO - [SENSOR] Distance: 105 cm
2025-05-30 13:47:19,598 - INFO - [SENSOR] Distance: 79 cm
2025-05-30 13:47:19,605 - INFO - [SENSOR] Distance: 85 cm
2025-05-30 13:47:19,611 - INFO - [SENSOR] Distance: 130 cm
2025-05-30 13:47:19,657 - INFO - [SENSOR] Distance: 108 cm
2025-05-30 13:47:19,689 - INFO - [SENSOR] Distance: 61 cm
2025-05-30 13:47:19,722 - INFO - [SENSOR] Distance: 128 cm
2025-05-30 13:47:19,757 - INFO - [SENSOR] Distance: 18 cm
2025-05-30 13:47:19,898 - INFO - [SENSOR] Distance: 113 cm
2025-05-30 13:47:19,903 - INFO - [SENSOR] Distance: 130 cm
2025-05-30 13:47:19,911 - INFO - [SENSOR] Distance: 10 cm
2025-05-30 13:47:20,005 - INFO - [SENSOR] Distance: 112 cm
2025-05-30 13:47:20,013 - INFO - [SENSOR] Distance: 90 cm
2025-05-30 13:47:20,020 - INFO - [SENSOR] Distance: 128 cm
2025-05-30 13:47:20,026 - INFO - [SENSOR] Distance: 149 cm
2025-05-30 13:47:20,054 - INFO - [SENSOR] Distance: 150 cm
2025-05-30 13:47:20,089 - INFO - [SENSOR] Distance: 75 cm
2025-05-30 13:47:20,122 - INFO - [SENSOR] Distance: 89 cm
2025-05-30 13:47:20,155 - INFO - [SENSOR] Distance: 125 cm
2025-05-30 13:47:20,189 - INFO - [SENSOR] Distance: 72 cm
2025-05-30 13:47:20,222 - INFO - [SENSOR] Distance: 144 cm
2025-05-30 13:47:20,254 - INFO - [SENSOR] Distance: 108 cm
2025-05-30 13:47:20,290 - INFO - [SENSOR] Distance: 104 cm
2025-05-30 13:47:20,322 - INFO - [SENSOR] Distance: 110 cm
2025-05-30 13:47:20,354 - INFO - [SENSOR] Distance: 122 cm
2025-05-30 13:47:20,385 - INFO - [SENSOR] Distance: 149 cm
2025-05-30 13:47:20,422 - INFO - [SENSOR] Distance: 94 cm
2025-05-30 13:47:20,454 - INFO - [SENSOR] Distance: 144 cm
2025-05-30 13:47:20,485 - INFO - [SENSOR] Distance: 74 cm
2025-05-30 13:47:20,522 - INFO - [SENSOR] Distance: 96 cm
2025-05-30 13:47:20,553 - INFO - [SENSOR] Distance: 121 cm
2025-05-30 13:47:20,585 - INFO - [SENSOR] Distance: 93 cm
2025-05-30 13:47:20,622 - INFO - [SENSOR] Distance: 95 cm
2025-05-30 13:47:20,653 - INFO - [SENSOR] Distance: 73 cm
2025-05-30 13:47:20,686 - INFO - [SENSOR] Distance: 80 cm
2025-05-30 13:47:20,722 - INFO - [SENSOR] Distance: 73 cm
2025-05-30 13:47:20,754 - INFO - [SENSOR] Distance: 132 cm
2025-05-30 13:47:20,786 - INFO - [SENSOR] Distance: 127 cm
2025-05-30 13:47:20,822 - INFO - [SENSOR] Distance: 103 cm
2025-05-30 13:47:20,854 - INFO - [SENSOR] Distance: 62 cm
2025-05-30 13:47:20,886 - INFO - [SENSOR] Distance: 102 cm
2025-05-30 13:47:20,917 - INFO - [SENSOR] Distance: 130 cm
2025-05-30 13:47:20,954 - INFO - [SENSOR] Distance: 85 cm
2025-05-30 13:47:20,985 - INFO - [SENSOR] Distance: 149 cm
2025-05-30 13:47:21,017 - INFO - [SENSOR] Distance: 138 cm
2025-05-30 13:47:21,054 - INFO - [SENSOR] Distance: 127 cm
2025-05-30 13:47:21,084 - INFO - [SENSOR] Distance: 130 cm
2025-05-30 13:47:21,117 - INFO - [SENSOR] Distance: 64 cm
2025-05-30 13:47:21,154 - INFO - [SENSOR] Distance: 98 cm
2025-05-30 13:47:21,185 - INFO - [SENSOR] Distance: 29 cm
2025-05-30 13:47:21,309 - INFO - [SENSOR] Distance: 117 cm
2025-05-30 13:47:21,314 - INFO - [SENSOR] Distance: 67 cm
2025-05-30 13:47:21,318 - INFO - [SENSOR] Distance: 73 cm
2025-05-30 13:47:21,326 - INFO - [SENSOR] Distance: 62 cm
2025-05-30 13:47:21,355 - INFO - [SENSOR] Distance: 126 cm
2025-05-30 13:47:21,385 - INFO - [SENSOR] Distance: 128 cm
2025-05-30 13:47:21,417 - INFO - [SENSOR] Distance: 94 cm
2025-05-30 13:47:21,455 - INFO - [SENSOR] Distance: 116 cm
2025-05-30 13:47:21,485 - INFO - [SENSOR] Distance: 133 cm
2025-05-30 13:47:21,517 - INFO - [SENSOR] Distance: 90 cm
2025-05-30 13:47:21,549 - INFO - [SENSOR] Distance: 102 cm
2025-05-30 13:47:21,585 - INFO - [SENSOR] Distance: 71 cm
2025-05-30 13:47:21,616 - INFO - [SENSOR] Distance: 64 cm
2025-05-30 13:47:21,648 - INFO - [SENSOR] Distance: 85 cm
2025-05-30 13:47:21,686 - INFO - [SENSOR] Distance: 98 cm
2025-05-30 13:47:21,717 - INFO - [SENSOR] Distance: 131 cm
2025-05-30 13:47:21,749 - INFO - [SENSOR] Distance: 77 cm
2025-05-30 13:47:21,786 - INFO - [SENSOR] Distance: 76 cm
2025-05-30 13:47:21,818 - INFO - [SENSOR] Distance: 103 cm
2025-05-30 13:47:21,854 - INFO - [SENSOR] Distance: 20 cm
2025-05-30 13:47:22,017 - INFO - [SENSOR] Distance: 27 cm
2025-05-30 13:47:22,236 - INFO - [SENSOR] Distance: 103 cm
2025-05-30 13:47:22,260 - INFO - [SENSOR] Distance: 63 cm
2025-05-30 13:47:22,265 - INFO - [SENSOR] Distance: 61 cm
2025-05-30 13:47:22,270 - INFO - [SENSOR] Distance: 108 cm
2025-05-30 13:47:22,283 - INFO - [SENSOR] Distance: 84 cm
2025-05-30 13:47:22,317 - INFO - [SENSOR] Distance: 117 cm
2025-05-30 13:47:22,348 - INFO - [SENSOR] Distance: 76 cm
2025-05-30 13:47:22,380 - INFO - [SENSOR] Distance: 78 cm
2025-05-30 13:47:22,417 - INFO - [SENSOR] Distance: 97 cm
2025-05-30 13:47:22,448 - INFO - [SENSOR] Distance: 111 cm
2025-05-30 13:47:22,481 - INFO - [SENSOR] Distance: 86 cm
2025-05-30 13:47:22,517 - INFO - [SENSOR] Distance: 38 cm
2025-05-30 13:47:22,664 - INFO - [SENSOR] Distance: 86 cm
2025-05-30 13:47:22,671 - INFO - [SENSOR] Distance: 127 cm
2025-05-30 13:47:22,678 - INFO - [SENSOR] Distance: 73 cm
2025-05-30 13:47:22,682 - INFO - [SENSOR] Distance: 108 cm
2025-05-30 13:47:22,713 - INFO - [SENSOR] Distance: 91 cm
2025-05-30 13:47:22,749 - INFO - [SENSOR] Distance: 12 cm
2025-05-30 13:47:22,891 - INFO - [SENSOR] Distance: 123 cm
2025-05-30 13:47:22,899 - INFO - [SENSOR] Distance: 91 cm
2025-05-30 13:47:22,909 - INFO - [SENSOR] Distance: 85 cm
2025-05-30 13:47:22,915 - INFO - [SENSOR] Distance: 144 cm
2025-05-30 13:47:22,948 - INFO - [SENSOR] Distance: 141 cm
2025-05-30 13:47:22,982 - INFO - [SENSOR] Distance: 63 cm
2025-05-30 13:47:23,014 - INFO - [SENSOR] Distance: 17 cm
2025-05-30 13:47:23,154 - INFO - [SENSOR] Distance: 103 cm
2025-05-30 13:47:23,160 - INFO - [SENSOR] Distance: 125 cm
2025-05-30 13:47:23,166 - INFO - [SENSOR] Distance: 113 cm
2025-05-30 13:47:23,173 - INFO - [SENSOR] Distance: 22 cm
2025-05-30 13:47:23,280 - INFO - [SENSOR] Distance: 25 cm
2025-05-30 13:47:23,432 - INFO - [SENSOR] Distance: 143 cm
2025-05-30 13:47:23,442 - INFO - [SENSOR] Distance: 143 cm
2025-05-30 13:47:23,455 - INFO - [SENSOR] Distance: 123 cm
2025-05-30 13:47:23,463 - INFO - [SENSOR] Distance: 127 cm
2025-05-30 13:47:23,480 - INFO - [SENSOR] Distance: 120 cm
2025-05-30 13:47:23,513 - INFO - [SENSOR] Distance: 89 cm
2025-05-30 13:47:23,544 - INFO - [SENSOR] Distance: 144 cm
2025-05-30 13:47:23,581 - INFO - [SENSOR] Distance: 147 cm
2025-05-30 13:47:23,613 - INFO - [SENSOR] Distance: 87 cm
2025-05-30 13:47:23,645 - INFO - [SENSOR] Distance: 98 cm
2025-05-30 13:47:23,681 - INFO - [SENSOR] Distance: 29 cm
2025-05-30 13:47:23,875 - INFO - [SENSOR] Distance: 140 cm
2025-05-30 13:47:23,887 - INFO - [SENSOR] Distance: 148 cm
2025-05-30 13:47:23,892 - INFO - [SENSOR] Distance: 119 cm
2025-05-30 13:47:23,898 - INFO - [SENSOR] Distance: 112 cm
2025-05-30 13:47:23,912 - INFO - [SENSOR] Distance: 94 cm
2025-05-30 13:47:23,945 - INFO - [SENSOR] Distance: 116 cm
2025-05-30 13:47:23,977 - INFO - [SENSOR] Distance: 87 cm
2025-05-30 13:47:24,012 - INFO - [SENSOR] Distance: 63 cm
2025-05-30 13:47:24,045 - INFO - [SENSOR] Distance: 62 cm
2025-05-30 13:47:24,077 - INFO - [SENSOR] Distance: 68 cm
2025-05-30 13:47:24,113 - INFO - [SENSOR] Distance: 125 cm
2025-05-30 13:47:24,145 - INFO - [SENSOR] Distance: 93 cm
2025-05-30 13:47:24,177 - INFO - [SENSOR] Distance: 116 cm
2025-05-30 13:47:24,213 - INFO - [SENSOR] Distance: 63 cm
2025-05-30 13:47:24,245 - INFO - [SENSOR] Distance: 64 cm
2025-05-30 13:47:24,277 - INFO - [SENSOR] Distance: 120 cm
2025-05-30 13:47:24,309 - INFO - [SENSOR] Distance: 75 cm
2025-05-30 13:47:24,345 - INFO - [SENSOR] Distance: 121 cm
2025-05-30 13:47:24,377 - INFO - [SENSOR] Distance: 37 cm
2025-05-30 13:47:24,521 - INFO - [SENSOR] Distance: 93 cm
2025-05-30 13:47:24,525 - INFO - [SENSOR] Distance: 63 cm
2025-05-30 13:47:24,531 - INFO - [SENSOR] Distance: 21 cm
2025-05-30 13:47:24,625 - INFO - [SENSOR] Distance: 74 cm
2025-05-30 13:47:24,629 - INFO - [SENSOR] Distance: 112 cm
2025-05-30 13:47:24,638 - INFO - [SENSOR] Distance: 122 cm
2025-05-30 13:47:24,644 - INFO - [SENSOR] Distance: 25 cm
2025-05-30 13:47:24,724 - INFO - [SENSOR] Distance: 141 cm
2025-05-30 13:47:24,728 - INFO - [SENSOR] Distance: 91 cm
2025-05-30 13:47:24,744 - INFO - [SENSOR] Distance: 69 cm
2025-05-30 13:47:24,777 - INFO - [SENSOR] Distance: 88 cm
2025-05-30 13:47:24,808 - INFO - [SENSOR] Distance: 97 cm
2025-05-30 13:47:24,845 - INFO - [SENSOR] Distance: 131 cm
2025-05-30 13:47:24,877 - INFO - [SENSOR] Distance: 122 cm
2025-05-30 13:47:24,909 - INFO - [SENSOR] Distance: 72 cm
2025-05-30 13:47:24,942 - INFO - [SENSOR] Distance: 60 cm
2025-05-30 13:47:24,977 - INFO - [SENSOR] Distance: 72 cm
2025-05-30 13:47:25,009 - INFO - [SENSOR] Distance: 96 cm
2025-05-30 13:47:25,042 - INFO - [SENSOR] Distance: 27 cm
2025-05-30 13:47:25,194 - INFO - [SENSOR] Distance: 138 cm
2025-05-30 13:47:25,203 - INFO - [SENSOR] Distance: 111 cm
2025-05-30 13:47:25,209 - INFO - [SENSOR] Distance: 15 cm
2025-05-30 13:47:25,309 - INFO - [SENSOR] Distance: 99 cm
2025-05-30 13:47:25,319 - INFO - [SENSOR] Distance: 85 cm
2025-05-30 13:47:25,325 - INFO - [SENSOR] Distance: 127 cm
2025-05-30 13:47:25,331 - INFO - [SENSOR] Distance: 28 cm
2025-05-30 13:47:25,440 - INFO - [SENSOR] Distance: 100 cm
2025-05-30 13:47:25,455 - INFO - [SENSOR] Distance: 26 cm
2025-05-30 13:47:25,650 - INFO - [SENSOR] Distance: 95 cm
2025-05-30 13:47:25,657 - INFO - [SENSOR] Distance: 100 cm
2025-05-30 13:47:25,664 - INFO - [SENSOR] Distance: 86 cm
2025-05-30 13:47:25,671 - INFO - [SENSOR] Distance: 84 cm
2025-05-30 13:47:25,708 - INFO - [SENSOR] Distance: 63 cm
2025-05-30 13:47:25,742 - INFO - [SENSOR] Distance: 22 cm
2025-05-30 13:47:25,889 - INFO - [SENSOR] Distance: 131 cm
2025-05-30 13:47:25,897 - INFO - [SENSOR] Distance: 92 cm
2025-05-30 13:47:25,905 - INFO - [SENSOR] Distance: 107 cm
2025-05-30 13:47:25,911 - INFO - [SENSOR] Distance: 103 cm
2025-05-30 13:47:25,941 - INFO - [SENSOR] Distance: 114 cm
2025-05-30 13:47:25,972 - INFO - [SENSOR] Distance: 67 cm
2025-05-30 13:47:26,005 - INFO - [SENSOR] Distance: 95 cm
2025-05-30 13:47:26,041 - INFO - [SENSOR] Distance: 95 cm
2025-05-30 13:47:26,074 - INFO - [SENSOR] Distance: 78 cm
2025-05-30 13:47:26,105 - INFO - [SENSOR] Distance: 86 cm
2025-05-30 13:47:26,141 - INFO - [SENSOR] Distance: 141 cm
2025-05-30 13:47:26,173 - INFO - [SENSOR] Distance: 75 cm
2025-05-30 13:47:26,205 - INFO - [SENSOR] Distance: 75 cm
2025-05-30 13:47:26,241 - INFO - [SENSOR] Distance: 70 cm
2025-05-30 13:47:26,273 - INFO - [SENSOR] Distance: 75 cm
2025-05-30 13:47:26,305 - INFO - [SENSOR] Distance: 63 cm
2025-05-30 13:47:26,342 - INFO - [SENSOR] Distance: 74 cm
2025-05-30 13:47:26,373 - INFO - [SENSOR] Distance: 137 cm
2025-05-30 13:47:26,404 - INFO - [SENSOR] Distance: 12 cm
2025-05-30 13:47:26,497 - INFO - [SENSOR] Distance: 91 cm
2025-05-30 13:47:26,501 - INFO - [SENSOR] Distance: 76 cm
2025-05-30 13:47:26,510 - INFO - [SENSOR] Distance: 90 cm
2025-05-30 13:47:26,541 - INFO - [SENSOR] Distance: 67 cm
2025-05-30 13:47:26,573 - INFO - [SENSOR] Distance: 11 cm
2025-05-30 13:47:26,705 - INFO - [SENSOR] Distance: 144 cm
2025-05-30 13:47:26,711 - INFO - [SENSOR] Distance: 94 cm
2025-05-30 13:47:26,721 - INFO - [SENSOR] Distance: 67 cm
2025-05-30 13:47:26,727 - INFO - [SENSOR] Distance: 116 cm
2025-05-30 13:47:26,737 - INFO - [SENSOR] Distance: 135 cm
2025-05-30 13:47:26,773 - INFO - [SENSOR] Distance: 116 cm
2025-05-30 13:47:26,806 - INFO - [SENSOR] Distance: 112 cm
2025-05-30 13:47:26,838 - INFO - [SENSOR] Distance: 132 cm
2025-05-30 13:47:26,873 - INFO - [SENSOR] Distance: 150 cm
2025-05-30 13:47:26,905 - INFO - [SENSOR] Distance: 143 cm
2025-05-30 13:47:26,938 - INFO - [SENSOR] Distance: 75 cm
2025-05-30 13:47:26,973 - INFO - [SENSOR] Distance: 70 cm
2025-05-30 13:47:27,008 - INFO - [SENSOR] Distance: 16 cm
2025-05-30 13:47:27,244 - INFO - [SENSOR] Distance: 145 cm
2025-05-30 13:47:27,253 - INFO - [SENSOR] Distance: 132 cm
2025-05-30 13:47:27,262 - INFO - [SENSOR] Distance: 144 cm
2025-05-30 13:47:27,266 - INFO - [SENSOR] Distance: 126 cm
2025-05-30 13:47:27,305 - INFO - [SENSOR] Distance: 126 cm
2025-05-30 13:47:27,338 - INFO - [SENSOR] Distance: 67 cm
2025-05-30 13:47:27,371 - INFO - [SENSOR] Distance: 96 cm
2025-05-30 13:47:27,405 - INFO - [SENSOR] Distance: 74 cm
2025-05-30 13:47:27,438 - INFO - [SENSOR] Distance: 71 cm
2025-05-30 13:47:27,470 - INFO - [SENSOR] Distance: 93 cm
2025-05-30 13:47:27,505 - INFO - [SENSOR] Distance: 138 cm
2025-05-30 13:47:27,538 - INFO - [SENSOR] Distance: 131 cm
2025-05-30 13:47:27,570 - INFO - [SENSOR] Distance: 68 cm
2025-05-30 13:47:27,605 - INFO - [SENSOR] Distance: 65 cm
2025-05-30 13:47:27,638 - INFO - [SENSOR] Distance: 106 cm
2025-05-30 13:47:27,669 - INFO - [SENSOR] Distance: 115 cm
2025-05-30 13:47:27,701 - INFO - [SENSOR] Distance: 114 cm
2025-05-30 13:47:27,738 - INFO - [SENSOR] Distance: 113 cm
2025-05-30 13:47:27,770 - INFO - [SENSOR] Distance: 94 cm
2025-05-30 13:47:27,801 - INFO - [SENSOR] Distance: 83 cm
2025-05-30 13:47:27,838 - INFO - [SENSOR] Distance: 65 cm
2025-05-30 13:47:27,870 - INFO - [SENSOR] Distance: 86 cm
2025-05-30 13:47:27,901 - INFO - [SENSOR] Distance: 65 cm
2025-05-30 13:47:27,938 - INFO - [SENSOR] Distance: 97 cm
2025-05-30 13:47:27,970 - INFO - [SENSOR] Distance: 129 cm
2025-05-30 13:47:28,001 - INFO - [SENSOR] Distance: 142 cm
2025-05-30 13:47:28,038 - INFO - [SENSOR] Distance: 113 cm
2025-05-30 13:47:28,070 - INFO - [SENSOR] Distance: 114 cm
2025-05-30 13:47:28,102 - INFO - [SENSOR] Distance: 72 cm
2025-05-30 13:47:28,138 - INFO - [SENSOR] Distance: 106 cm
2025-05-30 13:47:28,172 - INFO - [SENSOR] Distance: 139 cm
2025-05-30 13:47:28,202 - INFO - [SENSOR] Distance: 91 cm
2025-05-30 13:47:28,237 - INFO - [SENSOR] Distance: 102 cm
2025-05-30 13:47:28,272 - INFO - [SENSOR] Distance: 140 cm
2025-05-30 13:47:28,301 - INFO - [SENSOR] Distance: 128 cm
2025-05-30 13:47:28,334 - INFO - [SENSOR] Distance: 99 cm
2025-05-30 13:47:28,371 - INFO - [SENSOR] Distance: 117 cm
2025-05-30 13:47:28,401 - INFO - [SENSOR] Distance: 97 cm
2025-05-30 13:47:28,432 - INFO - [SENSOR] Distance: 70 cm
2025-05-30 13:47:28,469 - INFO - [SENSOR] Distance: 114 cm
2025-05-30 13:47:28,502 - INFO - [SENSOR] Distance: 93 cm
2025-05-30 13:47:28,533 - INFO - [SENSOR] Distance: 102 cm
2025-05-30 13:47:28,570 - INFO - [SENSOR] Distance: 21 cm
2025-05-30 13:47:28,704 - INFO - [SENSOR] Distance: 131 cm
2025-05-30 13:47:28,710 - INFO - [SENSOR] Distance: 64 cm
2025-05-30 13:47:28,715 - INFO - [SENSOR] Distance: 90 cm
2025-05-30 13:47:28,720 - INFO - [SENSOR] Distance: 64 cm
2025-05-30 13:47:28,732 - INFO - [SENSOR] Distance: 18 cm
2025-05-30 13:47:28,815 - INFO - [SENSOR] Distance: 115 cm
2025-05-30 13:47:28,822 - INFO - [SENSOR] Distance: 125 cm
2025-05-30 13:47:28,832 - INFO - [SENSOR] Distance: 30 cm
2025-05-30 13:47:28,927 - INFO - [SENSOR] Distance: 115 cm
2025-05-30 13:47:28,936 - INFO - [SENSOR] Distance: 141 cm
2025-05-30 13:47:28,945 - INFO - [SENSOR] Distance: 93 cm
2025-05-30 13:47:28,965 - INFO - [SENSOR] Distance: 127 cm
2025-05-30 13:47:29,001 - INFO - [SENSOR] Distance: 107 cm
2025-05-30 13:47:29,033 - INFO - [SENSOR] Distance: 146 cm
2025-05-30 13:47:29,065 - INFO - [SENSOR] Distance: 121 cm
2025-05-30 13:47:29,102 - INFO - [SENSOR] Distance: 63 cm
2025-05-30 13:47:29,133 - INFO - [SENSOR] Distance: 92 cm
2025-05-30 13:47:29,165 - INFO - [SENSOR] Distance: 104 cm
2025-05-30 13:47:29,201 - INFO - [SENSOR] Distance: 143 cm
2025-05-30 13:47:29,233 - INFO - [SENSOR] Distance: 130 cm
2025-05-30 13:47:29,265 - INFO - [SENSOR] Distance: 102 cm
2025-05-30 13:47:29,301 - INFO - [SENSOR] Distance: 71 cm
2025-05-30 13:47:29,333 - INFO - [SENSOR] Distance: 113 cm
2025-05-30 13:47:29,365 - INFO - [SENSOR] Distance: 95 cm
2025-05-30 13:47:29,397 - INFO - [SENSOR] Distance: 101 cm
2025-05-30 13:47:29,433 - INFO - [SENSOR] Distance: 88 cm
2025-05-30 13:47:29,465 - INFO - [SENSOR] Distance: 65 cm
2025-05-30 13:47:29,497 - INFO - [SENSOR] Distance: 130 cm
2025-05-30 13:47:29,533 - INFO - [SENSOR] Distance: 130 cm
2025-05-30 13:47:29,564 - INFO - [SENSOR] Distance: 89 cm
2025-05-30 13:47:29,597 - INFO - [SENSOR] Distance: 86 cm
2025-05-30 13:47:29,633 - INFO - [SENSOR] Distance: 145 cm
2025-05-30 13:47:29,665 - INFO - [SENSOR] Distance: 145 cm
2025-05-30 13:47:29,697 - INFO - [SENSOR] Distance: 103 cm
2025-05-30 13:47:29,733 - INFO - [SENSOR] Distance: 119 cm
2025-05-30 13:47:29,765 - INFO - [SENSOR] Distance: 37 cm
2025-05-30 13:47:29,937 - INFO - [SENSOR] Distance: 123 cm
2025-05-30 13:47:29,942 - INFO - [SENSOR] Distance: 39 cm
2025-05-30 13:47:30,033 - INFO - [SENSOR] Distance: 92 cm
2025-05-30 13:47:30,041 - INFO - [SENSOR] Distance: 129 cm
2025-05-30 13:47:30,046 - INFO - [SENSOR] Distance: 128 cm
2025-05-30 13:47:30,050 - INFO - [SENSOR] Distance: 84 cm
2025-05-30 13:47:30,097 - INFO - [SENSOR] Distance: 27 cm
2025-05-30 13:47:30,218 - INFO - [SENSOR] Distance: 148 cm
2025-05-30 13:47:30,227 - INFO - [SENSOR] Distance: 138 cm
2025-05-30 13:47:30,231 - INFO - [SENSOR] Distance: 65 cm
2025-05-30 13:47:30,237 - INFO - [SENSOR] Distance: 133 cm
2025-05-30 13:47:30,265 - INFO - [SENSOR] Distance: 126 cm
2025-05-30 13:47:30,297 - INFO - [SENSOR] Distance: 97 cm
2025-05-30 13:47:30,329 - INFO - [SENSOR] Distance: 137 cm
2025-05-30 13:47:30,365 - INFO - [SENSOR] Distance: 148 cm
2025-05-30 13:47:30,397 - INFO - [SENSOR] Distance: 65 cm
2025-05-30 13:47:30,429 - INFO - [SENSOR] Distance: 36 cm
2025-05-30 13:47:30,565 - INFO - [SENSOR] Distance: 77 cm
2025-05-30 13:47:30,576 - INFO - [SENSOR] Distance: 120 cm
2025-05-30 13:47:30,587 - INFO - [SENSOR] Distance: 110 cm
2025-05-30 13:47:30,593 - INFO - [SENSOR] Distance: 100 cm
2025-05-30 13:47:30,629 - INFO - [SENSOR] Distance: 129 cm
2025-05-30 13:47:30,661 - INFO - [SENSOR] Distance: 68 cm
2025-05-30 13:47:30,697 - INFO - [SENSOR] Distance: 117 cm
2025-05-30 13:47:30,729 - INFO - [SENSOR] Distance: 12 cm
2025-05-30 13:47:30,860 - INFO - [SENSOR] Distance: 73 cm
2025-05-30 13:47:30,871 - INFO - [SENSOR] Distance: 80 cm
2025-05-30 13:47:30,877 - INFO - [SENSOR] Distance: 138 cm
2025-05-30 13:47:30,882 - INFO - [SENSOR] Distance: 132 cm
2025-05-30 13:47:30,897 - INFO - [SENSOR] Distance: 131 cm
2025-05-30 13:47:30,929 - INFO - [SENSOR] Distance: 20 cm
2025-05-30 13:47:31,058 - INFO - [SENSOR] Distance: 149 cm
2025-05-30 13:47:31,065 - INFO - [SENSOR] Distance: 66 cm
2025-05-30 13:47:31,074 - INFO - [SENSOR] Distance: 11 cm
2025-05-30 13:47:31,161 - INFO - [SENSOR] Distance: 141 cm
2025-05-30 13:47:31,168 - INFO - [SENSOR] Distance: 108 cm
2025-05-30 13:47:31,178 - INFO - [SENSOR] Distance: 140 cm
2025-05-30 13:47:31,182 - INFO - [SENSOR] Distance: 99 cm
2025-05-30 13:47:31,192 - INFO - [SENSOR] Distance: 73 cm
2025-05-30 13:47:31,229 - INFO - [SENSOR] Distance: 60 cm
2025-05-30 13:47:31,261 - INFO - [SENSOR] Distance: 141 cm
2025-05-30 13:47:31,293 - INFO - [SENSOR] Distance: 124 cm
2025-05-30 13:47:31,329 - INFO - [SENSOR] Distance: 88 cm
2025-05-30 13:47:31,361 - INFO - [SENSOR] Distance: 144 cm
2025-05-30 13:47:31,393 - INFO - [SENSOR] Distance: 135 cm
2025-05-30 13:47:31,429 - INFO - [SENSOR] Distance: 94 cm
2025-05-30 13:47:31,461 - INFO - [SENSOR] Distance: 86 cm
2025-05-30 13:47:31,493 - INFO - [SENSOR] Distance: 68 cm
2025-05-30 13:47:31,529 - INFO - [SENSOR] Distance: 138 cm
2025-05-30 13:47:31,561 - INFO - [SENSOR] Distance: 143 cm
2025-05-30 13:47:31,593 - INFO - [SENSOR] Distance: 129 cm
2025-05-30 13:47:31,629 - INFO - [SENSOR] Distance: 119 cm
2025-05-30 13:47:31,660 - INFO - [SENSOR] Distance: 10 cm
2025-05-30 13:47:31,762 - INFO - [SENSOR] Distance: 144 cm
2025-05-30 13:47:31,770 - INFO - [SENSOR] Distance: 143 cm
2025-05-30 13:47:31,778 - INFO - [SENSOR] Distance: 95 cm
2025-05-30 13:47:31,793 - INFO - [SENSOR] Distance: 96 cm
2025-05-30 13:47:31,824 - INFO - [SENSOR] Distance: 123 cm
2025-05-30 13:47:31,860 - INFO - [SENSOR] Distance: 39 cm
2025-05-30 13:47:31,965 - INFO - [SENSOR] Distance: 125 cm
2025-05-30 13:47:31,973 - INFO - [SENSOR] Distance: 108 cm
2025-05-30 13:47:31,980 - INFO - [SENSOR] Distance: 119 cm
2025-05-30 13:47:31,992 - INFO - [SENSOR] Distance: 85 cm
2025-05-30 13:47:32,026 - INFO - [SENSOR] Distance: 63 cm
2025-05-30 13:47:32,063 - INFO - [SENSOR] Distance: 119 cm
2025-05-30 13:47:32,095 - INFO - [SENSOR] Distance: 39 cm
2025-05-30 13:47:32,508 - INFO - [SENSOR] Distance: 101 cm
2025-05-30 13:47:32,519 - INFO - [SENSOR] Distance: 119 cm
2025-05-30 13:47:32,524 - INFO - [SENSOR] Distance: 84 cm
2025-05-30 13:47:32,530 - INFO - [SENSOR] Distance: 62 cm
2025-05-30 13:47:32,558 - INFO - [SENSOR] Distance: 64 cm
2025-05-30 13:47:32,594 - INFO - [SENSOR] Distance: 105 cm
2025-05-30 13:47:32,626 - INFO - [SENSOR] Distance: 13 cm
2025-05-30 13:47:32,753 - INFO - [SENSOR] Distance: 30 cm
2025-05-30 13:47:32,856 - INFO - [SENSOR] Distance: 150 cm
2025-05-30 13:47:32,862 - INFO - [SENSOR] Distance: 135 cm
2025-05-30 13:47:32,867 - INFO - [SENSOR] Distance: 142 cm
2025-05-30 13:47:32,875 - INFO - [SENSOR] Distance: 72 cm
2025-05-30 13:47:32,890 - INFO - [SENSOR] Distance: 131 cm
2025-05-30 13:47:32,925 - INFO - [SENSOR] Distance: 121 cm
2025-05-30 13:47:32,957 - INFO - [SENSOR] Distance: 98 cm
2025-05-30 13:47:32,990 - INFO - [SENSOR] Distance: 141 cm
2025-05-30 13:47:33,025 - INFO - [SENSOR] Distance: 137 cm
2025-05-30 13:47:33,057 - INFO - [SENSOR] Distance: 105 cm
2025-05-30 13:47:33,091 - INFO - [SENSOR] Distance: 145 cm
2025-05-30 13:47:33,131 - INFO - [SENSOR] Distance: 16 cm
2025-05-30 13:47:33,320 - INFO - [SENSOR] Distance: 135 cm
2025-05-30 13:47:33,326 - INFO - [SENSOR] Distance: 96 cm
2025-05-30 13:47:33,330 - INFO - [SENSOR] Distance: 16 cm
2025-05-30 13:47:33,434 - INFO - [SENSOR] Distance: 108 cm
2025-05-30 13:47:33,438 - INFO - [SENSOR] Distance: 111 cm
2025-05-30 13:47:33,442 - INFO - [SENSOR] Distance: 93 cm
2025-05-30 13:47:33,446 - INFO - [SENSOR] Distance: 62 cm
2025-05-30 13:47:33,489 - INFO - [SENSOR] Distance: 85 cm
2025-05-30 13:47:33,521 - INFO - [SENSOR] Distance: 60 cm
2025-05-30 13:47:33,557 - INFO - [SENSOR] Distance: 114 cm
2025-05-30 13:47:33,590 - INFO - [SENSOR] Distance: 90 cm
2025-05-30 13:47:33,621 - INFO - [SENSOR] Distance: 22 cm
2025-05-30 13:47:33,791 - INFO - [SENSOR] Distance: 86 cm
2025-05-30 13:47:33,801 - INFO - [SENSOR] Distance: 73 cm
2025-05-30 13:47:33,808 - INFO - [SENSOR] Distance: 122 cm
2025-05-30 13:47:33,813 - INFO - [SENSOR] Distance: 74 cm
2025-05-30 13:47:33,821 - INFO - [SENSOR] Distance: 82 cm
2025-05-30 13:47:33,858 - INFO - [SENSOR] Distance: 82 cm
2025-05-30 13:47:33,890 - INFO - [SENSOR] Distance: 97 cm
2025-05-30 13:47:33,921 - INFO - [SENSOR] Distance: 103 cm
2025-05-30 13:47:33,954 - INFO - [SENSOR] Distance: 105 cm
2025-05-30 13:47:33,989 - INFO - [SENSOR] Distance: 92 cm
2025-05-30 13:47:34,021 - INFO - [SENSOR] Distance: 86 cm
2025-05-30 13:47:34,054 - INFO - [SENSOR] Distance: 148 cm
2025-05-30 13:47:34,090 - INFO - [SENSOR] Distance: 67 cm
2025-05-30 13:47:34,121 - INFO - [SENSOR] Distance: 70 cm
2025-05-30 13:47:34,154 - INFO - [SENSOR] Distance: 136 cm
2025-05-30 13:47:34,189 - INFO - [SENSOR] Distance: 149 cm
2025-05-30 13:47:34,221 - INFO - [SENSOR] Distance: 68 cm
2025-05-30 13:47:34,254 - INFO - [SENSOR] Distance: 140 cm
2025-05-30 13:47:34,289 - INFO - [SENSOR] Distance: 148 cm
2025-05-30 13:47:34,321 - INFO - [SENSOR] Distance: 82 cm
2025-05-30 13:47:34,354 - INFO - [SENSOR] Distance: 77 cm
2025-05-30 13:47:34,389 - INFO - [SENSOR] Distance: 120 cm
2025-05-30 13:47:34,421 - INFO - [SENSOR] Distance: 136 cm
2025-05-30 13:47:34,454 - INFO - [SENSOR] Distance: 139 cm
2025-05-30 13:47:34,486 - INFO - [SENSOR] Distance: 144 cm
2025-05-30 13:47:34,521 - INFO - [SENSOR] Distance: 17 cm
2025-05-30 13:47:34,675 - INFO - [SENSOR] Distance: 96 cm
2025-05-30 13:47:34,679 - INFO - [SENSOR] Distance: 91 cm
2025-05-30 13:47:34,686 - INFO - [SENSOR] Distance: 118 cm
2025-05-30 13:47:34,693 - INFO - [SENSOR] Distance: 84 cm
2025-05-30 13:47:34,721 - INFO - [SENSOR] Distance: 136 cm
2025-05-30 13:47:34,753 - INFO - [SENSOR] Distance: 125 cm
2025-05-30 13:47:34,786 - INFO - [SENSOR] Distance: 114 cm
2025-05-30 13:47:34,821 - INFO - [SENSOR] Distance: 150 cm
2025-05-30 13:47:34,853 - INFO - [SENSOR] Distance: 76 cm
2025-05-30 13:47:34,886 - INFO - [SENSOR] Distance: 116 cm
2025-05-30 13:47:34,921 - INFO - [SENSOR] Distance: 113 cm
2025-05-30 13:47:34,953 - INFO - [SENSOR] Distance: 66 cm
2025-05-30 13:47:34,986 - INFO - [SENSOR] Distance: 133 cm
2025-05-30 13:47:35,021 - INFO - [SENSOR] Distance: 101 cm
2025-05-30 13:47:35,053 - INFO - [SENSOR] Distance: 80 cm
2025-05-30 13:47:35,085 - INFO - [SENSOR] Distance: 39 cm
2025-05-30 13:47:35,247 - INFO - [SENSOR] Distance: 131 cm
2025-05-30 13:47:35,261 - INFO - [SENSOR] Distance: 104 cm
2025-05-30 13:47:35,265 - INFO - [SENSOR] Distance: 141 cm
2025-05-30 13:47:35,270 - INFO - [SENSOR] Distance: 68 cm
2025-05-30 13:47:35,286 - INFO - [SENSOR] Distance: 119 cm
2025-05-30 13:47:35,317 - INFO - [SENSOR] Distance: 94 cm
2025-05-30 13:47:35,353 - INFO - [SENSOR] Distance: 75 cm
2025-05-30 13:47:35,387 - INFO - [SENSOR] Distance: 81 cm
2025-05-30 13:47:35,417 - INFO - [SENSOR] Distance: 99 cm
2025-05-30 13:47:35,454 - INFO - [SENSOR] Distance: 137 cm
2025-05-30 13:47:35,486 - INFO - [SENSOR] Distance: 147 cm
2025-05-30 13:47:35,517 - INFO - [SENSOR] Distance: 111 cm
2025-05-30 13:47:35,554 - INFO - [SENSOR] Distance: 77 cm
2025-05-30 13:47:35,586 - INFO - [SENSOR] Distance: 134 cm
2025-05-30 13:47:35,617 - INFO - [SENSOR] Distance: 130 cm
2025-05-30 13:47:35,649 - INFO - [SENSOR] Distance: 112 cm
2025-05-30 13:47:35,686 - INFO - [SENSOR] Distance: 122 cm
2025-05-30 13:47:35,717 - INFO - [SENSOR] Distance: 128 cm
2025-05-30 13:47:35,749 - INFO - [SENSOR] Distance: 145 cm
2025-05-30 13:47:35,786 - INFO - [SENSOR] Distance: 106 cm
2025-05-30 13:47:35,818 - INFO - [SENSOR] Distance: 62 cm
2025-05-30 13:47:35,849 - INFO - [SENSOR] Distance: 127 cm
