2025-05-30 10:58:57,862 [INFO] YOLO model loaded successfully
2025-05-30 10:58:57,865 [INFO] Detecting Arduino port on Linux
2025-05-30 10:58:57,865 [INFO] Arduino detected on /dev/ttyACM0
2025-05-30 10:58:59,866 [INFO] Connected to Arduino on /dev/ttyACM0
2025-05-30 10:58:59,972 [INFO] Video capture initialized
2025-05-30 10:58:59,973 [INFO] System ready. Press 'q' to exit
2025-05-30 10:59:00,170 [INFO] Distance: 4.0 cm
2025-05-30 10:59:02,870 [INFO] Distance: 36.44 cm
2025-05-30 10:59:03,170 [INFO] Distance: 12.37 cm
2025-05-30 10:59:03,267 [INFO] Distance: 13.63 cm
2025-05-30 10:59:03,374 [INFO] Distance: 9.23 cm
2025-05-30 10:59:03,478 [INFO] Distance: 16.56 cm
2025-05-30 10:59:03,601 [INFO] Distance: 8.14 cm
2025-05-30 10:59:03,727 [INFO] Distance: 11.46 cm
2025-05-30 10:59:03,961 [INFO] Distance: 13.68 cm
2025-05-30 10:59:04,112 [INFO] Distance: 20.98 cm
2025-05-30 10:59:04,219 [INFO] Distance: 9.43 cm
2025-05-30 10:59:04,298 [INFO] Distance: 9.28 cm
2025-05-30 10:59:04,380 [INFO] Distance: 10.77 cm
2025-05-30 10:59:04,456 [INFO] Distance: 7.2 cm
2025-05-30 10:59:04,676 [INFO] Distance: 6.43 cm
2025-05-30 10:59:04,795 [INFO] Distance: 200.0 cm
2025-05-30 10:59:04,801 [INFO] Distance: 200.0 cm
2025-05-30 10:59:04,808 [INFO] Distance: 200.0 cm
2025-05-30 10:59:04,813 [INFO] Distance: 200.0 cm
2025-05-30 10:59:04,855 [INFO] Distance: 78.25 cm
2025-05-30 10:59:04,888 [INFO] Distance: 14.78 cm
2025-05-30 10:59:05,131 [INFO] Distance: 15.02 cm
2025-05-30 10:59:05,367 [INFO] Distance: 200.0 cm
2025-05-30 10:59:05,374 [INFO] Distance: 200.0 cm
2025-05-30 10:59:05,379 [INFO] Distance: 200.0 cm
2025-05-30 10:59:05,385 [INFO] Distance: 200.0 cm
2025-05-30 10:59:05,419 [INFO] Distance: 200.0 cm
2025-05-30 10:59:05,452 [INFO] Distance: 79.54 cm
2025-05-30 10:59:05,488 [INFO] Distance: 200.0 cm
2025-05-30 10:59:05,519 [INFO] Distance: 200.0 cm
2025-05-30 10:59:05,552 [INFO] Distance: 200.0 cm
2025-05-30 10:59:05,588 [INFO] Distance: 200.0 cm
2025-05-30 10:59:05,619 [INFO] Distance: 200.0 cm
2025-05-30 10:59:05,652 [INFO] Distance: 200.0 cm
2025-05-30 10:59:05,688 [INFO] Distance: 200.0 cm
2025-05-30 10:59:05,719 [INFO] Distance: 200.0 cm
2025-05-30 10:59:05,752 [INFO] Distance: 200.0 cm
2025-05-30 10:59:05,788 [INFO] Distance: 200.0 cm
2025-05-30 10:59:05,819 [INFO] Distance: 200.0 cm
2025-05-30 10:59:05,853 [INFO] Distance: 200.0 cm
2025-05-30 10:59:05,884 [INFO] Distance: 200.0 cm
2025-05-30 10:59:05,919 [INFO] Distance: 200.0 cm
2025-05-30 10:59:05,953 [INFO] Distance: 180.72 cm
2025-05-30 10:59:05,984 [INFO] Distance: 163.61 cm
2025-05-30 10:59:06,019 [INFO] Distance: 177.25 cm
2025-05-30 10:59:06,052 [INFO] Distance: 154.64 cm
2025-05-30 10:59:06,084 [INFO] Distance: 175.17 cm
2025-05-30 10:59:06,119 [INFO] Distance: 148.83 cm
2025-05-30 10:59:06,152 [INFO] Distance: 146.08 cm
2025-05-30 10:59:06,185 [INFO] Distance: 194.74 cm
2025-05-30 10:59:06,219 [INFO] Distance: 150.09 cm
2025-05-30 10:59:06,252 [INFO] Distance: 152.41 cm
2025-05-30 10:59:06,284 [INFO] Distance: 200.0 cm
2025-05-30 10:59:06,320 [INFO] Distance: 200.0 cm
2025-05-30 10:59:06,353 [INFO] Distance: 200.0 cm
2025-05-30 10:59:06,384 [INFO] Distance: 200.0 cm
2025-05-30 10:59:06,420 [INFO] Distance: 200.0 cm
2025-05-30 10:59:06,455 [INFO] Distance: 200.0 cm
2025-05-30 10:59:06,485 [INFO] Distance: 200.0 cm
2025-05-30 10:59:06,518 [INFO] Distance: 200.0 cm
2025-05-30 10:59:06,552 [INFO] Distance: 200.0 cm
2025-05-30 10:59:06,585 [INFO] Distance: 200.0 cm
2025-05-30 10:59:06,616 [INFO] Distance: 200.0 cm
2025-05-30 10:59:06,652 [INFO] Distance: 200.0 cm
2025-05-30 10:59:06,684 [INFO] Distance: 166.19 cm
2025-05-30 10:59:06,715 [INFO] Distance: 159.9 cm
2025-05-30 10:59:06,752 [INFO] Distance: 157.73 cm
2025-05-30 10:59:06,785 [INFO] Distance: 153.26 cm
2025-05-30 10:59:06,815 [INFO] Distance: 146.43 cm
2025-05-30 10:59:06,852 [INFO] Distance: 141.89 cm
2025-05-30 10:59:06,885 [INFO] Distance: 128.54 cm
2025-05-30 10:59:06,915 [INFO] Distance: 119.3 cm
2025-05-30 10:59:06,952 [INFO] Distance: 124.16 cm
2025-05-30 10:59:06,984 [INFO] Distance: 108.95 cm
2025-05-30 10:59:07,015 [INFO] Distance: 103.14 cm
2025-05-30 10:59:07,047 [INFO] Distance: 97.15 cm
2025-05-30 10:59:07,085 [INFO] Distance: 96.77 cm
2025-05-30 10:59:07,115 [INFO] Distance: 88.61 cm
2025-05-30 10:59:07,147 [INFO] Distance: 83.25 cm
2025-05-30 10:59:07,183 [INFO] Distance: 80.53 cm
2025-05-30 10:59:07,215 [INFO] Distance: 88.81 cm
2025-05-30 10:59:07,247 [INFO] Distance: 86.03 cm
2025-05-30 10:59:07,284 [INFO] Distance: 86.0 cm
2025-05-30 10:59:07,320 [INFO] Distance: 87.2 cm
2025-05-30 10:59:07,350 [INFO] Distance: 86.43 cm
2025-05-30 10:59:07,387 [INFO] Distance: 86.84 cm
2025-05-30 10:59:07,424 [INFO] Distance: 85.17 cm
2025-05-30 10:59:07,447 [INFO] Distance: 84.67 cm
2025-05-30 10:59:07,485 [INFO] Distance: 87.29 cm
2025-05-30 10:59:07,516 [INFO] Distance: 91.87 cm
2025-05-30 10:59:07,547 [INFO] Distance: 87.63 cm
2025-05-30 10:59:07,579 [INFO] Distance: 86.86 cm
2025-05-30 10:59:07,616 [INFO] Distance: 94.86 cm
2025-05-30 10:59:07,647 [INFO] Distance: 85.53 cm
2025-05-30 10:59:07,679 [INFO] Distance: 85.17 cm
2025-05-30 10:59:07,715 [INFO] Distance: 86.0 cm
2025-05-30 10:59:07,747 [INFO] Distance: 85.48 cm
2025-05-30 10:59:07,779 [INFO] Distance: 85.79 cm
2025-05-30 10:59:07,815 [INFO] Distance: 86.31 cm
2025-05-30 10:59:07,847 [INFO] Distance: 85.45 cm
2025-05-30 10:59:07,879 [INFO] Distance: 85.46 cm
2025-05-30 10:59:07,917 [INFO] Distance: 85.02 cm
2025-05-30 10:59:07,947 [INFO] Distance: 85.45 cm
2025-05-30 10:59:07,979 [INFO] Distance: 85.05 cm
2025-05-30 10:59:08,016 [INFO] Distance: 85.89 cm
2025-05-30 10:59:08,047 [INFO] Distance: 84.64 cm
2025-05-30 10:59:08,079 [INFO] Distance: 85.48 cm
2025-05-30 10:59:08,116 [INFO] Distance: 84.54 cm
2025-05-30 10:59:08,149 [INFO] Distance: 84.74 cm
2025-05-30 10:59:08,179 [INFO] Distance: 85.48 cm
2025-05-30 10:59:08,211 [INFO] Distance: 84.12 cm
2025-05-30 10:59:08,247 [INFO] Distance: 86.34 cm
2025-05-30 10:59:08,279 [INFO] Distance: 85.48 cm
2025-05-30 10:59:08,311 [INFO] Distance: 85.5 cm
2025-05-30 10:59:08,347 [INFO] Distance: 84.12 cm
2025-05-30 10:59:08,379 [INFO] Distance: 86.34 cm
2025-05-30 10:59:08,411 [INFO] Distance: 84.78 cm
2025-05-30 10:59:08,447 [INFO] Distance: 84.14 cm
2025-05-30 10:59:08,479 [INFO] Distance: 84.66 cm
2025-05-30 10:59:08,511 [INFO] Distance: 86.77 cm
2025-05-30 10:59:08,547 [INFO] Distance: 84.66 cm
2025-05-30 10:59:08,579 [INFO] Distance: 84.16 cm
2025-05-30 10:59:08,611 [INFO] Distance: 84.66 cm
2025-05-30 10:59:08,647 [INFO] Distance: 86.34 cm
2025-05-30 10:59:08,679 [INFO] Distance: 84.55 cm
2025-05-30 10:59:08,711 [INFO] Distance: 85.5 cm
2025-05-30 10:59:08,743 [INFO] Distance: 85.5 cm
2025-05-30 10:59:08,779 [INFO] Distance: 86.34 cm
2025-05-30 10:59:08,811 [INFO] Distance: 85.5 cm
2025-05-30 10:59:08,843 [INFO] Distance: 85.48 cm
2025-05-30 10:59:08,879 [INFO] Distance: 85.91 cm
2025-05-30 10:59:08,911 [INFO] Distance: 84.55 cm
2025-05-30 10:59:08,943 [INFO] Distance: 85.17 cm
2025-05-30 10:59:08,979 [INFO] Distance: 85.07 cm
2025-05-30 10:59:09,011 [INFO] Distance: 85.41 cm
2025-05-30 10:59:09,043 [INFO] Distance: 84.64 cm
2025-05-30 10:59:09,079 [INFO] Distance: 85.09 cm
2025-05-30 10:59:09,111 [INFO] Distance: 85.93 cm
2025-05-30 10:59:09,143 [INFO] Distance: 85.41 cm
2025-05-30 10:59:09,179 [INFO] Distance: 85.48 cm
2025-05-30 10:59:09,211 [INFO] Distance: 85.91 cm
2025-05-30 10:59:09,243 [INFO] Distance: 83.71 cm
2025-05-30 10:59:09,276 [INFO] Distance: 85.05 cm
2025-05-30 10:59:09,311 [INFO] Distance: 85.07 cm
2025-05-30 10:59:09,343 [INFO] Distance: 85.5 cm
2025-05-30 10:59:09,375 [INFO] Distance: 85.41 cm
2025-05-30 10:59:09,411 [INFO] Distance: 85.93 cm
2025-05-30 10:59:09,443 [INFO] Distance: 85.07 cm
2025-05-30 10:59:09,475 [INFO] Distance: 85.41 cm
2025-05-30 10:59:09,511 [INFO] Distance: 85.05 cm
2025-05-30 10:59:09,543 [INFO] Distance: 85.91 cm
2025-05-30 10:59:09,575 [INFO] Distance: 86.08 cm
2025-05-30 10:59:09,611 [INFO] Distance: 85.5 cm
2025-05-30 10:59:09,643 [INFO] Distance: 85.6 cm
2025-05-30 10:59:09,675 [INFO] Distance: 85.91 cm
2025-05-30 10:59:09,711 [INFO] Distance: 85.41 cm
2025-05-30 10:59:09,743 [INFO] Distance: 84.66 cm
2025-05-30 10:59:09,775 [INFO] Distance: 84.64 cm
2025-05-30 10:59:09,811 [INFO] Distance: 84.14 cm
2025-05-30 10:59:09,843 [INFO] Distance: 85.93 cm
2025-05-30 10:59:09,875 [INFO] Distance: 84.64 cm
2025-05-30 10:59:09,907 [INFO] Distance: 85.15 cm
2025-05-30 10:59:09,943 [INFO] Distance: 84.14 cm
2025-05-30 10:59:09,975 [INFO] Distance: 84.62 cm
2025-05-30 10:59:10,007 [INFO] Distance: 86.0 cm
2025-05-30 10:59:10,043 [INFO] Distance: 85.4 cm
2025-05-30 10:59:10,075 [INFO] Distance: 85.07 cm
2025-05-30 10:59:10,107 [INFO] Distance: 85.07 cm
2025-05-30 10:59:10,143 [INFO] Distance: 85.03 cm
2025-05-30 10:59:10,175 [INFO] Distance: 84.38 cm
2025-05-30 10:59:10,207 [INFO] Distance: 85.91 cm
2025-05-30 10:59:10,244 [INFO] Distance: 85.48 cm
2025-05-30 10:59:10,275 [INFO] Distance: 84.67 cm
2025-05-30 10:59:10,307 [INFO] Distance: 85.03 cm
2025-05-30 10:59:10,343 [INFO] Distance: 85.48 cm
2025-05-30 10:59:10,375 [INFO] Distance: 84.4 cm
2025-05-30 10:59:10,407 [INFO] Distance: 85.48 cm
2025-05-30 10:59:10,439 [INFO] Distance: 84.64 cm
2025-05-30 10:59:10,475 [INFO] Distance: 84.64 cm
2025-05-30 10:59:10,507 [INFO] Distance: 85.82 cm
2025-05-30 10:59:10,540 [INFO] Distance: 85.17 cm
2025-05-30 10:59:10,575 [INFO] Distance: 85.48 cm
2025-05-30 10:59:10,607 [INFO] Distance: 84.54 cm
2025-05-30 10:59:10,640 [INFO] Distance: 84.76 cm
2025-05-30 10:59:10,675 [INFO] Distance: 85.07 cm
2025-05-30 10:59:10,707 [INFO] Distance: 84.62 cm
2025-05-30 10:59:10,740 [INFO] Distance: 85.41 cm
2025-05-30 10:59:10,775 [INFO] Distance: 84.64 cm
2025-05-30 10:59:10,807 [INFO] Distance: 85.91 cm
2025-05-30 10:59:10,840 [INFO] Distance: 84.54 cm
2025-05-30 10:59:10,875 [INFO] Distance: 86.32 cm
2025-05-30 10:59:10,907 [INFO] Distance: 85.48 cm
2025-05-30 10:59:10,939 [INFO] Distance: 85.48 cm
2025-05-30 10:59:10,972 [INFO] Distance: 85.24 cm
2025-05-30 10:59:11,008 [INFO] Distance: 84.64 cm
2025-05-30 10:59:11,040 [INFO] Distance: 85.48 cm
2025-05-30 10:59:11,072 [INFO] Distance: 84.16 cm
2025-05-30 10:59:11,107 [INFO] Distance: 84.64 cm
2025-05-30 10:59:11,140 [INFO] Distance: 85.05 cm
2025-05-30 10:59:11,172 [INFO] Distance: 84.74 cm
2025-05-30 10:59:11,207 [INFO] Distance: 85.91 cm
2025-05-30 10:59:11,240 [INFO] Distance: 84.64 cm
2025-05-30 10:59:11,272 [INFO] Distance: 85.17 cm
2025-05-30 10:59:11,307 [INFO] Distance: 85.84 cm
2025-05-30 10:59:11,339 [INFO] Distance: 86.34 cm
2025-05-30 10:59:11,371 [INFO] Distance: 85.93 cm
2025-05-30 10:59:11,407 [INFO] Distance: 84.16 cm
2025-05-30 10:59:11,439 [INFO] Distance: 85.6 cm
2025-05-30 10:59:11,471 [INFO] Distance: 85.5 cm
2025-05-30 10:59:11,507 [INFO] Distance: 85.91 cm
2025-05-30 10:59:11,539 [INFO] Distance: 85.4 cm
2025-05-30 10:59:11,571 [INFO] Distance: 84.64 cm
2025-05-30 10:59:11,604 [INFO] Distance: 86.44 cm
2025-05-30 10:59:11,639 [INFO] Distance: 85.41 cm
2025-05-30 10:59:11,672 [INFO] Distance: 86.34 cm
2025-05-30 10:59:11,705 [INFO] Distance: 86.34 cm
2025-05-30 10:59:11,741 [INFO] Distance: 86.32 cm
2025-05-30 10:59:11,774 [INFO] Distance: 84.4 cm
2025-05-30 10:59:11,804 [INFO] Distance: 85.91 cm
2025-05-30 10:59:11,839 [INFO] Distance: 85.48 cm
2025-05-30 10:59:11,872 [INFO] Distance: 84.98 cm
2025-05-30 10:59:11,903 [INFO] Distance: 84.62 cm
2025-05-30 10:59:11,939 [INFO] Distance: 86.01 cm
2025-05-30 10:59:11,972 [INFO] Distance: 85.65 cm
2025-05-30 10:59:12,003 [INFO] Distance: 86.32 cm
2025-05-30 10:59:12,040 [INFO] Distance: 84.62 cm
2025-05-30 10:59:12,071 [INFO] Distance: 85.89 cm
2025-05-30 10:59:12,104 [INFO] Distance: 85.09 cm
2025-05-30 10:59:12,135 [INFO] Distance: 84.64 cm
2025-05-30 10:59:12,172 [INFO] Distance: 85.91 cm
2025-05-30 10:59:12,203 [INFO] Distance: 84.55 cm
2025-05-30 10:59:12,235 [INFO] Distance: 85.05 cm
2025-05-30 10:59:12,273 [INFO] Distance: 84.62 cm
2025-05-30 10:59:12,304 [INFO] Distance: 85.48 cm
2025-05-30 10:59:12,335 [INFO] Distance: 83.71 cm
2025-05-30 10:59:12,373 [INFO] Distance: 85.91 cm
2025-05-30 10:59:12,405 [INFO] Distance: 85.91 cm
2025-05-30 10:59:12,436 [INFO] Distance: 83.71 cm
2025-05-30 10:59:12,473 [INFO] Distance: 85.58 cm
2025-05-30 10:59:12,503 [INFO] Distance: 84.21 cm
2025-05-30 10:59:12,535 [INFO] Distance: 84.19 cm
2025-05-30 10:59:12,577 [INFO] Distance: 84.47 cm
2025-05-30 10:59:12,603 [INFO] Distance: 85.48 cm
2025-05-30 10:59:12,636 [INFO] Distance: 85.46 cm
2025-05-30 10:59:12,668 [INFO] Distance: 84.97 cm
2025-05-30 10:59:12,703 [INFO] Distance: 85.5 cm
2025-05-30 10:59:12,737 [INFO] Distance: 85.46 cm
2025-05-30 10:59:12,769 [INFO] Distance: 85.64 cm
2025-05-30 10:59:12,804 [INFO] Distance: 84.64 cm
2025-05-30 10:59:12,836 [INFO] Distance: 84.73 cm
2025-05-30 10:59:12,869 [INFO] Distance: 85.46 cm
2025-05-30 10:59:12,904 [INFO] Distance: 84.54 cm
2025-05-30 10:59:12,936 [INFO] Distance: 85.09 cm
2025-05-30 10:59:12,969 [INFO] Distance: 86.31 cm
2025-05-30 10:59:13,004 [INFO] Distance: 84.55 cm
2025-05-30 10:59:13,036 [INFO] Distance: 85.89 cm
2025-05-30 10:59:13,068 [INFO] Distance: 85.89 cm
2025-05-30 10:59:13,105 [INFO] Distance: 84.73 cm
2025-05-30 10:59:13,136 [INFO] Distance: 84.55 cm
2025-05-30 10:59:13,170 [INFO] Distance: 84.62 cm
2025-05-30 10:59:13,204 [INFO] Distance: 85.89 cm
2025-05-30 10:59:13,236 [INFO] Distance: 84.11 cm
2025-05-30 10:59:13,268 [INFO] Distance: 85.46 cm
2025-05-30 10:59:13,301 [INFO] Distance: 83.73 cm
2025-05-30 10:59:13,335 [INFO] Distance: 88.87 cm
2025-05-30 10:59:13,368 [INFO] Distance: 85.26 cm
2025-05-30 10:59:13,401 [INFO] Distance: 85.86 cm
2025-05-30 10:59:13,435 [INFO] Distance: 85.89 cm
2025-05-30 10:59:13,468 [INFO] Distance: 86.68 cm
2025-05-30 10:59:13,501 [INFO] Distance: 80.77 cm
2025-05-30 10:59:13,536 [INFO] Distance: 76.49 cm
2025-05-30 10:59:13,568 [INFO] Distance: 40.0 cm
2025-05-30 10:59:13,841 [WARNING] Plate text too short: RAHD2U
2025-05-30 10:59:13,849 [INFO] Distance: 83.99 cm
2025-05-30 10:59:13,855 [INFO] Distance: 42.87 cm
2025-05-30 10:59:14,099 [WARNING] Invalid plate format: RAHD2UF
2025-05-30 10:59:14,104 [INFO] Distance: 43.4 cm
2025-05-30 10:59:14,380 [WARNING] Plate text too short: RAHO2U
2025-05-30 10:59:14,385 [INFO] Distance: 44.11 cm
2025-05-30 10:59:14,581 [WARNING] Plate text too short: RAH2U
2025-05-30 10:59:14,586 [INFO] Distance: 72.27 cm
2025-05-30 10:59:14,589 [INFO] Distance: 86.6 cm
2025-05-30 10:59:14,594 [INFO] Distance: 86.79 cm
2025-05-30 10:59:14,597 [INFO] Distance: 85.64 cm
2025-05-30 10:59:14,632 [INFO] Distance: 74.26 cm
2025-05-30 10:59:14,664 [INFO] Distance: 39.35 cm
2025-05-30 10:59:14,920 [WARNING] Invalid plate format: RAHD72U
2025-05-30 10:59:14,924 [INFO] Distance: 74.48 cm
2025-05-30 10:59:14,929 [INFO] Distance: 76.6 cm
2025-05-30 10:59:14,934 [INFO] Distance: 40.1 cm
2025-05-30 10:59:15,142 [WARNING] Plate text too short: RAH72U
2025-05-30 10:59:15,147 [INFO] Distance: 75.6 cm
2025-05-30 10:59:15,155 [INFO] Distance: 200.0 cm
2025-05-30 10:59:15,158 [INFO] Distance: 200.0 cm
2025-05-30 10:59:15,162 [INFO] Distance: 200.0 cm
2025-05-30 10:59:15,195 [INFO] Distance: 164.66 cm
2025-05-30 10:59:15,232 [INFO] Distance: 166.24 cm
2025-05-30 10:59:15,263 [INFO] Distance: 166.36 cm
2025-05-30 10:59:15,295 [INFO] Distance: 166.43 cm
2025-05-30 10:59:15,332 [INFO] Distance: 167.15 cm
2025-05-30 10:59:15,363 [INFO] Distance: 166.46 cm
2025-05-30 10:59:15,395 [INFO] Distance: 166.92 cm
2025-05-30 10:59:15,433 [INFO] Distance: 166.46 cm
2025-05-30 10:59:15,463 [INFO] Distance: 167.39 cm
2025-05-30 10:59:15,496 [INFO] Distance: 166.6 cm
2025-05-30 10:59:15,535 [INFO] Distance: 166.53 cm
2025-05-30 10:59:15,563 [INFO] Distance: 166.77 cm
2025-05-30 10:59:15,595 [INFO] Distance: 167.46 cm
2025-05-30 10:59:15,627 [INFO] Distance: 166.41 cm
2025-05-30 10:59:15,664 [INFO] Distance: 166.46 cm
2025-05-30 10:59:15,696 [INFO] Distance: 167.29 cm
2025-05-30 10:59:15,728 [INFO] Distance: 166.92 cm
2025-05-30 10:59:15,764 [INFO] Distance: 167.3 cm
2025-05-30 10:59:15,796 [INFO] Distance: 167.11 cm
2025-05-30 10:59:15,828 [INFO] Distance: 166.08 cm
2025-05-30 10:59:15,864 [INFO] Distance: 167.03 cm
2025-05-30 10:59:15,896 [INFO] Distance: 166.53 cm
2025-05-30 10:59:15,927 [INFO] Distance: 166.65 cm
2025-05-30 10:59:15,964 [INFO] Distance: 166.1 cm
2025-05-30 10:59:15,996 [INFO] Distance: 166.6 cm
2025-05-30 10:59:16,027 [INFO] Distance: 166.0 cm
2025-05-30 10:59:16,059 [INFO] Distance: 167.97 cm
2025-05-30 10:59:16,095 [INFO] Distance: 166.07 cm
2025-05-30 10:59:16,127 [INFO] Distance: 167.71 cm
2025-05-30 10:59:16,159 [INFO] Distance: 167.37 cm
2025-05-30 10:59:16,195 [INFO] Distance: 166.08 cm
2025-05-30 10:59:16,227 [INFO] Distance: 167.01 cm
2025-05-30 10:59:16,259 [INFO] Distance: 167.39 cm
2025-05-30 10:59:16,295 [INFO] Distance: 167.03 cm
2025-05-30 10:59:16,327 [INFO] Distance: 165.72 cm
2025-05-30 10:59:16,360 [INFO] Distance: 166.58 cm
2025-05-30 10:59:16,396 [INFO] Distance: 166.86 cm
2025-05-30 10:59:16,428 [INFO] Distance: 166.49 cm
2025-05-30 10:59:16,460 [INFO] Distance: 166.44 cm
2025-05-30 10:59:16,496 [INFO] Distance: 166.07 cm
2025-05-30 10:59:16,528 [INFO] Distance: 165.53 cm
2025-05-30 10:59:16,560 [INFO] Distance: 167.35 cm
2025-05-30 10:59:16,596 [INFO] Distance: 166.51 cm
2025-05-30 10:59:16,628 [INFO] Distance: 166.96 cm
2025-05-30 10:59:16,660 [INFO] Distance: 166.6 cm
2025-05-30 10:59:16,694 [INFO] Distance: 167.01 cm
2025-05-30 10:59:16,728 [INFO] Distance: 166.65 cm
2025-05-30 10:59:16,759 [INFO] Distance: 166.92 cm
2025-05-30 10:59:16,791 [INFO] Distance: 167.37 cm
2025-05-30 10:59:16,835 [INFO] Distance: 167.53 cm
2025-05-30 10:59:16,859 [INFO] Distance: 169.28 cm
2025-05-30 10:59:16,892 [INFO] Distance: 169.05 cm
2025-05-30 10:59:16,927 [INFO] Distance: 169.67 cm
2025-05-30 10:59:16,961 [INFO] Distance: 169.07 cm
2025-05-30 10:59:16,991 [INFO] Distance: 169.98 cm
2025-05-30 10:59:17,033 [INFO] Distance: 9.64 cm
2025-05-30 10:59:17,279 [WARNING] Invalid plate format: RAHI72U
2025-05-30 10:59:17,284 [INFO] Distance: 7.66 cm
2025-05-30 10:59:17,493 [WARNING] Invalid plate format: RAHI72U
2025-05-30 10:59:17,499 [INFO] Distance: 7.03 cm
2025-05-30 10:59:17,715 [WARNING] Invalid plate format: RAHS72U
2025-05-30 10:59:17,720 [INFO] Distance: 6.62 cm
2025-05-30 10:59:17,924 [WARNING] Invalid plate format: RAHD22U
2025-05-30 10:59:17,929 [INFO] Distance: 4.14 cm
2025-05-30 10:59:18,118 [WARNING] Invalid plate format: RAHO72U
2025-05-30 10:59:18,122 [INFO] Distance: 12.9 cm
2025-05-30 10:59:18,212 [INFO] Distance: 169.09 cm
2025-05-30 10:59:18,219 [INFO] Distance: 169.48 cm
2025-05-30 10:59:18,224 [INFO] Distance: 169.11 cm
2025-05-30 10:59:18,235 [INFO] Distance: 169.4 cm
2025-05-30 10:59:18,256 [INFO] Distance: 169.05 cm
2025-05-30 10:59:18,291 [INFO] Distance: 170.0 cm
2025-05-30 10:59:18,323 [INFO] Distance: 169.11 cm
2025-05-30 10:59:18,356 [INFO] Distance: 169.19 cm
2025-05-30 10:59:18,389 [INFO] Distance: 169.02 cm
2025-05-30 10:59:18,424 [INFO] Distance: 170.41 cm
2025-05-30 10:59:18,456 [INFO] Distance: 169.04 cm
2025-05-30 10:59:18,488 [INFO] Distance: 9.95 cm
2025-05-30 10:59:18,842 [INFO] Valid plate detected: RAH972U
2025-05-30 10:59:18,845 [INFO] Plate image saved: plates/RAH972U_20250530_105918.jpg
2025-05-30 10:59:18,900 [INFO] Distance: 200.0 cm
2025-05-30 10:59:18,904 [INFO] Distance: 200.0 cm
2025-05-30 10:59:18,911 [INFO] Distance: 200.0 cm
2025-05-30 10:59:18,914 [INFO] Distance: 200.0 cm
2025-05-30 10:59:18,987 [INFO] Distance: 200.0 cm
2025-05-30 10:59:19,055 [INFO] Distance: 200.0 cm
2025-05-30 10:59:19,123 [INFO] Distance: 200.0 cm
2025-05-30 10:59:19,187 [INFO] Distance: 200.0 cm
2025-05-30 10:59:19,255 [INFO] Distance: 169.47 cm
2025-05-30 10:59:19,324 [INFO] Distance: 171.24 cm
2025-05-30 10:59:19,387 [INFO] Distance: 169.45 cm
2025-05-30 10:59:19,456 [INFO] Distance: 169.5 cm
2025-05-30 10:59:19,524 [INFO] Distance: 169.45 cm
2025-05-30 10:59:19,587 [INFO] Distance: 169.6 cm
2025-05-30 10:59:19,656 [INFO] Distance: 170.38 cm
2025-05-30 10:59:19,723 [INFO] Distance: 169.26 cm
2025-05-30 10:59:19,788 [INFO] Distance: 170.02 cm
2025-05-30 10:59:19,855 [INFO] Distance: 169.12 cm
2025-05-30 10:59:19,923 [INFO] Distance: 169.18 cm
2025-05-30 10:59:19,988 [INFO] Distance: 169.9 cm
2025-05-30 10:59:20,056 [INFO] Distance: 170.38 cm
2025-05-30 10:59:20,124 [INFO] Distance: 170.0 cm
2025-05-30 10:59:20,188 [INFO] Distance: 170.03 cm
2025-05-30 10:59:20,256 [INFO] Distance: 170.58 cm
2025-05-30 10:59:20,324 [INFO] Distance: 170.62 cm
2025-05-30 10:59:20,388 [INFO] Distance: 172.53 cm
2025-05-30 10:59:20,456 [INFO] Distance: 172.11 cm
2025-05-30 10:59:20,523 [INFO] Distance: 173.75 cm
2025-05-30 10:59:20,587 [INFO] Distance: 173.85 cm
2025-05-30 10:59:20,656 [INFO] Distance: 172.49 cm
2025-05-30 10:59:20,723 [INFO] Distance: 172.68 cm
2025-05-30 10:59:20,787 [INFO] Distance: 173.52 cm
2025-05-30 10:59:20,855 [INFO] Distance: 173.47 cm
2025-05-30 10:59:20,923 [INFO] Distance: 172.63 cm
2025-05-30 10:59:20,987 [INFO] Distance: 173.9 cm
2025-05-30 10:59:21,055 [INFO] Distance: 172.66 cm
2025-05-30 10:59:21,124 [INFO] Distance: 172.61 cm
2025-05-30 10:59:21,187 [INFO] Distance: 152.41 cm
2025-05-30 10:59:21,256 [INFO] Distance: 150.88 cm
2025-05-30 10:59:21,324 [INFO] Distance: 71.67 cm
2025-05-30 10:59:21,388 [INFO] Distance: 70.65 cm
2025-05-30 10:59:21,455 [INFO] Distance: 73.13 cm
2025-05-30 10:59:21,524 [INFO] Distance: 173.04 cm
2025-05-30 10:59:21,588 [INFO] Distance: 200.0 cm
2025-05-30 10:59:21,655 [INFO] Distance: 200.0 cm
2025-05-30 10:59:21,724 [INFO] Distance: 177.39 cm
2025-05-30 10:59:21,787 [INFO] Distance: 104.21 cm
2025-05-30 10:59:21,856 [INFO] Distance: 94.4 cm
2025-05-30 10:59:21,924 [INFO] Distance: 79.31 cm
2025-05-30 10:59:21,988 [INFO] Distance: 92.68 cm
2025-05-30 10:59:22,055 [INFO] Distance: 175.24 cm
2025-05-30 10:59:22,123 [INFO] Distance: 85.03 cm
2025-05-30 10:59:22,187 [INFO] Distance: 75.89 cm
2025-05-30 10:59:22,258 [INFO] Distance: 174.85 cm
2025-05-30 10:59:22,324 [INFO] Distance: 174.31 cm
2025-05-30 10:59:22,388 [INFO] Distance: 174.81 cm
2025-05-30 10:59:22,455 [INFO] Distance: 72.77 cm
2025-05-30 10:59:22,523 [INFO] Distance: 73.78 cm
2025-05-30 10:59:22,587 [INFO] Distance: 75.1 cm
2025-05-30 10:59:22,655 [INFO] Distance: 74.45 cm
2025-05-30 10:59:22,724 [INFO] Distance: 174.36 cm
2025-05-30 10:59:22,788 [INFO] Distance: 79.38 cm
2025-05-30 10:59:22,856 [INFO] Distance: 83.83 cm
2025-05-30 10:59:22,924 [INFO] Distance: 72.75 cm
2025-05-30 10:59:22,988 [INFO] Distance: 98.38 cm
2025-05-30 10:59:23,056 [INFO] Distance: 71.58 cm
2025-05-30 10:59:23,124 [INFO] Distance: 75.05 cm
2025-05-30 10:59:23,188 [INFO] Distance: 85.67 cm
2025-05-30 10:59:23,256 [INFO] Distance: 85.15 cm
2025-05-30 10:59:23,324 [INFO] Distance: 73.01 cm
2025-05-30 10:59:23,388 [INFO] Distance: 101.94 cm
2025-05-30 10:59:23,456 [INFO] Distance: 103.85 cm
2025-05-30 10:59:23,524 [INFO] Distance: 172.99 cm
2025-05-30 10:59:23,588 [INFO] Distance: 74.04 cm
2025-05-30 10:59:23,656 [INFO] Distance: 172.99 cm
2025-05-30 10:59:23,724 [INFO] Distance: 173.47 cm
2025-05-30 10:59:23,788 [INFO] Distance: 173.92 cm
2025-05-30 10:59:23,856 [INFO] Distance: 173.04 cm
2025-05-30 10:59:23,924 [INFO] Distance: 172.13 cm
2025-05-30 10:59:23,988 [INFO] Distance: 174.79 cm
2025-05-30 10:59:24,056 [INFO] Distance: 172.58 cm
2025-05-30 10:59:24,124 [INFO] Distance: 172.73 cm
2025-05-30 10:59:24,188 [INFO] Distance: 172.85 cm
2025-05-30 10:59:24,256 [INFO] Distance: 172.16 cm
2025-05-30 10:59:24,324 [INFO] Distance: 173.52 cm
2025-05-30 10:59:24,388 [INFO] Distance: 173.04 cm
2025-05-30 10:59:24,456 [INFO] Distance: 172.66 cm
2025-05-30 10:59:24,524 [INFO] Distance: 74.4 cm
2025-05-30 10:59:24,588 [INFO] Distance: 173.09 cm
2025-05-30 10:59:24,656 [INFO] Distance: 173.47 cm
2025-05-30 10:59:24,724 [INFO] Distance: 175.27 cm
2025-05-30 10:59:24,788 [INFO] Distance: 173.06 cm
2025-05-30 10:59:24,856 [INFO] Distance: 172.65 cm
2025-05-30 10:59:24,924 [INFO] Distance: 172.68 cm
2025-05-30 10:59:24,988 [INFO] Distance: 173.11 cm
2025-05-30 10:59:25,056 [INFO] Distance: 173.06 cm
2025-05-30 10:59:25,125 [INFO] Distance: 110.43 cm
2025-05-30 10:59:25,188 [INFO] Distance: 72.63 cm
2025-05-30 10:59:25,256 [INFO] Distance: 118.66 cm
2025-05-30 10:59:25,324 [INFO] Distance: 107.97 cm
2025-05-30 10:59:25,388 [INFO] Distance: 107.39 cm
2025-05-30 10:59:25,456 [INFO] Distance: 119.48 cm
2025-05-30 10:59:25,525 [INFO] Distance: 119.57 cm
2025-05-30 10:59:25,588 [INFO] Distance: 95.21 cm
2025-05-30 10:59:25,656 [INFO] Distance: 113.37 cm
2025-05-30 10:59:25,724 [INFO] Distance: 200.0 cm
2025-05-30 10:59:25,788 [INFO] Distance: 200.0 cm
2025-05-30 10:59:25,856 [INFO] Distance: 12.01 cm
2025-05-30 10:59:26,069 [WARNING] Plate text too short: RAH72U
2025-05-30 10:59:26,074 [INFO] Distance: 11.6 cm
2025-05-30 10:59:26,287 [WARNING] Invalid plate format: RAHI72U
2025-05-30 10:59:26,293 [INFO] Distance: 21.53 cm
2025-05-30 10:59:26,566 [WARNING] Invalid plate format: RAHO72U
2025-05-30 10:59:26,571 [INFO] Distance: 200.0 cm
2025-05-30 10:59:26,575 [INFO] Distance: 200.0 cm
2025-05-30 10:59:26,582 [INFO] Distance: 200.0 cm
2025-05-30 10:59:26,589 [INFO] Distance: 200.0 cm
2025-05-30 10:59:26,656 [INFO] Distance: 13.93 cm
2025-05-30 10:59:26,993 [WARNING] Invalid plate format: RAHI72U
2025-05-30 10:59:26,998 [INFO] Distance: 10.82 cm
2025-05-30 10:59:27,307 [WARNING] Invalid plate format: RAHO72U
2025-05-30 10:59:27,312 [INFO] Distance: 10.1 cm
2025-05-30 10:59:27,512 [WARNING] Invalid plate format: RAHO72U
2025-05-30 10:59:27,519 [INFO] Distance: 12.53 cm
2025-05-30 10:59:27,709 [WARNING] Invalid plate format: RAHI72U
2025-05-30 10:59:27,714 [INFO] Distance: 10.91 cm
2025-05-30 10:59:27,979 [INFO] Valid plate detected: RAH972U
2025-05-30 10:59:27,979 [INFO] Plate image saved: plates/RAH972U_20250530_105927.jpg
2025-05-30 10:59:27,985 [INFO] Distance: 10.46 cm
2025-05-30 10:59:28,410 [INFO] Valid plate detected: RAH972U
2025-05-30 10:59:28,410 [INFO] Plate image saved: plates/RAH972U_20250530_105928.jpg
2025-05-30 10:59:28,412 [INFO] Plate RAH972U logged to CSV
2025-05-30 10:59:28,412 [INFO] Opening gate (sent '1')
2025-05-30 10:59:43,412 [INFO] Closing gate (sent '0')
2025-05-30 10:59:43,419 [INFO] Distance: 12.27 cm
2025-05-30 10:59:43,880 [WARNING] Invalid plate format: RAHS72U
2025-05-30 10:59:43,885 [INFO] Distance: 200.0 cm
2025-05-30 10:59:43,890 [INFO] Distance: 200.0 cm
2025-05-30 10:59:43,894 [INFO] Distance: 14.45 cm
2025-05-30 10:59:44,104 [WARNING] Invalid plate format: RAHO72U
2025-05-30 10:59:44,109 [INFO] Distance: 11.8 cm
2025-05-30 10:59:44,194 [INFO] Distance: 10.52 cm
2025-05-30 10:59:44,283 [INFO] Distance: 9.64 cm
2025-05-30 10:59:44,387 [INFO] Distance: 112.59 cm
2025-05-30 10:59:44,393 [INFO] Distance: 5.48 cm
2025-05-30 10:59:44,534 [INFO] Distance: 113.47 cm
2025-05-30 10:59:44,538 [INFO] Distance: 6.84 cm
2025-05-30 10:59:44,641 [INFO] Distance: 10.65 cm
2025-05-30 10:59:44,723 [INFO] Distance: 13.92 cm
2025-05-30 10:59:44,830 [INFO] Distance: 13.04 cm
2025-05-30 10:59:44,906 [INFO] Distance: 8.75 cm
2025-05-30 10:59:44,990 [INFO] Distance: 5.69 cm
2025-05-30 10:59:45,085 [INFO] Distance: 7.51 cm
2025-05-30 10:59:45,197 [INFO] Distance: 6.68 cm
2025-05-30 10:59:45,321 [INFO] Distance: 9.62 cm
2025-05-30 10:59:45,594 [INFO] Distance: 9.02 cm
2025-05-30 10:59:45,722 [INFO] Distance: 13.21 cm
2025-05-30 10:59:45,814 [INFO] Distance: 14.81 cm
2025-05-30 10:59:45,899 [INFO] Distance: 12.06 cm
2025-05-30 10:59:45,993 [INFO] Distance: 8.85 cm
2025-05-30 10:59:46,067 [INFO] Distance: 5.91 cm
2025-05-30 10:59:46,142 [INFO] Distance: 5.24 cm
2025-05-30 10:59:46,227 [INFO] Distance: 4.47 cm
2025-05-30 10:59:46,315 [INFO] Distance: 6.01 cm
2025-05-30 10:59:46,407 [INFO] Distance: 6.99 cm
2025-05-30 10:59:46,488 [INFO] Distance: 8.38 cm
2025-05-30 10:59:46,570 [INFO] Distance: 10.1 cm
2025-05-30 10:59:46,638 [INFO] Distance: 10.62 cm
2025-05-30 10:59:46,733 [INFO] Distance: 9.26 cm
2025-05-30 10:59:46,864 [INFO] Distance: 8.69 cm
2025-05-30 10:59:46,983 [INFO] Distance: 8.44 cm
2025-05-30 10:59:47,086 [INFO] Distance: 7.51 cm
2025-05-30 10:59:47,210 [INFO] Distance: 6.05 cm
2025-05-30 10:59:47,317 [INFO] Distance: 7.35 cm
2025-05-30 10:59:47,481 [INFO] Distance: 9.0 cm
2025-05-30 10:59:47,687 [INFO] Distance: 11.19 cm
2025-05-30 10:59:47,815 [INFO] Distance: 11.75 cm
2025-05-30 10:59:47,906 [INFO] Distance: 14.9 cm
2025-05-30 10:59:47,991 [INFO] Distance: 14.9 cm
2025-05-30 10:59:48,183 [INFO] Distance: 15.62 cm
2025-05-30 10:59:48,530 [INFO] Distance: 15.57 cm
2025-05-30 10:59:48,652 [INFO] Distance: 200.0 cm
2025-05-30 10:59:48,657 [INFO] Distance: 200.0 cm
2025-05-30 10:59:48,666 [INFO] Distance: 200.0 cm
2025-05-30 10:59:48,671 [INFO] Distance: 200.0 cm
2025-05-30 10:59:48,689 [INFO] Distance: 14.43 cm
2025-05-30 10:59:48,822 [INFO] Distance: 16.87 cm
2025-05-30 10:59:48,971 [INFO] Distance: 17.51 cm
2025-05-30 10:59:49,126 [INFO] Distance: 72.37 cm
2025-05-30 10:59:49,130 [INFO] Distance: 19.38 cm
2025-05-30 10:59:49,294 [INFO] Distance: 19.42 cm
2025-05-30 10:59:49,415 [INFO] Distance: 20.29 cm
2025-05-30 10:59:49,576 [INFO] Distance: 19.93 cm
2025-05-30 10:59:49,657 [INFO] Distance: 73.33 cm
2025-05-30 10:59:49,662 [INFO] Distance: 72.99 cm
2025-05-30 10:59:49,667 [INFO] Distance: 72.49 cm
2025-05-30 10:59:49,674 [INFO] Distance: 73.42 cm
2025-05-30 10:59:49,722 [INFO] Distance: 88.14 cm
2025-05-30 10:59:49,754 [INFO] Distance: 89.45 cm
2025-05-30 10:59:49,786 [INFO] Distance: 88.28 cm
2025-05-30 10:59:49,818 [INFO] Distance: 89.52 cm
2025-05-30 10:59:49,854 [INFO] Distance: 86.49 cm
2025-05-30 10:59:49,887 [INFO] Distance: 83.44 cm
2025-05-30 10:59:49,918 [INFO] Distance: 86.8 cm
2025-05-30 10:59:49,954 [INFO] Distance: 75.81 cm
2025-05-30 10:59:49,987 [INFO] Distance: 74.88 cm
2025-05-30 10:59:50,019 [INFO] Distance: 73.71 cm
2025-05-30 10:59:50,054 [INFO] Distance: 75.65 cm
2025-05-30 10:59:50,087 [INFO] Distance: 173.95 cm
2025-05-30 10:59:50,118 [INFO] Distance: 72.1 cm
2025-05-30 10:59:50,154 [INFO] Distance: 76.77 cm
2025-05-30 10:59:50,186 [INFO] Distance: 74.74 cm
2025-05-30 10:59:50,218 [INFO] Distance: 71.72 cm
2025-05-30 10:59:50,255 [INFO] Distance: 75.03 cm
2025-05-30 10:59:50,287 [INFO] Distance: 74.3 cm
2025-05-30 10:59:50,318 [INFO] Distance: 72.99 cm
2025-05-30 10:59:50,350 [INFO] Distance: 90.05 cm
2025-05-30 10:59:50,386 [INFO] Distance: 87.27 cm
2025-05-30 10:59:50,419 [INFO] Distance: 200.0 cm
2025-05-30 10:59:50,451 [INFO] Distance: 200.0 cm
2025-05-30 10:59:50,485 [INFO] Distance: 200.0 cm
2025-05-30 10:59:50,518 [INFO] Distance: 200.0 cm
2025-05-30 10:59:50,550 [INFO] Distance: 174.69 cm
2025-05-30 10:59:50,586 [INFO] Distance: 91.48 cm
2025-05-30 10:59:50,619 [INFO] Distance: 200.0 cm
2025-05-30 10:59:50,649 [INFO] Distance: 200.0 cm
2025-05-30 10:59:50,686 [INFO] Distance: 91.08 cm
2025-05-30 10:59:50,718 [INFO] Distance: 94.43 cm
2025-05-30 10:59:50,750 [INFO] Distance: 95.77 cm
2025-05-30 10:59:50,786 [INFO] Distance: 55.0 cm
2025-05-30 10:59:50,818 [INFO] Distance: 63.9 cm
2025-05-30 10:59:50,850 [INFO] Distance: 67.41 cm
2025-05-30 10:59:50,887 [INFO] Distance: 119.66 cm
2025-05-30 10:59:50,918 [INFO] Distance: 67.44 cm
2025-05-30 10:59:50,950 [INFO] Distance: 139.59 cm
2025-05-30 10:59:50,983 [INFO] Distance: 143.08 cm
2025-05-30 10:59:51,018 [INFO] Distance: 175.17 cm
2025-05-30 10:59:51,050 [INFO] Distance: 173.37 cm
2025-05-30 10:59:51,083 [INFO] Distance: 87.41 cm
2025-05-30 10:59:51,118 [INFO] Distance: 86.67 cm
2025-05-30 10:59:51,150 [INFO] Distance: 173.4 cm
2025-05-30 10:59:51,183 [INFO] Distance: 174.54 cm
2025-05-30 10:59:51,226 [INFO] Distance: 144.23 cm
2025-05-30 10:59:51,250 [INFO] Distance: 146.31 cm
2025-05-30 10:59:51,283 [INFO] Distance: 173.69 cm
2025-05-30 10:59:51,318 [INFO] Distance: 147.56 cm
2025-05-30 10:59:51,350 [INFO] Distance: 140.24 cm
2025-05-30 10:59:51,386 [INFO] Distance: 174.98 cm
2025-05-30 10:59:51,419 [INFO] Distance: 173.66 cm
2025-05-30 10:59:51,450 [INFO] Distance: 175.09 cm
2025-05-30 10:59:51,485 [INFO] Distance: 174.78 cm
2025-05-30 10:59:51,516 [INFO] Distance: 124.04 cm
2025-05-30 10:59:51,551 [INFO] Distance: 119.76 cm
2025-05-30 10:59:51,583 [INFO] Distance: 116.07 cm
2025-05-30 10:59:51,615 [INFO] Distance: 114.59 cm
2025-05-30 10:59:51,650 [INFO] Distance: 102.1 cm
2025-05-30 10:59:51,683 [INFO] Distance: 200.0 cm
2025-05-30 10:59:51,716 [INFO] Distance: 200.0 cm
2025-05-30 10:59:51,750 [INFO] Distance: 172.61 cm
2025-05-30 10:59:51,782 [INFO] Distance: 172.08 cm
2025-05-30 10:59:51,816 [INFO] Distance: 114.91 cm
2025-05-30 10:59:51,849 [INFO] Distance: 114.14 cm
2025-05-30 10:59:51,883 [INFO] Distance: 112.53 cm
2025-05-30 10:59:51,916 [INFO] Distance: 111.2 cm
2025-05-30 10:59:51,955 [INFO] Distance: 111.19 cm
2025-05-30 10:59:51,982 [INFO] Distance: 83.52 cm
2025-05-30 10:59:52,014 [INFO] Distance: 98.54 cm
2025-05-30 10:59:52,048 [INFO] Distance: 107.54 cm
2025-05-30 10:59:52,083 [INFO] Distance: 125.7 cm
2025-05-30 10:59:52,116 [INFO] Distance: 109.11 cm
2025-05-30 10:59:52,147 [INFO] Distance: 106.79 cm
2025-05-30 10:59:52,183 [INFO] Distance: 109.12 cm
2025-05-30 10:59:52,215 [INFO] Distance: 108.2 cm
2025-05-30 10:59:52,247 [INFO] Distance: 105.77 cm
2025-05-30 10:59:52,284 [INFO] Distance: 109.0 cm
2025-05-30 10:59:52,315 [INFO] Distance: 105.79 cm
2025-05-30 10:59:52,347 [INFO] Distance: 110.52 cm
2025-05-30 10:59:52,383 [INFO] Distance: 106.89 cm
2025-05-30 10:59:52,417 [INFO] Distance: 110.98 cm
2025-05-30 10:59:52,447 [INFO] Distance: 108.57 cm
2025-05-30 10:59:52,483 [INFO] Distance: 103.37 cm
2025-05-30 10:59:52,515 [INFO] Distance: 104.07 cm
2025-05-30 10:59:52,547 [INFO] Distance: 103.32 cm
2025-05-30 10:59:52,583 [INFO] Distance: 106.91 cm
2025-05-30 10:59:52,615 [INFO] Distance: 100.95 cm
2025-05-30 10:59:52,647 [INFO] Distance: 100.17 cm
2025-05-30 10:59:52,678 [INFO] Distance: 100.03 cm
2025-05-30 10:59:52,715 [INFO] Distance: 99.21 cm
2025-05-30 10:59:52,747 [INFO] Distance: 100.17 cm
2025-05-30 10:59:52,778 [INFO] Distance: 99.86 cm
2025-05-30 10:59:52,815 [INFO] Distance: 98.33 cm
2025-05-30 10:59:52,847 [INFO] Distance: 99.52 cm
2025-05-30 10:59:52,878 [INFO] Distance: 101.2 cm
2025-05-30 10:59:52,916 [INFO] Distance: 100.31 cm
2025-05-30 10:59:52,947 [INFO] Distance: 112.87 cm
2025-05-30 10:59:52,977 [INFO] Distance: 102.18 cm
2025-05-30 10:59:53,018 [INFO] Distance: 113.42 cm
2025-05-30 10:59:53,047 [INFO] Distance: 102.58 cm
2025-05-30 10:59:53,084 [INFO] Distance: 102.35 cm
2025-05-30 10:59:53,115 [INFO] Distance: 118.3 cm
2025-05-30 10:59:53,151 [INFO] Distance: 103.52 cm
2025-05-30 10:59:53,177 [INFO] Distance: 102.75 cm
2025-05-30 10:59:53,210 [INFO] Distance: 104.16 cm
2025-05-30 10:59:53,247 [INFO] Distance: 105.1 cm
2025-05-30 10:59:53,277 [INFO] Distance: 104.21 cm
2025-05-30 10:59:53,310 [INFO] Distance: 102.63 cm
2025-05-30 10:59:53,351 [INFO] Distance: 103.38 cm
2025-05-30 10:59:53,378 [INFO] Distance: 103.56 cm
2025-05-30 10:59:53,411 [ERROR] Unexpected error: [Errno 5] Input/output error
2025-05-30 10:59:53,411 [INFO] Initiating system shutdown
2025-05-30 10:59:53,419 [INFO] Arduino connection closed
2025-05-30 10:59:53,499 [INFO] System shutdown complete
2025-05-30 11:21:25,384 [INFO] YOLO model loaded successfully
2025-05-30 11:21:25,387 [INFO] Detecting Arduino port on Linux
2025-05-30 11:21:25,387 [INFO] Arduino detected on /dev/ttyACM0
2025-05-30 11:21:27,388 [INFO] Connected to Arduino on /dev/ttyACM0
2025-05-30 11:21:27,504 [INFO] Video capture initialized
2025-05-30 11:21:27,504 [INFO] System ready. Press 'q' to exit
2025-05-30 11:21:27,700 [INFO] Distance: 0.61 cm
2025-05-30 11:21:29,652 [INFO] Distance: 6.7 cm
2025-05-30 11:21:29,781 [INFO] Distance: 191.15 cm
2025-05-30 11:21:29,789 [INFO] Distance: 198.13 cm
2025-05-30 11:21:29,795 [INFO] Distance: 199.12 cm
2025-05-30 11:21:29,800 [INFO] Distance: 198.14 cm
2025-05-30 11:21:29,827 [INFO] Distance: 190.7 cm
2025-05-30 11:21:29,859 [INFO] Distance: 199.48 cm
2025-05-30 11:21:29,892 [INFO] Distance: 200.0 cm
2025-05-30 11:21:29,927 [INFO] Distance: 200.0 cm
2025-05-30 11:21:29,960 [INFO] Distance: 199.54 cm
2025-05-30 11:21:29,992 [INFO] Distance: 198.06 cm
2025-05-30 11:21:30,023 [INFO] Distance: 198.08 cm
2025-05-30 11:21:30,060 [INFO] Distance: 200.0 cm
2025-05-30 11:21:30,091 [INFO] Distance: 197.65 cm
2025-05-30 11:21:30,123 [INFO] Distance: 199.23 cm
2025-05-30 11:21:30,160 [INFO] Distance: 200.0 cm
2025-05-30 11:21:30,191 [INFO] Distance: 200.0 cm
2025-05-30 11:21:30,223 [INFO] Distance: 199.48 cm
2025-05-30 11:21:30,259 [INFO] Distance: 198.64 cm
2025-05-30 11:21:30,291 [INFO] Distance: 198.99 cm
2025-05-30 11:21:30,323 [INFO] Distance: 198.9 cm
2025-05-30 11:21:30,360 [INFO] Distance: 199.4 cm
2025-05-30 11:21:30,391 [INFO] Distance: 200.0 cm
2025-05-30 11:21:30,423 [INFO] Distance: 200.0 cm
2025-05-30 11:21:30,460 [INFO] Distance: 199.95 cm
2025-05-30 11:21:30,492 [INFO] Distance: 199.83 cm
2025-05-30 11:21:30,523 [INFO] Distance: 200.0 cm
2025-05-30 11:21:30,560 [INFO] Distance: 198.64 cm
2025-05-30 11:21:30,592 [INFO] Distance: 200.0 cm
2025-05-30 11:21:30,624 [INFO] Distance: 200.0 cm
2025-05-30 11:21:30,656 [INFO] Distance: 200.0 cm
2025-05-30 11:21:30,693 [INFO] Distance: 200.0 cm
2025-05-30 11:21:30,723 [INFO] Distance: 200.0 cm
2025-05-30 11:21:30,755 [INFO] Distance: 200.0 cm
2025-05-30 11:21:30,793 [INFO] Distance: 200.0 cm
2025-05-30 11:21:30,823 [INFO] Distance: 200.0 cm
2025-05-30 11:21:30,855 [INFO] Distance: 200.0 cm
2025-05-30 11:21:30,892 [INFO] Distance: 200.0 cm
2025-05-30 11:21:30,923 [INFO] Distance: 200.0 cm
2025-05-30 11:21:30,956 [INFO] Distance: 200.0 cm
2025-05-30 11:21:30,992 [INFO] Distance: 200.0 cm
2025-05-30 11:21:31,023 [INFO] Distance: 200.0 cm
2025-05-30 11:21:31,055 [INFO] Distance: 197.35 cm
2025-05-30 11:21:31,092 [INFO] Distance: 200.0 cm
2025-05-30 11:21:31,124 [INFO] Distance: 200.0 cm
2025-05-30 11:21:31,156 [INFO] Distance: 200.0 cm
2025-05-30 11:21:31,189 [INFO] Distance: 200.0 cm
2025-05-30 11:21:31,223 [INFO] Distance: 200.0 cm
2025-05-30 11:21:31,256 [INFO] Distance: 200.0 cm
2025-05-30 11:21:31,289 [INFO] Distance: 200.0 cm
2025-05-30 11:21:31,324 [INFO] Distance: 200.0 cm
2025-05-30 11:21:31,356 [INFO] Distance: 200.0 cm
2025-05-30 11:21:31,388 [INFO] Distance: 200.0 cm
2025-05-30 11:21:31,424 [INFO] Distance: 200.0 cm
2025-05-30 11:21:31,456 [INFO] Distance: 200.0 cm
2025-05-30 11:21:31,488 [INFO] Distance: 200.0 cm
2025-05-30 11:21:31,524 [INFO] Distance: 200.0 cm
2025-05-30 11:21:31,556 [INFO] Distance: 200.0 cm
2025-05-30 11:21:31,589 [INFO] Distance: 200.0 cm
2025-05-30 11:21:31,624 [INFO] Distance: 200.0 cm
2025-05-30 11:21:31,656 [INFO] Distance: 200.0 cm
2025-05-30 11:21:31,688 [INFO] Distance: 200.0 cm
2025-05-30 11:21:31,721 [INFO] Distance: 200.0 cm
2025-05-30 11:21:31,755 [INFO] Distance: 200.0 cm
2025-05-30 11:21:31,788 [INFO] Distance: 200.0 cm
2025-05-30 11:21:31,821 [INFO] Distance: 200.0 cm
2025-05-30 11:21:31,855 [INFO] Distance: 200.0 cm
2025-05-30 11:21:31,888 [INFO] Distance: 200.0 cm
2025-05-30 11:21:31,921 [INFO] Distance: 200.0 cm
2025-05-30 11:21:31,955 [INFO] Distance: 185.88 cm
2025-05-30 11:21:31,988 [INFO] Distance: 200.0 cm
2025-05-30 11:21:32,022 [INFO] Distance: 200.0 cm
2025-05-30 11:21:32,057 [INFO] Distance: 200.0 cm
2025-05-30 11:21:32,089 [INFO] Distance: 200.0 cm
2025-05-30 11:21:32,121 [INFO] Distance: 24.14 cm
2025-05-30 11:21:32,218 [INFO] Distance: 185.69 cm
2025-05-30 11:21:32,228 [INFO] Distance: 200.0 cm
2025-05-30 11:21:32,232 [INFO] Distance: 185.57 cm
2025-05-30 11:21:32,256 [INFO] Distance: 200.0 cm
2025-05-30 11:21:32,289 [INFO] Distance: 200.0 cm
2025-05-30 11:21:32,322 [INFO] Distance: 200.0 cm
2025-05-30 11:21:32,352 [INFO] Distance: 187.03 cm
2025-05-30 11:21:32,389 [INFO] Distance: 187.65 cm
2025-05-30 11:21:32,422 [INFO] Distance: 187.46 cm
2025-05-30 11:21:32,452 [INFO] Distance: 200.0 cm
2025-05-30 11:21:32,489 [INFO] Distance: 200.0 cm
2025-05-30 11:21:32,521 [INFO] Distance: 200.0 cm
2025-05-30 11:21:32,552 [INFO] Distance: 200.0 cm
2025-05-30 11:21:32,589 [INFO] Distance: 200.0 cm
2025-05-30 11:21:32,623 [INFO] Distance: 200.0 cm
2025-05-30 11:21:32,652 [INFO] Distance: 200.0 cm
2025-05-30 11:21:32,689 [INFO] Distance: 200.0 cm
2025-05-30 11:21:32,722 [INFO] Distance: 200.0 cm
2025-05-30 11:21:32,752 [INFO] Distance: 200.0 cm
2025-05-30 11:21:32,790 [INFO] Distance: 200.0 cm
2025-05-30 11:21:32,822 [INFO] Distance: 200.0 cm
2025-05-30 11:21:32,853 [INFO] Distance: 200.0 cm
2025-05-30 11:21:32,884 [INFO] Distance: 200.0 cm
2025-05-30 11:21:32,921 [INFO] Distance: 200.0 cm
2025-05-30 11:21:32,954 [INFO] Distance: 200.0 cm
2025-05-30 11:21:32,984 [INFO] Distance: 200.0 cm
2025-05-30 11:21:33,022 [INFO] Distance: 200.0 cm
2025-05-30 11:21:33,052 [INFO] Distance: 200.0 cm
2025-05-30 11:21:33,084 [INFO] Distance: 200.0 cm
2025-05-30 11:21:33,122 [INFO] Distance: 200.0 cm
2025-05-30 11:21:33,153 [INFO] Distance: 200.0 cm
2025-05-30 11:21:33,184 [INFO] Distance: 200.0 cm
2025-05-30 11:21:33,223 [INFO] Distance: 200.0 cm
2025-05-30 11:21:33,254 [INFO] Distance: 200.0 cm
2025-05-30 11:21:33,285 [INFO] Distance: 31.94 cm
2025-05-30 11:21:33,442 [INFO] Distance: 21.98 cm
2025-05-30 11:21:33,622 [INFO] Distance: 30.12 cm
2025-05-30 11:21:33,695 [INFO] Distance: 31.84 cm
2025-05-30 11:21:33,780 [INFO] Distance: 30.95 cm
2025-05-30 11:21:33,861 [INFO] Distance: 29.14 cm
2025-05-30 11:21:33,941 [INFO] Distance: 30.43 cm
2025-05-30 11:21:34,033 [INFO] Distance: 30.45 cm
2025-05-30 11:21:34,124 [INFO] Distance: 200.0 cm
2025-05-30 11:21:34,128 [INFO] Distance: 34.83 cm
2025-05-30 11:21:34,207 [INFO] Distance: 200.0 cm
2025-05-30 11:21:34,211 [INFO] Distance: 20.76 cm
2025-05-30 11:21:34,292 [INFO] Distance: 32.99 cm
2025-05-30 11:21:34,384 [INFO] Distance: 200.0 cm
2025-05-30 11:21:34,389 [INFO] Distance: 34.62 cm
2025-05-30 11:21:34,473 [INFO] Distance: 200.0 cm
2025-05-30 11:21:34,478 [INFO] Distance: 200.0 cm
2025-05-30 11:21:34,483 [INFO] Distance: 50.89 cm
2025-05-30 11:21:34,489 [INFO] Distance: 53.02 cm
2025-05-30 11:21:34,516 [INFO] Distance: 200.0 cm
2025-05-30 11:21:34,548 [INFO] Distance: 23.92 cm
2025-05-30 11:21:34,684 [INFO] Distance: 24.36 cm
2025-05-30 11:21:34,790 [INFO] Distance: 23.47 cm
2025-05-30 11:21:34,877 [INFO] Distance: 24.66 cm
2025-05-30 11:21:34,961 [INFO] Distance: 22.96 cm
2025-05-30 11:21:35,060 [INFO] Distance: 40.34 cm
2025-05-30 11:21:35,155 [INFO] Distance: 200.0 cm
2025-05-30 11:21:35,159 [INFO] Distance: 200.0 cm
2025-05-30 11:21:35,164 [INFO] Distance: 200.0 cm
2025-05-30 11:21:35,168 [INFO] Distance: 200.0 cm
2025-05-30 11:21:35,214 [INFO] Distance: 200.0 cm
2025-05-30 11:21:35,249 [INFO] Distance: 200.0 cm
2025-05-30 11:21:35,281 [INFO] Distance: 200.0 cm
2025-05-30 11:21:35,313 [INFO] Distance: 200.0 cm
2025-05-30 11:21:35,349 [INFO] Distance: 200.0 cm
2025-05-30 11:21:35,381 [INFO] Distance: 200.0 cm
2025-05-30 11:21:35,413 [INFO] Distance: 200.0 cm
2025-05-30 11:21:35,449 [INFO] Distance: 200.0 cm
2025-05-30 11:21:35,481 [INFO] Distance: 200.0 cm
2025-05-30 11:21:35,513 [INFO] Distance: 200.0 cm
2025-05-30 11:21:35,549 [INFO] Distance: 35.43 cm
2025-05-30 11:21:35,688 [INFO] Distance: 200.0 cm
2025-05-30 11:21:35,694 [INFO] Distance: 41.94 cm
2025-05-30 11:21:35,792 [INFO] Distance: 46.92 cm
2025-05-30 11:21:35,869 [INFO] Distance: 38.04 cm
2025-05-30 11:21:35,942 [INFO] Distance: 31.94 cm
2025-05-30 11:21:36,065 [INFO] Distance: 30.58 cm
2025-05-30 11:21:36,269 [INFO] Distance: 29.21 cm
2025-05-30 11:21:36,415 [INFO] Distance: 200.0 cm
2025-05-30 11:21:36,420 [INFO] Distance: 36.37 cm
2025-05-30 11:21:36,537 [INFO] Distance: 200.0 cm
2025-05-30 11:21:36,550 [INFO] Distance: 41.56 cm
2025-05-30 11:21:36,679 [INFO] Distance: 44.93 cm
2025-05-30 11:21:36,796 [INFO] Distance: 44.05 cm
2025-05-30 11:21:36,915 [INFO] Distance: 29.09 cm
2025-05-30 11:21:37,033 [INFO] Distance: 200.0 cm
2025-05-30 11:21:37,038 [INFO] Distance: 200.0 cm
2025-05-30 11:21:37,046 [INFO] Distance: 200.0 cm
2025-05-30 11:21:37,050 [INFO] Distance: 200.0 cm
2025-05-30 11:21:37,077 [INFO] Distance: 200.0 cm
2025-05-30 11:21:37,109 [INFO] Distance: 200.0 cm
2025-05-30 11:21:37,145 [INFO] Distance: 200.0 cm
2025-05-30 11:21:37,177 [INFO] Distance: 200.0 cm
2025-05-30 11:21:37,210 [INFO] Distance: 200.0 cm
2025-05-30 11:21:37,245 [INFO] Distance: 200.0 cm
2025-05-30 11:21:37,278 [INFO] Distance: 200.0 cm
2025-05-30 11:21:37,310 [INFO] Distance: 200.0 cm
2025-05-30 11:21:37,345 [INFO] Distance: 200.0 cm
2025-05-30 11:21:37,378 [INFO] Distance: 200.0 cm
2025-05-30 11:21:37,410 [INFO] Distance: 200.0 cm
2025-05-30 11:21:37,441 [INFO] Distance: 200.0 cm
2025-05-30 11:21:37,479 [INFO] Distance: 200.0 cm
2025-05-30 11:21:37,510 [INFO] Distance: 200.0 cm
2025-05-30 11:21:37,542 [INFO] Distance: 200.0 cm
2025-05-30 11:21:37,578 [INFO] Distance: 200.0 cm
2025-05-30 11:21:37,610 [INFO] Distance: 200.0 cm
2025-05-30 11:21:37,641 [INFO] Distance: 200.0 cm
2025-05-30 11:21:37,678 [INFO] Distance: 200.0 cm
2025-05-30 11:21:37,710 [INFO] Distance: 200.0 cm
2025-05-30 11:21:37,742 [INFO] Distance: 200.0 cm
2025-05-30 11:21:37,778 [INFO] Distance: 200.0 cm
2025-05-30 11:21:37,811 [INFO] Distance: 200.0 cm
2025-05-30 11:21:37,841 [INFO] Distance: 200.0 cm
2025-05-30 11:21:37,878 [INFO] Distance: 200.0 cm
2025-05-30 11:21:37,910 [INFO] Distance: 200.0 cm
2025-05-30 11:21:37,942 [INFO] Distance: 200.0 cm
2025-05-30 11:21:37,975 [INFO] Distance: 200.0 cm
2025-05-30 11:21:38,009 [INFO] Distance: 200.0 cm
2025-05-30 11:21:38,041 [INFO] Distance: 200.0 cm
2025-05-30 11:21:38,074 [INFO] Distance: 200.0 cm
2025-05-30 11:21:38,110 [INFO] Distance: 200.0 cm
2025-05-30 11:21:38,141 [INFO] Distance: 200.0 cm
2025-05-30 11:21:38,174 [INFO] Distance: 189.38 cm
2025-05-30 11:21:38,211 [INFO] Distance: 42.77 cm
2025-05-30 11:21:38,357 [INFO] Distance: 43.18 cm
2025-05-30 11:21:38,446 [INFO] Distance: 42.75 cm
2025-05-30 11:21:38,532 [INFO] Distance: 43.28 cm
2025-05-30 11:21:38,618 [INFO] Distance: 44.04 cm
2025-05-30 11:21:38,712 [INFO] Distance: 43.02 cm
2025-05-30 11:21:38,799 [INFO] Distance: 43.28 cm
2025-05-30 11:21:38,912 [INFO] Distance: 42.87 cm
2025-05-30 11:21:38,987 [INFO] Distance: 42.87 cm
2025-05-30 11:21:39,078 [INFO] Distance: 44.14 cm
2025-05-30 11:21:39,181 [INFO] Distance: 44.57 cm
2025-05-30 11:21:39,294 [INFO] Distance: 42.37 cm
2025-05-30 11:21:39,405 [INFO] Distance: 44.14 cm
2025-05-30 11:21:39,549 [INFO] Distance: 43.73 cm
2025-05-30 11:21:39,625 [INFO] Distance: 44.57 cm
2025-05-30 11:21:39,705 [INFO] Distance: 43.32 cm
2025-05-30 11:21:39,784 [INFO] Distance: 45.0 cm
2025-05-30 11:21:39,867 [INFO] Distance: 43.23 cm
2025-05-30 11:21:39,974 [INFO] Distance: 44.9 cm
2025-05-30 11:21:40,047 [INFO] Distance: 43.63 cm
2025-05-30 11:21:40,132 [INFO] Distance: 43.21 cm
2025-05-30 11:21:40,227 [INFO] Distance: 44.47 cm
2025-05-30 11:21:40,305 [INFO] Distance: 44.48 cm
2025-05-30 11:21:40,380 [INFO] Distance: 43.56 cm
2025-05-30 11:21:40,479 [INFO] Distance: 43.63 cm
2025-05-30 11:21:40,580 [INFO] Distance: 44.05 cm
2025-05-30 11:21:40,661 [INFO] Distance: 44.47 cm
2025-05-30 11:21:40,736 [INFO] Distance: 44.05 cm
2025-05-30 11:21:40,812 [INFO] Distance: 44.04 cm
2025-05-30 11:21:40,893 [INFO] Distance: 42.7 cm
2025-05-30 11:21:40,999 [INFO] Distance: 43.63 cm
2025-05-30 11:21:41,083 [INFO] Distance: 44.05 cm
2025-05-30 11:21:41,167 [INFO] Distance: 44.47 cm
2025-05-30 11:21:41,264 [INFO] Distance: 44.05 cm
2025-05-30 11:21:41,351 [INFO] Distance: 44.47 cm
2025-05-30 11:21:41,426 [INFO] Distance: 43.78 cm
2025-05-30 11:21:41,501 [INFO] Distance: 44.47 cm
2025-05-30 11:21:41,575 [INFO] Distance: 44.47 cm
2025-05-30 11:21:41,647 [INFO] Distance: 43.63 cm
2025-05-30 11:21:41,724 [INFO] Distance: 43.63 cm
2025-05-30 11:21:41,797 [INFO] Distance: 44.05 cm
2025-05-30 11:21:41,878 [INFO] Distance: 44.05 cm
2025-05-30 11:21:41,957 [INFO] Distance: 43.61 cm
2025-05-30 11:21:42,035 [INFO] Distance: 44.05 cm
2025-05-30 11:21:42,118 [INFO] Distance: 43.63 cm
2025-05-30 11:21:42,201 [INFO] Distance: 44.04 cm
2025-05-30 11:21:42,285 [INFO] Distance: 43.8 cm
2025-05-30 11:21:42,446 [INFO] Distance: 25.27 cm
2025-05-30 11:21:42,537 [INFO] Distance: 200.0 cm
2025-05-30 11:21:42,542 [INFO] Distance: 200.0 cm
2025-05-30 11:21:42,546 [INFO] Distance: 200.0 cm
2025-05-30 11:21:42,550 [INFO] Distance: 200.0 cm
2025-05-30 11:21:42,599 [INFO] Distance: 200.0 cm
2025-05-30 11:21:42,630 [INFO] Distance: 200.0 cm
2025-05-30 11:21:42,667 [INFO] Distance: 200.0 cm
2025-05-30 11:21:42,699 [INFO] Distance: 200.0 cm
2025-05-30 11:21:42,731 [INFO] Distance: 200.0 cm
2025-05-30 11:21:42,767 [INFO] Distance: 200.0 cm
2025-05-30 11:21:42,799 [INFO] Distance: 200.0 cm
2025-05-30 11:21:42,831 [INFO] Distance: 200.0 cm
2025-05-30 11:21:42,867 [INFO] Distance: 200.0 cm
2025-05-30 11:21:42,899 [INFO] Distance: 200.0 cm
2025-05-30 11:21:42,931 [INFO] Distance: 200.0 cm
2025-05-30 11:21:42,967 [INFO] Distance: 200.0 cm
2025-05-30 11:21:42,999 [INFO] Distance: 200.0 cm
2025-05-30 11:21:43,031 [INFO] Distance: 200.0 cm
2025-05-30 11:21:43,063 [INFO] Distance: 200.0 cm
2025-05-30 11:21:43,099 [INFO] Distance: 200.0 cm
2025-05-30 11:21:43,131 [INFO] Distance: 200.0 cm
2025-05-30 11:21:43,163 [INFO] Distance: 200.0 cm
2025-05-30 11:21:43,199 [INFO] Distance: 200.0 cm
2025-05-30 11:21:43,231 [INFO] Distance: 200.0 cm
2025-05-30 11:21:43,263 [INFO] Distance: 200.0 cm
2025-05-30 11:21:43,299 [INFO] Distance: 200.0 cm
2025-05-30 11:21:43,331 [INFO] Distance: 200.0 cm
2025-05-30 11:21:43,363 [INFO] Distance: 200.0 cm
2025-05-30 11:21:43,399 [INFO] Distance: 200.0 cm
2025-05-30 11:21:43,431 [INFO] Distance: 200.0 cm
2025-05-30 11:21:43,463 [INFO] Distance: 65.76 cm
2025-05-30 11:21:43,499 [INFO] Distance: 48.88 cm
2025-05-30 11:21:43,589 [INFO] Distance: 200.0 cm
2025-05-30 11:21:43,597 [INFO] Distance: 200.0 cm
2025-05-30 11:21:43,601 [INFO] Distance: 86.89 cm
2025-05-30 11:21:43,632 [INFO] Distance: 200.0 cm
2025-05-30 11:21:43,662 [INFO] Distance: 94.28 cm
2025-05-30 11:21:43,694 [INFO] Distance: 200.0 cm
2025-05-30 11:21:43,730 [INFO] Distance: 96.25 cm
2025-05-30 11:21:43,762 [INFO] Distance: 76.51 cm
2025-05-30 11:21:43,795 [INFO] Distance: 86.6 cm
2025-05-30 11:21:43,831 [INFO] Distance: 200.0 cm
2025-05-30 11:21:43,863 [INFO] Distance: 200.0 cm
2025-05-30 11:21:43,895 [INFO] Distance: 200.0 cm
2025-05-30 11:21:43,931 [INFO] Distance: 200.0 cm
2025-05-30 11:21:43,963 [INFO] Distance: 200.0 cm
2025-05-30 11:21:43,995 [INFO] Distance: 200.0 cm
2025-05-30 11:21:44,031 [INFO] Distance: 200.0 cm
2025-05-30 11:21:44,063 [INFO] Distance: 200.0 cm
2025-05-30 11:21:44,096 [INFO] Distance: 200.0 cm
2025-05-30 11:21:44,131 [INFO] Distance: 200.0 cm
2025-05-30 11:21:44,163 [INFO] Distance: 200.0 cm
2025-05-30 11:21:44,195 [INFO] Distance: 200.0 cm
2025-05-30 11:21:44,228 [INFO] Distance: 200.0 cm
2025-05-30 11:21:44,263 [INFO] Distance: 200.0 cm
2025-05-30 11:21:44,295 [INFO] Distance: 200.0 cm
2025-05-30 11:21:44,328 [INFO] Distance: 200.0 cm
2025-05-30 11:21:44,363 [INFO] Distance: 200.0 cm
2025-05-30 11:21:44,395 [INFO] Distance: 200.0 cm
2025-05-30 11:21:44,428 [INFO] Distance: 200.0 cm
2025-05-30 11:21:44,463 [INFO] Distance: 200.0 cm
2025-05-30 11:21:44,495 [INFO] Distance: 200.0 cm
2025-05-30 11:21:44,528 [INFO] Distance: 200.0 cm
2025-05-30 11:21:44,563 [INFO] Distance: 200.0 cm
2025-05-30 11:21:44,595 [INFO] Distance: 31.89 cm
2025-05-30 11:21:44,731 [INFO] Distance: 32.23 cm
2025-05-30 11:21:44,810 [INFO] Distance: 33.28 cm
2025-05-30 11:21:44,889 [INFO] Distance: 200.0 cm
2025-05-30 11:21:44,894 [INFO] Distance: 200.0 cm
2025-05-30 11:21:44,899 [INFO] Distance: 200.0 cm
2025-05-30 11:21:44,903 [INFO] Distance: 200.0 cm
2025-05-30 11:21:44,927 [INFO] Distance: 200.0 cm
2025-05-30 11:21:44,960 [INFO] Distance: 31.84 cm
2025-05-30 11:21:45,194 [INFO] Valid plate detected: RAH972U
2025-05-30 11:21:45,195 [INFO] Plate image saved: plates/RAH972U_20250530_112145.jpg
2025-05-30 11:21:45,244 [INFO] Distance: 200.0 cm
2025-05-30 11:21:45,247 [INFO] Distance: 200.0 cm
2025-05-30 11:21:45,250 [INFO] Distance: 200.0 cm
2025-05-30 11:21:45,254 [INFO] Distance: 200.0 cm
2025-05-30 11:21:45,295 [INFO] Distance: 200.0 cm
2025-05-30 11:21:45,328 [INFO] Distance: 200.0 cm
2025-05-30 11:21:45,359 [INFO] Distance: 200.0 cm
2025-05-30 11:21:45,391 [INFO] Distance: 200.0 cm
2025-05-30 11:21:45,428 [INFO] Distance: 28.13 cm
2025-05-30 11:21:45,653 [WARNING] Invalid plate format: RAHO72U
2025-05-30 11:21:45,659 [INFO] Distance: 23.68 cm
2025-05-30 11:21:45,898 [WARNING] Invalid plate format: RAHO72U
2025-05-30 11:21:45,904 [INFO] Distance: 23.01 cm
2025-05-30 11:21:46,011 [INFO] Distance: 31.92 cm
2025-05-30 11:21:46,229 [WARNING] Invalid plate format: RAHD72U
2025-05-30 11:21:46,233 [INFO] Distance: 19.45 cm
2025-05-30 11:21:46,414 [WARNING] Invalid plate format: RAHS72U
2025-05-30 11:21:46,421 [INFO] Distance: 18.09 cm
2025-05-30 11:21:46,599 [INFO] Valid plate detected: RAH972U
2025-05-30 11:21:46,600 [INFO] Plate image saved: plates/RAH972U_20250530_112146.jpg
2025-05-30 11:21:46,605 [INFO] Distance: 19.33 cm
2025-05-30 11:21:46,682 [INFO] Distance: 20.58 cm
2025-05-30 11:21:46,876 [WARNING] Invalid plate format: RAHO72U
2025-05-30 11:21:46,881 [INFO] Distance: 15.69 cm
2025-05-30 11:21:47,119 [WARNING] Invalid plate format: RAHO72U
2025-05-30 11:21:47,123 [INFO] Distance: 16.77 cm
2025-05-30 11:21:47,192 [INFO] Distance: 15.12 cm
2025-05-30 11:21:47,280 [INFO] Distance: 15.43 cm
2025-05-30 11:21:47,372 [INFO] Distance: 17.18 cm
2025-05-30 11:21:47,552 [WARNING] Invalid plate format: RAHO72U
2025-05-30 11:21:47,557 [INFO] Distance: 18.01 cm
2025-05-30 11:21:47,878 [WARNING] Invalid plate format: RAHO72U
2025-05-30 11:21:47,884 [INFO] Distance: 32.9 cm
2025-05-30 11:21:48,079 [WARNING] Invalid plate format: RAHO72U
2025-05-30 11:21:48,084 [INFO] Distance: 200.0 cm
2025-05-30 11:21:48,087 [INFO] Distance: 200.0 cm
2025-05-30 11:21:48,092 [INFO] Distance: 200.0 cm
2025-05-30 11:21:48,095 [INFO] Distance: 200.0 cm
2025-05-30 11:21:48,120 [INFO] Distance: 200.0 cm
2025-05-30 11:21:48,152 [INFO] Distance: 200.0 cm
2025-05-30 11:21:48,190 [INFO] Distance: 200.0 cm
2025-05-30 11:21:48,220 [INFO] Distance: 200.0 cm
2025-05-30 11:21:48,252 [INFO] Distance: 200.0 cm
2025-05-30 11:21:48,288 [INFO] Distance: 200.0 cm
2025-05-30 11:21:48,320 [INFO] Distance: 200.0 cm
2025-05-30 11:21:48,352 [INFO] Distance: 200.0 cm
2025-05-30 11:21:48,389 [INFO] Distance: 200.0 cm
2025-05-30 11:21:48,420 [INFO] Distance: 200.0 cm
2025-05-30 11:21:48,452 [INFO] Distance: 200.0 cm
2025-05-30 11:21:48,489 [INFO] Distance: 200.0 cm
2025-05-30 11:21:48,520 [INFO] Distance: 189.4 cm
2025-05-30 11:21:48,552 [INFO] Distance: 200.0 cm
2025-05-30 11:21:48,589 [INFO] Distance: 200.0 cm
2025-05-30 11:21:48,620 [INFO] Distance: 200.0 cm
2025-05-30 11:21:48,652 [INFO] Distance: 200.0 cm
2025-05-30 11:21:48,690 [INFO] Distance: 200.0 cm
2025-05-30 11:21:48,720 [INFO] Distance: 200.0 cm
2025-05-30 11:21:48,752 [INFO] Distance: 200.0 cm
2025-05-30 11:21:48,784 [INFO] Distance: 200.0 cm
2025-05-30 11:21:48,820 [INFO] Distance: 200.0 cm
2025-05-30 11:21:48,852 [INFO] Distance: 200.0 cm
2025-05-30 11:21:48,884 [INFO] Distance: 200.0 cm
2025-05-30 11:21:48,921 [INFO] Distance: 200.0 cm
2025-05-30 11:21:48,952 [INFO] Distance: 200.0 cm
2025-05-30 11:21:48,984 [INFO] Distance: 200.0 cm
2025-05-30 11:21:49,020 [INFO] Distance: 200.0 cm
2025-05-30 11:21:49,052 [INFO] Distance: 200.0 cm
2025-05-30 11:21:49,084 [INFO] Distance: 200.0 cm
2025-05-30 11:21:49,119 [INFO] Distance: 200.0 cm
2025-05-30 11:21:49,151 [INFO] Distance: 200.0 cm
2025-05-30 11:21:49,184 [INFO] Distance: 200.0 cm
2025-05-30 11:21:49,220 [INFO] Distance: 200.0 cm
2025-05-30 11:21:49,252 [INFO] Distance: 200.0 cm
2025-05-30 11:21:49,285 [INFO] Distance: 200.0 cm
2025-05-30 11:21:49,316 [INFO] Distance: 200.0 cm
2025-05-30 11:21:49,352 [INFO] Distance: 200.0 cm
2025-05-30 11:21:49,384 [INFO] Distance: 200.0 cm
2025-05-30 11:21:49,416 [INFO] Distance: 200.0 cm
2025-05-30 11:21:49,452 [INFO] Distance: 200.0 cm
2025-05-30 11:21:49,484 [INFO] Distance: 200.0 cm
2025-05-30 11:21:49,516 [INFO] Distance: 200.0 cm
2025-05-30 11:21:49,552 [INFO] Distance: 200.0 cm
2025-05-30 11:21:49,584 [INFO] Distance: 200.0 cm
2025-05-30 11:21:49,616 [INFO] Distance: 200.0 cm
2025-05-30 11:21:49,653 [INFO] Distance: 200.0 cm
2025-05-30 11:21:49,684 [INFO] Distance: 200.0 cm
2025-05-30 11:21:49,716 [INFO] Distance: 200.0 cm
2025-05-30 11:21:49,752 [INFO] Distance: 200.0 cm
2025-05-30 11:21:49,784 [INFO] Distance: 200.0 cm
2025-05-30 11:21:49,816 [INFO] Distance: 200.0 cm
2025-05-30 11:21:49,848 [INFO] Distance: 200.0 cm
2025-05-30 11:21:49,884 [INFO] Distance: 200.0 cm
2025-05-30 11:21:49,916 [INFO] Distance: 200.0 cm
2025-05-30 11:21:49,948 [INFO] Distance: 200.0 cm
2025-05-30 11:21:49,984 [INFO] Distance: 200.0 cm
2025-05-30 11:21:50,016 [INFO] Distance: 200.0 cm
2025-05-30 11:21:50,048 [INFO] Distance: 200.0 cm
2025-05-30 11:21:50,084 [INFO] Distance: 200.0 cm
2025-05-30 11:21:50,116 [INFO] Distance: 200.0 cm
2025-05-30 11:21:50,216 [INFO] Distance: 200.0 cm
2025-05-30 11:21:50,325 [INFO] Distance: 200.0 cm
2025-05-30 11:21:50,448 [INFO] Distance: 200.0 cm
2025-05-30 11:21:50,551 [INFO] Distance: 200.0 cm
2025-05-30 11:21:50,680 [INFO] Distance: 200.0 cm
2025-05-30 11:21:50,780 [INFO] Distance: 200.0 cm
2025-05-30 11:21:50,917 [INFO] Distance: 200.0 cm
2025-05-30 11:21:51,012 [INFO] Distance: 200.0 cm
2025-05-30 11:21:51,117 [INFO] Distance: 200.0 cm
2025-05-30 11:21:51,248 [INFO] Distance: 200.0 cm
2025-05-30 11:21:51,348 [INFO] Distance: 200.0 cm
2025-05-30 11:21:51,456 [INFO] Distance: 200.0 cm
2025-05-30 11:21:51,580 [INFO] Distance: 200.0 cm
2025-05-30 11:21:51,683 [INFO] Distance: 200.0 cm
2025-05-30 11:21:51,812 [INFO] Distance: 200.0 cm
2025-05-30 11:21:51,913 [INFO] Distance: 200.0 cm
2025-05-30 11:21:52,044 [INFO] Distance: 200.0 cm
2025-05-30 11:21:52,145 [INFO] Distance: 200.0 cm
2025-05-30 11:21:52,249 [INFO] Distance: 200.0 cm
2025-05-30 11:21:52,377 [INFO] Distance: 200.0 cm
2025-05-30 11:21:52,476 [INFO] Distance: 200.0 cm
2025-05-30 11:21:52,613 [INFO] Distance: 200.0 cm
2025-05-30 11:21:52,709 [INFO] Distance: 200.0 cm
2025-05-30 11:21:52,815 [INFO] Distance: 200.0 cm
2025-05-30 11:21:52,945 [INFO] Distance: 200.0 cm
2025-05-30 11:21:53,045 [INFO] Distance: 200.0 cm
2025-05-30 11:21:53,177 [INFO] Distance: 200.0 cm
2025-05-30 11:21:53,277 [INFO] Distance: 200.0 cm
2025-05-30 11:21:53,381 [INFO] Distance: 200.0 cm
2025-05-30 11:21:53,508 [INFO] Distance: 200.0 cm
2025-05-30 11:21:53,609 [INFO] Distance: 200.0 cm
2025-05-30 11:21:53,741 [INFO] Distance: 200.0 cm
2025-05-30 11:21:53,841 [INFO] Distance: 200.0 cm
2025-05-30 11:21:53,947 [INFO] Distance: 200.0 cm
2025-05-30 11:21:54,073 [INFO] Distance: 200.0 cm
2025-05-30 11:21:54,177 [INFO] Distance: 200.0 cm
2025-05-30 11:21:54,309 [INFO] Distance: 200.0 cm
2025-05-30 11:21:54,405 [INFO] Distance: 200.0 cm
2025-05-30 11:21:54,513 [INFO] Distance: 200.0 cm
2025-05-30 11:21:54,641 [INFO] Distance: 200.0 cm
2025-05-30 11:21:54,741 [INFO] Distance: 200.0 cm
2025-05-30 11:21:54,873 [INFO] Distance: 200.0 cm
2025-05-30 11:21:54,973 [INFO] Distance: 200.0 cm
2025-05-30 11:21:55,080 [INFO] Distance: 200.0 cm
2025-05-30 11:21:55,205 [INFO] Distance: 200.0 cm
2025-05-30 11:21:55,306 [INFO] Distance: 200.0 cm
2025-05-30 11:21:55,437 [INFO] Distance: 200.0 cm
2025-05-30 11:21:55,537 [INFO] Distance: 200.0 cm
2025-05-30 11:21:55,669 [INFO] Distance: 200.0 cm
2025-05-30 11:21:55,769 [INFO] Distance: 200.0 cm
2025-05-30 11:21:55,872 [INFO] Distance: 200.0 cm
2025-05-30 11:21:56,005 [INFO] Distance: 200.0 cm
2025-05-30 11:21:56,102 [INFO] Distance: 200.0 cm
2025-05-30 11:21:56,238 [INFO] Distance: 200.0 cm
2025-05-30 11:21:56,338 [INFO] Distance: 200.0 cm
2025-05-30 11:21:56,438 [INFO] Distance: 200.0 cm
2025-05-30 11:21:56,570 [INFO] Distance: 200.0 cm
2025-05-30 11:21:56,670 [INFO] Distance: 200.0 cm
2025-05-30 11:21:56,801 [INFO] Distance: 200.0 cm
2025-05-30 11:21:56,901 [INFO] Distance: 200.0 cm
2025-05-30 11:21:57,005 [INFO] Distance: 200.0 cm
2025-05-30 11:21:57,133 [INFO] Distance: 200.0 cm
2025-05-30 11:21:57,233 [INFO] Distance: 200.0 cm
2025-05-30 11:21:57,365 [INFO] Distance: 200.0 cm
2025-05-30 11:21:57,466 [INFO] Distance: 200.0 cm
2025-05-30 11:21:57,571 [INFO] Distance: 200.0 cm
2025-05-30 11:21:57,702 [INFO] Distance: 200.0 cm
2025-05-30 11:21:57,798 [INFO] Distance: 200.0 cm
2025-05-30 11:21:57,934 [INFO] Distance: 200.0 cm
2025-05-30 11:21:58,034 [INFO] Distance: 200.0 cm
2025-05-30 11:21:58,137 [INFO] Distance: 200.0 cm
2025-05-30 11:21:58,265 [INFO] Distance: 200.0 cm
2025-05-30 11:21:58,366 [INFO] Distance: 200.0 cm
2025-05-30 11:21:58,498 [INFO] Distance: 200.0 cm
2025-05-30 11:21:58,598 [INFO] Distance: 200.0 cm
2025-05-30 11:21:58,703 [INFO] Distance: 200.0 cm
2025-05-30 11:21:58,830 [INFO] Distance: 200.0 cm
2025-05-30 11:21:58,930 [INFO] Distance: 200.0 cm
2025-05-30 11:21:59,061 [INFO] Distance: 200.0 cm
2025-05-30 11:21:59,162 [INFO] Distance: 200.0 cm
2025-05-30 11:21:59,269 [INFO] Distance: 200.0 cm
2025-05-30 11:21:59,398 [INFO] Distance: 200.0 cm
2025-05-30 11:21:59,496 [INFO] Distance: 200.0 cm
2025-05-30 11:21:59,630 [INFO] Distance: 200.0 cm
2025-05-30 11:21:59,730 [INFO] Distance: 200.0 cm
2025-05-30 11:21:59,836 [INFO] Distance: 200.0 cm
2025-05-30 11:21:59,962 [INFO] Distance: 200.0 cm
2025-05-30 11:22:00,063 [INFO] Distance: 200.0 cm
2025-05-30 11:22:00,194 [INFO] Distance: 200.0 cm
2025-05-30 11:22:00,294 [INFO] Distance: 200.0 cm
2025-05-30 11:22:00,426 [INFO] Distance: 200.0 cm
2025-05-30 11:22:00,526 [INFO] Distance: 200.0 cm
2025-05-30 11:22:00,629 [INFO] Distance: 200.0 cm
2025-05-30 11:22:00,758 [INFO] Distance: 200.0 cm
2025-05-30 11:22:00,858 [INFO] Distance: 200.0 cm
2025-05-30 11:22:00,994 [INFO] Distance: 200.0 cm
2025-05-30 11:22:01,094 [INFO] Distance: 200.0 cm
2025-05-30 11:22:01,196 [INFO] Distance: 200.0 cm
2025-05-30 11:22:01,325 [INFO] Distance: 187.9 cm
2025-05-30 11:22:01,426 [INFO] Distance: 200.0 cm
2025-05-30 11:22:01,534 [INFO] Distance: 200.0 cm
2025-05-30 11:22:01,658 [INFO] Distance: 35.26 cm
2025-05-30 11:22:01,757 [INFO] Distance: 36.19 cm
2025-05-30 11:22:01,872 [INFO] Distance: 21.98 cm
2025-05-30 11:22:01,985 [INFO] Distance: 22.04 cm
2025-05-30 11:22:02,242 [INFO] Distance: 200.0 cm
2025-05-30 11:22:02,252 [INFO] Distance: 23.16 cm
2025-05-30 11:22:02,426 [INFO] Distance: 23.57 cm
2025-05-30 11:22:02,617 [INFO] Distance: 23.26 cm
2025-05-30 11:22:02,692 [INFO] Distance: 22.03 cm
2025-05-30 11:22:02,764 [INFO] Distance: 200.0 cm
2025-05-30 11:22:02,768 [INFO] Distance: 200.0 cm
2025-05-30 11:22:02,822 [INFO] Distance: 23.16 cm
2025-05-30 11:22:02,927 [INFO] Distance: 21.0 cm
2025-05-30 11:22:03,012 [INFO] Distance: 200.0 cm
2025-05-30 11:22:03,126 [INFO] Distance: 200.0 cm
2025-05-30 11:22:03,255 [INFO] Distance: 200.0 cm
2025-05-30 11:22:03,354 [INFO] Distance: 200.0 cm
2025-05-30 11:22:03,486 [INFO] Distance: 200.0 cm
2025-05-30 11:22:03,586 [INFO] Distance: 200.0 cm
2025-05-30 11:22:03,686 [INFO] Distance: 37.08 cm
2025-05-30 11:22:03,829 [INFO] Distance: 24.4 cm
2025-05-30 11:22:03,918 [INFO] Distance: 200.0 cm
2025-05-30 11:22:04,019 [INFO] Distance: 200.0 cm
2025-05-30 11:22:04,118 [INFO] Distance: 24.45 cm
2025-05-30 11:22:04,255 [INFO] Distance: 24.19 cm
2025-05-30 11:22:04,333 [INFO] Distance: 24.55 cm
2025-05-30 11:22:04,536 [WARNING] Invalid plate format: RAHO72U
2025-05-30 11:22:04,542 [INFO] Distance: 24.55 cm
2025-05-30 11:22:04,620 [INFO] Distance: 200.0 cm
2025-05-30 11:22:04,650 [INFO] Distance: 200.0 cm
2025-05-30 11:22:04,750 [INFO] Distance: 31.41 cm
2025-05-30 11:22:04,988 [WARNING] Invalid plate format: RAHD72U
2025-05-30 11:22:04,993 [INFO] Distance: 22.39 cm
2025-05-30 11:22:05,071 [INFO] Distance: 21.51 cm
2025-05-30 11:22:05,268 [WARNING] Invalid plate format: RAHI72U
2025-05-30 11:22:05,273 [INFO] Distance: 21.86 cm
2025-05-30 11:22:05,368 [INFO] Distance: 21.51 cm
2025-05-30 11:22:05,495 [INFO] Distance: 21.51 cm
2025-05-30 11:22:05,689 [WARNING] Invalid plate format: RAHO72U
2025-05-30 11:22:05,695 [INFO] Distance: 21.53 cm
2025-05-30 11:22:05,863 [WARNING] Invalid plate format: RAHD72U
2025-05-30 11:22:05,868 [INFO] Distance: 21.46 cm
2025-05-30 11:22:06,044 [WARNING] Invalid plate format: RAHO72U
2025-05-30 11:22:06,049 [INFO] Distance: 22.8 cm
2025-05-30 11:22:06,264 [WARNING] Invalid plate format: RAHI72U
2025-05-30 11:22:06,269 [INFO] Distance: 22.39 cm
2025-05-30 11:22:06,376 [INFO] Distance: 22.39 cm
2025-05-30 11:22:06,798 [WARNING] Invalid plate format: RAHI72U
2025-05-30 11:22:06,804 [INFO] Distance: 22.29 cm
2025-05-30 11:22:07,044 [WARNING] Invalid plate format: RAHI72U
2025-05-30 11:22:07,050 [INFO] Distance: 21.98 cm
2025-05-30 11:22:07,213 [INFO] Distance: 21.49 cm
2025-05-30 11:22:07,330 [INFO] Distance: 22.84 cm
2025-05-30 11:22:07,421 [INFO] Distance: 23.16 cm
2025-05-30 11:22:07,511 [INFO] Distance: 23.16 cm
2025-05-30 11:22:07,700 [WARNING] Invalid plate format: RAHO72U
2025-05-30 11:22:07,705 [INFO] Distance: 23.26 cm
2025-05-30 11:22:07,779 [INFO] Distance: 23.26 cm
2025-05-30 11:22:07,855 [INFO] Distance: 22.85 cm
2025-05-30 11:22:08,024 [WARNING] Invalid plate format: RAHS72U
2025-05-30 11:22:08,029 [INFO] Distance: 22.3 cm
2025-05-30 11:22:08,200 [WARNING] Invalid plate format: RAHO72U
2025-05-30 11:22:08,205 [INFO] Distance: 23.16 cm
2025-05-30 11:22:08,307 [INFO] Distance: 21.91 cm
2025-05-30 11:22:08,384 [INFO] Distance: 23.26 cm
2025-05-30 11:22:08,584 [WARNING] Invalid plate format: RAHO72U
2025-05-30 11:22:08,590 [INFO] Distance: 22.41 cm
2025-05-30 11:22:08,686 [INFO] Distance: 23.16 cm
2025-05-30 11:22:08,785 [INFO] Distance: 22.3 cm
2025-05-30 11:22:08,967 [INFO] Valid plate detected: RAH972U
2025-05-30 11:22:08,968 [INFO] Plate image saved: plates/RAH972U_20250530_112208.jpg
2025-05-30 11:22:08,969 [INFO] Plate RAH972U logged to CSV
2025-05-30 11:22:08,969 [INFO] Opening gate (sent '1')
2025-05-30 11:22:23,969 [INFO] Closing gate (sent '0')
2025-05-30 11:22:23,997 [INFO] Distance: 23.26 cm
2025-05-30 11:22:24,227 [WARNING] Invalid plate format: RAHO72U
2025-05-30 11:22:24,232 [INFO] Distance: 22.41 cm
2025-05-30 11:22:24,334 [INFO] Distance: 23.26 cm
2025-05-30 11:22:24,535 [WARNING] Invalid plate format: RAHD72U
2025-05-30 11:22:24,540 [INFO] Distance: 23.16 cm
2025-05-30 11:22:24,728 [WARNING] Invalid plate format: RAHI72U
2025-05-30 11:22:24,733 [INFO] Distance: 22.92 cm
2025-05-30 11:22:24,926 [WARNING] Invalid plate format: RAHO72U
2025-05-30 11:22:24,931 [INFO] Distance: 22.41 cm
2025-05-30 11:22:25,112 [WARNING] Invalid plate format: RAHI72U
2025-05-30 11:22:25,117 [INFO] Distance: 22.41 cm
2025-05-30 11:22:25,207 [INFO] Distance: 22.41 cm
2025-05-30 11:22:25,387 [WARNING] Invalid plate format: RAHO72U
2025-05-30 11:22:25,392 [INFO] Distance: 22.73 cm
2025-05-30 11:22:25,483 [INFO] Distance: 23.16 cm
2025-05-30 11:22:25,566 [INFO] Distance: 23.28 cm
2025-05-30 11:22:25,652 [INFO] Distance: 23.26 cm
2025-05-30 11:22:25,738 [INFO] Distance: 23.26 cm
2025-05-30 11:22:25,942 [WARNING] Invalid plate format: RAHI72U
2025-05-30 11:22:25,947 [INFO] Distance: 23.01 cm
2025-05-30 11:22:26,123 [WARNING] Invalid plate format: RAHD72U
2025-05-30 11:22:26,127 [INFO] Distance: 22.29 cm
2025-05-30 11:22:26,318 [WARNING] Invalid plate format: RAHD72U
2025-05-30 11:22:26,323 [INFO] Distance: 23.21 cm
2025-05-30 11:22:26,399 [INFO] Distance: 22.32 cm
2025-05-30 11:22:26,478 [INFO] Distance: 22.59 cm
2025-05-30 11:22:26,572 [INFO] Distance: 22.1 cm
2025-05-30 11:22:26,770 [WARNING] Invalid plate format: RAHS72U
2025-05-30 11:22:26,774 [INFO] Distance: 21.99 cm
2025-05-30 11:22:26,843 [INFO] Distance: 21.67 cm
2025-05-30 11:22:27,047 [WARNING] Invalid plate format: RAHO72U
2025-05-30 11:22:27,051 [INFO] Distance: 22.51 cm
2025-05-30 11:22:27,122 [INFO] Distance: 22.08 cm
2025-05-30 11:22:27,223 [INFO] Distance: 21.55 cm
2025-05-30 11:22:27,294 [INFO] Distance: 21.67 cm
2025-05-30 11:22:27,483 [WARNING] Invalid plate format: RAHO72U
2025-05-30 11:22:27,488 [INFO] Distance: 22.08 cm
2025-05-30 11:22:27,597 [INFO] Distance: 22.08 cm
2025-05-30 11:22:27,709 [INFO] Distance: 21.56 cm
2025-05-30 11:22:27,927 [WARNING] Invalid plate format: RAHO72U
2025-05-30 11:22:27,932 [INFO] Distance: 22.1 cm
2025-05-30 11:22:28,018 [INFO] Distance: 22.1 cm
2025-05-30 11:22:28,109 [INFO] Distance: 21.67 cm
2025-05-30 11:22:28,310 [WARNING] Invalid plate format: RAHD72U
2025-05-30 11:22:28,314 [INFO] Distance: 21.56 cm
2025-05-30 11:22:28,561 [WARNING] Invalid plate format: RAHI72U
2025-05-30 11:22:28,565 [INFO] Distance: 22.25 cm
2025-05-30 11:22:28,639 [INFO] Distance: 22.27 cm
2025-05-30 11:22:28,717 [INFO] Distance: 22.1 cm
2025-05-30 11:22:28,909 [WARNING] Invalid plate format: RAHO72U
2025-05-30 11:22:28,915 [INFO] Distance: 21.56 cm
2025-05-30 11:22:29,002 [INFO] Distance: 22.1 cm
2025-05-30 11:22:29,103 [INFO] Distance: 21.65 cm
2025-05-30 11:22:29,279 [WARNING] Invalid plate format: RAHD72U
2025-05-30 11:22:29,283 [INFO] Distance: 22.08 cm
2025-05-30 11:22:29,369 [INFO] Distance: 21.98 cm
2025-05-30 11:22:29,473 [INFO] Distance: 21.67 cm
2025-05-30 11:22:29,655 [WARNING] Invalid plate format: RAHI72U
2025-05-30 11:22:29,660 [INFO] Distance: 21.67 cm
2025-05-30 11:22:29,729 [INFO] Distance: 21.84 cm
2025-05-30 11:22:29,812 [INFO] Distance: 22.41 cm
2025-05-30 11:22:30,003 [WARNING] Invalid plate format: RAHI72U
2025-05-30 11:22:30,008 [INFO] Distance: 22.08 cm
2025-05-30 11:22:30,085 [INFO] Distance: 22.1 cm
2025-05-30 11:22:30,170 [INFO] Distance: 22.51 cm
2025-05-30 11:22:30,249 [INFO] Distance: 21.98 cm
2025-05-30 11:22:30,326 [INFO] Distance: 22.08 cm
2025-05-30 11:22:30,504 [WARNING] Invalid plate format: RAHI72U
2025-05-30 11:22:30,509 [INFO] Distance: 22.08 cm
2025-05-30 11:22:30,687 [WARNING] Invalid plate format: RAHS72U
2025-05-30 11:22:30,692 [INFO] Distance: 22.08 cm
2025-05-30 11:22:30,900 [WARNING] Invalid plate format: RAHO72U
2025-05-30 11:22:30,906 [INFO] Distance: 21.31 cm
2025-05-30 11:22:31,101 [WARNING] Invalid plate format: RAHO72U
2025-05-30 11:22:31,106 [INFO] Distance: 22.51 cm
2025-05-30 11:22:31,298 [WARNING] Invalid plate format: RAHD72U
2025-05-30 11:22:31,302 [INFO] Distance: 22.08 cm
2025-05-30 11:22:31,483 [WARNING] Invalid plate format: RAHO72U
2025-05-30 11:22:31,488 [INFO] Distance: 22.08 cm
2025-05-30 11:22:31,564 [INFO] Distance: 21.56 cm
2025-05-30 11:22:31,642 [INFO] Distance: 22.1 cm
2025-05-30 11:22:31,745 [INFO] Distance: 22.08 cm
2025-05-30 11:22:31,845 [INFO] Distance: 21.67 cm
2025-05-30 11:22:31,991 [INFO] Distance: 21.99 cm
2025-05-30 11:22:32,118 [INFO] Distance: 21.84 cm
2025-05-30 11:22:32,259 [INFO] Distance: 21.84 cm
2025-05-30 11:22:32,504 [WARNING] Invalid plate format: RAHI72U
2025-05-30 11:22:32,510 [INFO] Distance: 22.51 cm
2025-05-30 11:22:32,691 [INFO] Distance: 21.99 cm
2025-05-30 11:22:32,820 [INFO] Distance: 21.67 cm
2025-05-30 11:22:32,924 [INFO] Distance: 22.51 cm
2025-05-30 11:22:33,003 [INFO] Distance: 21.67 cm
2025-05-30 11:22:33,189 [WARNING] Invalid plate format: RAHD72U
2025-05-30 11:22:33,194 [INFO] Distance: 21.56 cm
2025-05-30 11:22:33,270 [INFO] Distance: 22.1 cm
2025-05-30 11:22:33,347 [INFO] Distance: 21.67 cm
2025-05-30 11:22:33,434 [INFO] Distance: 21.67 cm
2025-05-30 11:22:33,616 [WARNING] Invalid plate format: RAHI72U
2025-05-30 11:22:33,621 [INFO] Distance: 21.98 cm
2025-05-30 11:22:33,706 [INFO] Distance: 21.67 cm
2025-05-30 11:22:33,808 [INFO] Distance: 21.67 cm
2025-05-30 11:22:33,882 [INFO] Distance: 20.81 cm
2025-05-30 11:22:33,986 [INFO] Distance: 20.7 cm
2025-05-30 11:22:34,211 [INFO] Distance: 13.26 cm
2025-05-30 11:22:34,321 [INFO] Distance: 21.99 cm
2025-05-30 11:22:34,393 [INFO] Distance: 22.51 cm
2025-05-30 11:22:34,469 [INFO] Distance: 22.08 cm
2025-05-30 11:22:34,543 [INFO] Distance: 21.84 cm
2025-05-30 11:22:34,616 [INFO] Distance: 21.98 cm
2025-05-30 11:22:34,697 [INFO] Distance: 23.78 cm
2025-05-30 11:22:34,787 [INFO] Distance: 23.8 cm
2025-05-30 11:22:34,971 [WARNING] Invalid plate format: RAHD72U
2025-05-30 11:22:34,976 [INFO] Distance: 23.37 cm
2025-05-30 11:22:35,081 [INFO] Distance: 22.51 cm
2025-05-30 11:22:35,172 [INFO] Distance: 23.68 cm
2025-05-30 11:22:35,287 [INFO] Distance: 22.39 cm
2025-05-30 11:22:35,373 [INFO] Distance: 22.51 cm
2025-05-30 11:22:35,459 [INFO] Distance: 22.27 cm
2025-05-30 11:22:35,544 [INFO] Distance: 22.1 cm
2025-05-30 11:22:35,627 [INFO] Distance: 21.98 cm
2025-05-30 11:22:35,717 [INFO] Distance: 22.06 cm
2025-05-30 11:22:35,797 [INFO] Distance: 22.49 cm
2025-05-30 11:22:35,890 [INFO] Distance: 22.08 cm
2025-05-30 11:22:35,978 [INFO] Distance: 21.98 cm
2025-05-30 11:22:36,118 [INFO] Distance: 22.1 cm
2025-05-30 11:22:36,236 [INFO] Distance: 22.1 cm
2025-05-30 11:22:36,337 [INFO] Distance: 22.25 cm
2025-05-30 11:22:36,443 [INFO] Distance: 22.39 cm
2025-05-30 11:22:36,535 [INFO] Distance: 21.98 cm
2025-05-30 11:22:36,641 [INFO] Distance: 22.49 cm
2025-05-30 11:22:36,795 [INFO] Distance: 22.49 cm
2025-05-30 11:22:36,918 [INFO] Distance: 22.08 cm
2025-05-30 11:22:37,034 [INFO] Distance: 22.39 cm
2025-05-30 11:22:37,135 [INFO] Distance: 22.08 cm
2025-05-30 11:22:37,283 [INFO] Distance: 21.22 cm
2025-05-30 11:22:37,523 [INFO] Distance: 20.98 cm
2025-05-30 11:22:37,614 [INFO] Distance: 20.96 cm
2025-05-30 11:22:37,696 [INFO] Distance: 22.49 cm
2025-05-30 11:22:37,783 [INFO] Distance: 21.2 cm
2025-05-30 11:22:37,871 [INFO] Distance: 21.12 cm
2025-05-30 11:22:37,944 [INFO] Distance: 22.06 cm
2025-05-30 11:22:38,024 [INFO] Distance: 22.49 cm
2025-05-30 11:22:38,109 [INFO] Distance: 22.08 cm
2025-05-30 11:22:38,182 [INFO] Distance: 21.51 cm
2025-05-30 11:22:38,259 [INFO] Distance: 22.08 cm
2025-05-30 11:22:38,343 [INFO] Distance: 22.29 cm
2025-05-30 11:22:38,428 [INFO] Distance: 22.08 cm
2025-05-30 11:22:38,634 [WARNING] Invalid plate format: RAHI72U
2025-05-30 11:22:38,638 [INFO] Distance: 22.39 cm
2025-05-30 11:22:38,724 [INFO] Distance: 21.63 cm
2025-05-30 11:22:38,804 [INFO] Distance: 22.08 cm
2025-05-30 11:22:38,919 [INFO] Distance: 22.49 cm
2025-05-30 11:22:39,114 [INFO] Distance: 22.51 cm
2025-05-30 11:22:39,203 [INFO] Distance: 21.53 cm
2025-05-30 11:22:39,309 [INFO] Distance: 21.63 cm
2025-05-30 11:22:39,383 [INFO] Distance: 21.82 cm
2025-05-30 11:22:39,463 [INFO] Distance: 21.84 cm
2025-05-30 11:22:39,537 [INFO] Distance: 22.41 cm
2025-05-30 11:22:39,609 [INFO] Distance: 22.51 cm
2025-05-30 11:22:39,684 [INFO] Distance: 22.51 cm
2025-05-30 11:22:39,759 [INFO] Distance: 22.08 cm
2025-05-30 11:22:39,835 [INFO] Distance: 21.98 cm
2025-05-30 11:22:39,917 [INFO] Distance: 22.49 cm
2025-05-30 11:22:40,114 [WARNING] Invalid plate format: RAHO72U
2025-05-30 11:22:40,118 [INFO] Distance: 22.49 cm
2025-05-30 11:22:40,198 [INFO] Distance: 21.67 cm
2025-05-30 11:22:40,276 [INFO] Distance: 22.15 cm
2025-05-30 11:22:40,366 [INFO] Distance: 22.49 cm
2025-05-30 11:22:40,549 [WARNING] Invalid plate format: RAHI72U
2025-05-30 11:22:40,555 [INFO] Distance: 21.63 cm
2025-05-30 11:22:40,659 [INFO] Distance: 22.08 cm
2025-05-30 11:22:40,756 [INFO] Distance: 22.39 cm
2025-05-30 11:22:40,841 [INFO] Distance: 22.08 cm
2025-05-30 11:22:40,920 [INFO] Distance: 22.51 cm
2025-05-30 11:22:41,002 [INFO] Distance: 22.08 cm
2025-05-30 11:22:41,081 [INFO] Distance: 22.08 cm
2025-05-30 11:22:41,159 [INFO] Distance: 22.15 cm
2025-05-30 11:22:41,237 [INFO] Distance: 22.51 cm
2025-05-30 11:22:41,327 [INFO] Distance: 22.08 cm
2025-05-30 11:22:41,507 [WARNING] Invalid plate format: RAHO72U
2025-05-30 11:22:41,512 [INFO] Distance: 22.08 cm
2025-05-30 11:22:41,593 [INFO] Distance: 21.98 cm
2025-05-30 11:22:41,682 [INFO] Distance: 22.08 cm
2025-05-30 11:22:41,774 [INFO] Distance: 22.08 cm
2025-05-30 11:22:41,854 [INFO] Distance: 22.08 cm
2025-05-30 11:22:41,934 [INFO] Distance: 21.53 cm
2025-05-30 11:22:42,019 [INFO] Distance: 22.25 cm
2025-05-30 11:22:42,116 [INFO] Distance: 22.25 cm
2025-05-30 11:22:42,226 [INFO] Distance: 22.49 cm
2025-05-30 11:22:42,311 [INFO] Distance: 22.41 cm
2025-05-30 11:22:42,501 [WARNING] Invalid plate format: RAHI72U
2025-05-30 11:22:42,506 [INFO] Distance: 22.08 cm
2025-05-30 11:22:42,585 [INFO] Distance: 22.08 cm
2025-05-30 11:22:42,669 [INFO] Distance: 21.65 cm
2025-05-30 11:22:42,744 [INFO] Distance: 22.39 cm
2025-05-30 11:22:42,934 [WARNING] Invalid plate format: RAHI72U
2025-05-30 11:22:42,938 [INFO] Distance: 21.15 cm
2025-05-30 11:22:43,124 [WARNING] Invalid plate format: RAHI72U
2025-05-30 11:22:43,128 [INFO] Distance: 21.41 cm
2025-05-30 11:22:43,215 [INFO] Distance: 20.7 cm
2025-05-30 11:22:43,295 [INFO] Distance: 20.84 cm
2025-05-30 11:22:43,383 [INFO] Distance: 20.95 cm
2025-05-30 11:22:43,468 [INFO] Distance: 20.96 cm
2025-05-30 11:22:43,566 [INFO] Distance: 22.13 cm
2025-05-30 11:22:43,668 [INFO] Distance: 20.96 cm
2025-05-30 11:22:44,014 [INFO] Distance: 20.95 cm
2025-05-30 11:22:44,138 [INFO] Distance: 20.96 cm
2025-05-30 11:22:44,229 [INFO] Distance: 20.96 cm
2025-05-30 11:22:44,315 [INFO] Distance: 20.7 cm
2025-05-30 11:22:44,405 [INFO] Distance: 20.95 cm
2025-05-30 11:22:44,494 [INFO] Distance: 20.84 cm
2025-05-30 11:22:44,684 [WARNING] Invalid plate format: RAHI72U
2025-05-30 11:22:44,689 [INFO] Distance: 20.95 cm
2025-05-30 11:22:44,765 [INFO] Distance: 20.95 cm
2025-05-30 11:22:44,871 [INFO] Distance: 20.84 cm
2025-05-30 11:22:44,973 [INFO] Distance: 20.95 cm
2025-05-30 11:22:45,082 [INFO] Distance: 20.95 cm
2025-05-30 11:22:45,187 [INFO] Distance: 20.95 cm
2025-05-30 11:22:45,281 [INFO] Distance: 20.95 cm
2025-05-30 11:22:45,386 [INFO] Distance: 20.45 cm
2025-05-30 11:22:45,474 [INFO] Distance: 20.96 cm
2025-05-30 11:22:45,569 [INFO] Distance: 21.72 cm
2025-05-30 11:22:45,677 [INFO] Distance: 21.82 cm
2025-05-30 11:22:45,773 [INFO] Distance: 20.96 cm
2025-05-30 11:22:45,869 [INFO] Distance: 20.84 cm
2025-05-30 11:22:45,968 [INFO] Distance: 20.96 cm
2025-05-30 11:22:46,094 [INFO] Distance: 20.95 cm
2025-05-30 11:22:46,219 [INFO] Distance: 21.82 cm
2025-05-30 11:22:46,335 [INFO] Distance: 20.95 cm
2025-05-30 11:22:46,417 [INFO] Distance: 21.7 cm
2025-05-30 11:22:46,500 [INFO] Distance: 22.23 cm
2025-05-30 11:22:46,578 [INFO] Distance: 21.82 cm
2025-05-30 11:22:46,673 [INFO] Distance: 21.82 cm
2025-05-30 11:22:46,764 [INFO] Distance: 21.82 cm
2025-05-30 11:22:46,857 [INFO] Distance: 22.23 cm
2025-05-30 11:22:46,960 [INFO] Distance: 20.91 cm
2025-05-30 11:22:47,080 [INFO] Distance: 20.95 cm
2025-05-30 11:22:47,287 [INFO] Distance: 22.23 cm
2025-05-30 11:22:47,402 [INFO] Distance: 20.45 cm
2025-05-30 11:22:47,501 [INFO] Distance: 20.84 cm
2025-05-30 11:22:47,581 [INFO] Distance: 20.95 cm
2025-05-30 11:22:47,769 [INFO] Distance: 21.8 cm
2025-05-30 11:22:47,959 [WARNING] Invalid plate format: RAHO72U
2025-05-30 11:22:47,964 [INFO] Distance: 21.72 cm
2025-05-30 11:22:48,050 [INFO] Distance: 22.23 cm
2025-05-30 11:22:48,135 [INFO] Distance: 21.82 cm
2025-05-30 11:22:48,237 [INFO] Distance: 21.82 cm
2025-05-30 11:22:48,442 [WARNING] Invalid plate format: RAHO72U
2025-05-30 11:22:48,446 [INFO] Distance: 21.72 cm
2025-05-30 11:22:48,531 [INFO] Distance: 22.23 cm
2025-05-30 11:22:48,724 [WARNING] Invalid plate format: RAHI72U
2025-05-30 11:22:48,730 [INFO] Distance: 20.95 cm
2025-05-30 11:22:48,846 [INFO] Distance: 20.95 cm
2025-05-30 11:22:48,931 [INFO] Distance: 22.13 cm
2025-05-30 11:22:49,131 [WARNING] Invalid plate format: RAHO72U
2025-05-30 11:22:49,136 [INFO] Distance: 22.23 cm
2025-05-30 11:22:49,233 [INFO] Distance: 22.7 cm
2025-05-30 11:22:49,330 [INFO] Distance: 20.95 cm
2025-05-30 11:22:49,523 [WARNING] Invalid plate format: RAHD72U
2025-05-30 11:22:49,528 [INFO] Distance: 19.91 cm
2025-05-30 11:22:49,603 [INFO] Distance: 21.67 cm
2025-05-30 11:22:49,680 [INFO] Distance: 21.25 cm
2025-05-30 11:22:49,851 [WARNING] Invalid plate format: RAHD72U
2025-05-30 11:22:49,856 [INFO] Distance: 20.22 cm
2025-05-30 11:22:49,961 [INFO] Distance: 20.43 cm
2025-05-30 11:22:50,077 [INFO] Distance: 20.43 cm
2025-05-30 11:22:50,170 [INFO] Distance: 20.77 cm
2025-05-30 11:22:50,301 [INFO] Distance: 20.07 cm
2025-05-30 11:22:50,407 [INFO] Distance: 20.48 cm
2025-05-30 11:22:50,521 [INFO] Distance: 20.38 cm
2025-05-30 11:22:50,609 [INFO] Distance: 21.36 cm
2025-05-30 11:22:50,692 [INFO] Distance: 20.5 cm
2025-05-30 11:22:50,773 [INFO] Distance: 21.36 cm
2025-05-30 11:22:50,851 [INFO] Distance: 20.0 cm
2025-05-30 11:22:51,034 [WARNING] Invalid plate format: RAHS72U
2025-05-30 11:22:51,040 [INFO] Distance: 21.36 cm
2025-05-30 11:22:51,165 [INFO] Distance: 21.36 cm
2025-05-30 11:22:51,275 [INFO] Distance: 21.27 cm
2025-05-30 11:22:51,382 [INFO] Distance: 20.48 cm
2025-05-30 11:22:51,596 [WARNING] Invalid plate format: RAHD72U
2025-05-30 11:22:51,602 [INFO] Distance: 20.95 cm
2025-05-30 11:22:51,816 [WARNING] Invalid plate format: RAHO72U
2025-05-30 11:22:51,822 [INFO] Distance: 21.25 cm
2025-05-30 11:22:51,945 [INFO] Distance: 21.36 cm
2025-05-30 11:22:52,042 [INFO] Distance: 20.48 cm
2025-05-30 11:22:52,256 [INFO] Distance: 21.25 cm
2025-05-30 11:22:52,345 [INFO] Distance: 21.36 cm
2025-05-30 11:22:52,556 [WARNING] Invalid plate format: RAHI72U
2025-05-30 11:22:52,561 [INFO] Distance: 20.93 cm
2025-05-30 11:22:52,633 [INFO] Distance: 20.93 cm
2025-05-30 11:22:52,706 [INFO] Distance: 21.25 cm
2025-05-30 11:22:52,781 [INFO] Distance: 20.48 cm
2025-05-30 11:22:52,855 [INFO] Distance: 21.36 cm
2025-05-30 11:22:53,027 [INFO] Valid plate detected: RAH972U
2025-05-30 11:22:53,028 [INFO] Plate image saved: plates/RAH972U_20250530_112253.jpg
2025-05-30 11:22:53,040 [INFO] Distance: 21.25 cm
2025-05-30 11:22:53,231 [WARNING] Invalid plate format: RAHD72U
2025-05-30 11:22:53,237 [INFO] Distance: 20.5 cm
2025-05-30 11:22:53,476 [INFO] Distance: 20.48 cm
2025-05-30 11:22:53,607 [INFO] Distance: 20.14 cm
2025-05-30 11:22:53,711 [INFO] Distance: 20.95 cm
2025-05-30 11:22:53,927 [WARNING] Invalid plate format: RAHO72U
2025-05-30 11:22:53,932 [INFO] Distance: 20.52 cm
2025-05-30 11:22:54,013 [INFO] Distance: 21.25 cm
2025-05-30 11:22:54,092 [INFO] Distance: 21.36 cm
2025-05-30 11:22:54,167 [INFO] Distance: 20.95 cm
2025-05-30 11:22:54,353 [WARNING] Invalid plate format: RAHO72U
2025-05-30 11:22:54,358 [INFO] Distance: 21.36 cm
2025-05-30 11:22:54,429 [INFO] Distance: 21.27 cm
2025-05-30 11:22:54,527 [INFO] Distance: 21.37 cm
2025-05-30 11:22:54,613 [INFO] Distance: 21.36 cm
2025-05-30 11:22:54,709 [INFO] Distance: 21.01 cm
2025-05-30 11:22:54,902 [WARNING] Invalid plate format: RAHD72U
2025-05-30 11:22:54,907 [INFO] Distance: 21.36 cm
2025-05-30 11:22:54,984 [INFO] Distance: 20.95 cm
2025-05-30 11:22:55,191 [WARNING] Invalid plate format: RAHO72U
2025-05-30 11:22:55,195 [INFO] Distance: 21.36 cm
2025-05-30 11:22:55,384 [WARNING] Invalid plate format: RAHD72U
2025-05-30 11:22:55,390 [INFO] Distance: 20.95 cm
2025-05-30 11:22:55,630 [WARNING] Invalid plate format: RAHI72U
2025-05-30 11:22:55,634 [INFO] Distance: 20.48 cm
2025-05-30 11:22:55,704 [INFO] Distance: 20.5 cm
2025-05-30 11:22:55,788 [INFO] Distance: 20.5 cm
2025-05-30 11:22:55,871 [INFO] Distance: 21.36 cm
2025-05-30 11:22:55,949 [INFO] Distance: 21.37 cm
2025-05-30 11:22:56,039 [INFO] Distance: 20.4 cm
2025-05-30 11:22:56,125 [INFO] Distance: 21.36 cm
2025-05-30 11:22:56,228 [INFO] Distance: 20.5 cm
2025-05-30 11:22:56,415 [WARNING] Invalid plate format: RAHD72U
2025-05-30 11:22:56,420 [INFO] Distance: 21.27 cm
2025-05-30 11:22:56,515 [INFO] Distance: 20.5 cm
2025-05-30 11:22:56,613 [INFO] Distance: 21.36 cm
2025-05-30 11:22:56,742 [INFO] Distance: 20.5 cm
2025-05-30 11:22:56,848 [INFO] Distance: 20.5 cm
2025-05-30 11:22:56,952 [INFO] Distance: 21.36 cm
2025-05-30 11:22:57,050 [INFO] Distance: 20.0 cm
2025-05-30 11:22:57,141 [INFO] Distance: 20.48 cm
2025-05-30 11:22:57,254 [INFO] Distance: 21.36 cm
2025-05-30 11:22:57,330 [INFO] Distance: 21.36 cm
2025-05-30 11:22:57,405 [INFO] Distance: 20.38 cm
2025-05-30 11:22:57,481 [INFO] Distance: 21.36 cm
2025-05-30 11:22:57,551 [INFO] Distance: 20.48 cm
2025-05-30 11:22:57,631 [INFO] Distance: 21.25 cm
2025-05-30 11:22:57,810 [WARNING] Invalid plate format: RAHO72U
2025-05-30 11:22:57,815 [INFO] Distance: 20.48 cm
2025-05-30 11:22:57,894 [INFO] Distance: 21.36 cm
2025-05-30 11:22:57,989 [INFO] Distance: 20.24 cm
2025-05-30 11:22:58,072 [INFO] Distance: 20.48 cm
2025-05-30 11:22:58,151 [INFO] Distance: 21.36 cm
2025-05-30 11:22:58,245 [INFO] Distance: 21.36 cm
2025-05-30 11:22:58,437 [INFO] Distance: 21.25 cm
2025-05-30 11:22:58,627 [WARNING] Invalid plate format: RAHD72U
2025-05-30 11:22:58,632 [INFO] Distance: 21.36 cm
2025-05-30 11:22:58,724 [INFO] Distance: 21.36 cm
2025-05-30 11:22:58,837 [INFO] Distance: 21.25 cm
2025-05-30 11:22:59,014 [WARNING] Invalid plate format: RAHS72U
2025-05-30 11:22:59,018 [INFO] Distance: 21.36 cm
2025-05-30 11:22:59,198 [WARNING] Invalid plate format: RAHO72U
2025-05-30 11:22:59,203 [INFO] Distance: 21.36 cm
2025-05-30 11:22:59,294 [INFO] Distance: 21.34 cm
2025-05-30 11:22:59,375 [INFO] Distance: 21.25 cm
2025-05-30 11:22:59,454 [INFO] Distance: 20.48 cm
2025-05-30 11:22:59,535 [INFO] Distance: 21.36 cm
2025-05-30 11:22:59,714 [WARNING] Invalid plate format: RAHS72U
2025-05-30 11:22:59,719 [INFO] Distance: 21.24 cm
2025-05-30 11:22:59,785 [INFO] Distance: 20.5 cm
2025-05-30 11:22:59,970 [WARNING] Invalid plate format: RAHD22U
2025-05-30 11:22:59,975 [INFO] Distance: 21.36 cm
2025-05-30 11:23:00,178 [INFO] Distance: 20.48 cm
2025-05-30 11:23:00,392 [INFO] Distance: 20.48 cm
2025-05-30 11:23:00,586 [WARNING] Plate text too short: RAH72U
2025-05-30 11:23:00,591 [INFO] Distance: 20.86 cm
2025-05-30 11:23:00,682 [INFO] Distance: 20.5 cm
2025-05-30 11:23:00,752 [INFO] Distance: 21.36 cm
2025-05-30 11:23:00,835 [INFO] Distance: 21.36 cm
2025-05-30 11:23:01,009 [WARNING] Invalid plate format: RAHI72U
2025-05-30 11:23:01,014 [INFO] Distance: 21.36 cm
2025-05-30 11:23:01,192 [WARNING] Invalid plate format: RAHS72U
2025-05-30 11:23:01,197 [INFO] Distance: 21.25 cm
2025-05-30 11:23:01,297 [INFO] Distance: 21.36 cm
2025-05-30 11:23:01,414 [INFO] Distance: 21.36 cm
2025-05-30 11:23:01,620 [WARNING] Invalid plate format: RAHI72U
2025-05-30 11:23:01,624 [INFO] Distance: 21.36 cm
2025-05-30 11:23:01,751 [INFO] Distance: 20.95 cm
2025-05-30 11:23:01,931 [INFO] Distance: 20.69 cm
2025-05-30 11:23:02,224 [WARNING] Invalid plate format: RAHO72U
2025-05-30 11:23:02,229 [INFO] Distance: 20.5 cm
2025-05-30 11:23:02,350 [INFO] Distance: 20.38 cm
2025-05-30 11:23:02,448 [INFO] Distance: 21.36 cm
2025-05-30 11:23:02,804 [WARNING] Invalid plate format: RAHD72U
2025-05-30 11:23:02,810 [INFO] Distance: 20.48 cm
2025-05-30 11:23:03,006 [WARNING] Invalid plate format: RAHO72U
2025-05-30 11:23:03,011 [INFO] Distance: 21.25 cm
2025-05-30 11:23:03,106 [INFO] Distance: 21.36 cm
2025-05-30 11:23:03,335 [WARNING] Invalid plate format: RAHO72U
2025-05-30 11:23:03,344 [INFO] Distance: 21.36 cm
2025-05-30 11:23:03,555 [WARNING] Invalid plate format: RAHD72U
2025-05-30 11:23:03,560 [INFO] Distance: 21.34 cm
2025-05-30 11:23:03,643 [INFO] Distance: 21.1 cm
2025-05-30 11:23:03,731 [INFO] Distance: 21.36 cm
2025-05-30 11:23:03,812 [INFO] Distance: 21.36 cm
2025-05-30 11:23:03,997 [WARNING] Invalid plate format: RAHD72U
2025-05-30 11:23:04,003 [INFO] Distance: 20.84 cm
2025-05-30 11:23:04,089 [INFO] Distance: 21.36 cm
2025-05-30 11:23:04,162 [INFO] Distance: 20.93 cm
2025-05-30 11:23:04,250 [INFO] Distance: 20.45 cm
2025-05-30 11:23:04,433 [INFO] Distance: 21.36 cm
2025-05-30 11:23:04,514 [INFO] Distance: 20.48 cm
2025-05-30 11:23:04,696 [WARNING] Invalid plate format: RAHO72U
2025-05-30 11:23:04,700 [INFO] Distance: 20.48 cm
2025-05-30 11:23:04,887 [WARNING] Invalid plate format: RAHO72U
2025-05-30 11:23:04,891 [INFO] Distance: 19.98 cm
2025-05-30 11:23:05,077 [WARNING] Invalid plate format: RAHI72U
2025-05-30 11:23:05,082 [INFO] Distance: 20.5 cm
2025-05-30 11:23:05,183 [INFO] Distance: 20.95 cm
2025-05-30 11:23:05,390 [WARNING] Invalid plate format: RAHOZ2U
2025-05-30 11:23:05,394 [INFO] Distance: 20.95 cm
2025-05-30 11:23:05,589 [INFO] Valid plate detected: RAH972U
2025-05-30 11:23:05,590 [INFO] Plate image saved: plates/RAH972U_20250530_112305.jpg
2025-05-30 11:23:05,603 [INFO] Distance: 21.36 cm
2025-05-30 11:23:05,706 [INFO] Distance: 20.5 cm
2025-05-30 11:23:05,792 [INFO] Distance: 21.25 cm
2025-05-30 11:23:05,912 [INFO] Distance: 20.5 cm
2025-05-30 11:23:05,998 [INFO] Distance: 20.93 cm
2025-05-30 11:23:06,283 [INFO] Distance: 21.25 cm
2025-05-30 11:23:06,421 [INFO] Distance: 21.12 cm
2025-05-30 11:23:06,709 [INFO] Distance: 20.5 cm
2025-05-30 11:23:06,835 [INFO] Distance: 20.4 cm
2025-05-30 11:23:07,084 [WARNING] Invalid plate format: RAHI72U
2025-05-30 11:23:07,090 [INFO] Distance: 21.36 cm
2025-05-30 11:23:07,226 [INFO] Distance: 21.36 cm
2025-05-30 11:23:07,339 [INFO] Distance: 21.36 cm
2025-05-30 11:23:07,479 [INFO] Distance: 20.5 cm
2025-05-30 11:23:07,568 [INFO] Distance: 21.36 cm
2025-05-30 11:23:07,651 [INFO] Distance: 21.36 cm
2025-05-30 11:23:07,732 [INFO] Distance: 21.01 cm
2025-05-30 11:23:07,817 [INFO] Distance: 21.36 cm
2025-05-30 11:23:07,900 [INFO] Distance: 21.37 cm
2025-05-30 11:23:07,977 [INFO] Distance: 21.36 cm
2025-05-30 11:23:08,055 [INFO] Distance: 21.36 cm
2025-05-30 11:23:08,147 [INFO] Distance: 21.36 cm
2025-05-30 11:23:08,330 [WARNING] Invalid plate format: RAHI72U
2025-05-30 11:23:08,335 [INFO] Distance: 21.36 cm
2025-05-30 11:23:08,422 [INFO] Distance: 20.38 cm
2025-05-30 11:23:08,522 [INFO] Distance: 20.48 cm
2025-05-30 11:23:08,704 [WARNING] Invalid plate format: RAHI72U
2025-05-30 11:23:08,710 [INFO] Distance: 20.48 cm
2025-05-30 11:23:08,798 [INFO] Distance: 19.88 cm
2025-05-30 11:23:08,889 [INFO] Distance: 20.5 cm
2025-05-30 11:23:08,985 [INFO] Distance: 20.48 cm
2025-05-30 11:23:09,073 [INFO] Distance: 20.4 cm
2025-05-30 11:23:09,159 [INFO] Distance: 20.48 cm
2025-05-30 11:23:09,246 [INFO] Distance: 21.36 cm
2025-05-30 11:23:09,314 [INFO] Distance: 20.4 cm
2025-05-30 11:23:09,401 [INFO] Distance: 21.36 cm
2025-05-30 11:23:09,495 [INFO] Distance: 20.95 cm
2025-05-30 11:23:09,593 [INFO] Distance: 21.36 cm
2025-05-30 11:23:09,680 [INFO] Distance: 21.12 cm
2025-05-30 11:23:09,935 [INFO] Distance: 21.37 cm
2025-05-30 11:23:10,062 [INFO] Distance: 21.36 cm
2025-05-30 11:23:10,153 [INFO] Distance: 21.25 cm
2025-05-30 11:23:10,246 [INFO] Distance: 21.36 cm
2025-05-30 11:23:10,324 [INFO] Distance: 21.36 cm
2025-05-30 11:23:10,407 [INFO] Distance: 21.36 cm
2025-05-30 11:23:10,486 [INFO] Distance: 21.34 cm
2025-05-30 11:23:10,561 [INFO] Distance: 20.48 cm
2025-05-30 11:23:10,636 [INFO] Distance: 20.24 cm
2025-05-30 11:23:10,714 [INFO] Distance: 20.91 cm
2025-05-30 11:23:10,781 [INFO] Distance: 20.48 cm
2025-05-30 11:23:10,975 [WARNING] Invalid plate format: RAHI72U
2025-05-30 11:23:10,979 [INFO] Distance: 20.48 cm
2025-05-30 11:23:11,169 [WARNING] Invalid plate format: RAHI72U
2025-05-30 11:23:11,173 [INFO] Distance: 20.5 cm
2025-05-30 11:23:11,268 [INFO] Distance: 20.5 cm
2025-05-30 11:23:11,462 [WARNING] Invalid plate format: RAHI72U
2025-05-30 11:23:11,466 [INFO] Distance: 20.48 cm
2025-05-30 11:23:11,637 [WARNING] Invalid plate format: RAHO72U
2025-05-30 11:23:11,642 [INFO] Distance: 20.48 cm
2025-05-30 11:23:11,726 [INFO] Distance: 20.5 cm
2025-05-30 11:23:11,904 [WARNING] Invalid plate format: RAHO72U
2025-05-30 11:23:11,911 [INFO] Distance: 20.48 cm
2025-05-30 11:23:11,996 [INFO] Distance: 19.98 cm
2025-05-30 11:23:12,074 [INFO] Distance: 20.5 cm
2025-05-30 11:23:12,168 [INFO] Distance: 20.5 cm
2025-05-30 11:23:12,263 [INFO] Distance: 21.25 cm
2025-05-30 11:23:12,357 [INFO] Distance: 20.5 cm
2025-05-30 11:23:12,443 [INFO] Distance: 20.5 cm
2025-05-30 11:23:12,717 [WARNING] Invalid plate format: RAHI72U
2025-05-30 11:23:12,722 [INFO] Distance: 20.4 cm
2025-05-30 11:23:12,901 [WARNING] Invalid plate format: RAHD72U
2025-05-30 11:23:12,907 [INFO] Distance: 20.48 cm
2025-05-30 11:23:13,130 [WARNING] Invalid plate format: RAHO72U
2025-05-30 11:23:13,136 [INFO] Distance: 20.5 cm
2025-05-30 11:23:13,251 [INFO] Distance: 20.4 cm
2025-05-30 11:23:13,323 [INFO] Distance: 19.98 cm
2025-05-30 11:23:13,399 [INFO] Distance: 21.36 cm
2025-05-30 11:23:13,475 [INFO] Distance: 21.25 cm
2025-05-30 11:23:13,552 [INFO] Distance: 21.36 cm
2025-05-30 11:23:13,740 [WARNING] Plate text too short: RAH72U
2025-05-30 11:23:13,744 [INFO] Distance: 20.48 cm
2025-05-30 11:23:13,817 [INFO] Distance: 20.5 cm
2025-05-30 11:23:13,913 [INFO] Distance: 20.5 cm
2025-05-30 11:23:14,134 [INFO] Valid plate detected: RAH972U
2025-05-30 11:23:14,145 [INFO] Plate image saved: plates/RAH972U_20250530_112314.jpg
2025-05-30 11:23:14,147 [INFO] Duplicate plate within 5 min window, skipped
2025-05-30 11:23:14,169 [INFO] Distance: 20.5 cm
2025-05-30 11:23:14,296 [INFO] Distance: 21.36 cm
2025-05-30 11:23:14,675 [INFO] Distance: 20.93 cm
2025-05-30 11:23:14,785 [INFO] Distance: 20.24 cm
2025-05-30 11:23:15,142 [INFO] Distance: 20.5 cm
2025-05-30 11:23:15,408 [WARNING] Invalid plate format: RAHO72U
2025-05-30 11:23:15,414 [INFO] Distance: 21.36 cm
2025-05-30 11:23:15,491 [INFO] Distance: 21.36 cm
2025-05-30 11:23:15,581 [INFO] Distance: 20.48 cm
2025-05-30 11:23:15,768 [INFO] Distance: 20.38 cm
2025-05-30 11:23:15,852 [INFO] Distance: 20.5 cm
2025-05-30 11:23:16,025 [WARNING] Invalid plate format: RAHI72U
2025-05-30 11:23:16,029 [INFO] Distance: 21.36 cm
2025-05-30 11:23:16,105 [INFO] Distance: 20.4 cm
2025-05-30 11:23:16,303 [WARNING] Invalid plate format: RAHO72U
2025-05-30 11:23:16,308 [INFO] Distance: 20.24 cm
2025-05-30 11:23:16,455 [INFO] Distance: 20.5 cm
2025-05-30 11:23:16,683 [WARNING] Invalid plate format: RAHO72U
2025-05-30 11:23:16,688 [INFO] Distance: 20.38 cm
2025-05-30 11:23:16,947 [WARNING] Invalid plate format: RAHD72U
2025-05-30 11:23:16,952 [INFO] Distance: 20.5 cm
2025-05-30 11:23:17,068 [INFO] Distance: 20.5 cm
2025-05-30 11:23:17,294 [WARNING] Invalid plate format: RAHI72U
2025-05-30 11:23:17,299 [INFO] Distance: 21.25 cm
2025-05-30 11:23:17,388 [INFO] Distance: 21.36 cm
2025-05-30 11:23:17,694 [WARNING] Invalid plate format: RAHO72U
2025-05-30 11:23:17,698 [INFO] Distance: 20.5 cm
2025-05-30 11:23:17,791 [INFO] Distance: 21.25 cm
2025-05-30 11:23:18,005 [WARNING] Invalid plate format: RAHO72U
2025-05-30 11:23:18,010 [INFO] Distance: 20.5 cm
2025-05-30 11:23:18,107 [INFO] Distance: 20.0 cm
2025-05-30 11:23:18,207 [INFO] Distance: 20.5 cm
2025-05-30 11:23:18,421 [WARNING] Invalid plate format: RAHO72U
2025-05-30 11:23:18,426 [INFO] Distance: 21.36 cm
2025-05-30 11:23:18,535 [INFO] Distance: 20.5 cm
2025-05-30 11:23:18,646 [INFO] Distance: 21.37 cm
2025-05-30 11:23:18,729 [INFO] Distance: 20.5 cm
2025-05-30 11:23:18,910 [WARNING] Invalid plate format: RAHO72U
2025-05-30 11:23:18,915 [INFO] Distance: 20.5 cm
2025-05-30 11:23:19,006 [INFO] Distance: 20.5 cm
2025-05-30 11:23:19,199 [WARNING] Invalid plate format: RAHI72U
2025-05-30 11:23:19,204 [INFO] Distance: 20.5 cm
2025-05-30 11:23:19,313 [INFO] Distance: 20.93 cm
2025-05-30 11:23:19,383 [INFO] Distance: 21.12 cm
2025-05-30 11:23:19,476 [INFO] Distance: 20.4 cm
2025-05-30 11:23:19,697 [WARNING] Invalid plate format: RAH72U4
2025-05-30 11:23:19,702 [INFO] Distance: 20.48 cm
2025-05-30 11:23:19,817 [INFO] Distance: 20.48 cm
2025-05-30 11:23:19,905 [INFO] Distance: 21.25 cm
2025-05-30 11:23:19,992 [INFO] Distance: 21.36 cm
2025-05-30 11:23:20,192 [INFO] Valid plate detected: RAH972U
2025-05-30 11:23:20,193 [INFO] Plate image saved: plates/RAH972U_20250530_112320.jpg
2025-05-30 11:23:20,198 [INFO] Distance: 20.5 cm
2025-05-30 11:23:20,301 [INFO] Distance: 21.36 cm
2025-05-30 11:23:20,379 [INFO] Distance: 21.36 cm
2025-05-30 11:23:20,599 [INFO] Distance: 20.48 cm
2025-05-30 11:23:20,700 [INFO] Distance: 20.5 cm
2025-05-30 11:23:20,916 [INFO] Distance: 21.25 cm
2025-05-30 11:23:21,117 [WARNING] Invalid plate format: RAHO72U
2025-05-30 11:23:21,122 [INFO] Distance: 21.36 cm
2025-05-30 11:23:21,227 [INFO] Distance: 21.36 cm
2025-05-30 11:23:21,480 [WARNING] Invalid plate format: RAHO72U
2025-05-30 11:23:21,488 [INFO] Distance: 21.25 cm
2025-05-30 11:23:21,597 [INFO] Distance: 20.95 cm
2025-05-30 11:23:21,701 [INFO] Distance: 21.36 cm
2025-05-30 11:23:21,804 [INFO] Distance: 20.93 cm
2025-05-30 11:23:21,927 [INFO] Distance: 20.95 cm
2025-05-30 11:23:22,025 [INFO] Distance: 20.88 cm
2025-05-30 11:23:22,126 [INFO] Distance: 21.36 cm
2025-05-30 11:23:22,437 [WARNING] Invalid plate format: RAHI72U
2025-05-30 11:23:22,443 [INFO] Distance: 20.82 cm
2025-05-30 11:23:22,612 [WARNING] Invalid plate format: RAHO72U
2025-05-30 11:23:22,616 [INFO] Distance: 21.36 cm
2025-05-30 11:23:22,800 [WARNING] Invalid plate format: RAHO72U
2025-05-30 11:23:22,805 [INFO] Distance: 21.36 cm
2025-05-30 11:23:22,931 [INFO] Distance: 20.38 cm
2025-05-30 11:23:23,019 [INFO] Distance: 21.36 cm
2025-05-30 11:23:23,117 [INFO] Distance: 20.95 cm
2025-05-30 11:23:23,208 [INFO] Distance: 20.93 cm
2025-05-30 11:23:23,287 [INFO] Distance: 21.36 cm
2025-05-30 11:23:23,373 [INFO] Distance: 21.1 cm
2025-05-30 11:23:23,543 [WARNING] Invalid plate format: RAHO72U
2025-05-30 11:23:23,548 [INFO] Distance: 21.37 cm
2025-05-30 11:23:23,727 [WARNING] Invalid plate format: RAHO72U
2025-05-30 11:23:23,732 [INFO] Distance: 21.25 cm
2025-05-30 11:23:23,924 [WARNING] Invalid plate format: RAHI72U
2025-05-30 11:23:23,929 [INFO] Distance: 20.95 cm
2025-05-30 11:23:24,019 [INFO] Distance: 21.36 cm
2025-05-30 11:23:24,107 [INFO] Distance: 20.93 cm
2025-05-30 11:23:24,290 [WARNING] Invalid plate format: RAHO72U
2025-05-30 11:23:24,295 [INFO] Distance: 21.36 cm
2025-05-30 11:23:24,373 [INFO] Distance: 20.5 cm
2025-05-30 11:23:24,466 [INFO] Distance: 21.36 cm
2025-05-30 11:23:24,550 [INFO] Distance: 20.24 cm
2025-05-30 11:23:24,646 [INFO] Distance: 21.36 cm
2025-05-30 11:23:24,721 [INFO] Distance: 21.36 cm
2025-05-30 11:23:24,904 [WARNING] Plate text too short: RAH72U
2025-05-30 11:23:24,909 [INFO] Distance: 20.82 cm
2025-05-30 11:23:24,990 [INFO] Distance: 21.36 cm
2025-05-30 11:23:25,093 [INFO] Distance: 21.36 cm
2025-05-30 11:23:25,193 [INFO] Distance: 20.48 cm
2025-05-30 11:23:25,279 [INFO] Distance: 21.36 cm
2025-05-30 11:23:25,364 [INFO] Distance: 21.36 cm
2025-05-30 11:23:25,655 [WARNING] Invalid plate format: RAHI72U
2025-05-30 11:23:25,660 [INFO] Distance: 21.36 cm
2025-05-30 11:23:25,732 [INFO] Distance: 20.76 cm
2025-05-30 11:23:25,815 [INFO] Distance: 21.36 cm
2025-05-30 11:23:25,928 [INFO] Distance: 20.48 cm
2025-05-30 11:23:26,043 [INFO] Distance: 20.82 cm
2025-05-30 11:23:26,154 [INFO] Distance: 21.37 cm
2025-05-30 11:23:26,383 [INFO] Distance: 21.36 cm
2025-05-30 11:23:26,471 [INFO] Distance: 21.36 cm
2025-05-30 11:23:26,573 [INFO] Distance: 20.5 cm
2025-05-30 11:23:26,655 [INFO] Distance: 20.5 cm
2025-05-30 11:23:26,744 [INFO] Distance: 20.95 cm
2025-05-30 11:23:26,825 [INFO] Distance: 20.58 cm
2025-05-30 11:23:27,011 [WARNING] Invalid plate format: RAHI72U
2025-05-30 11:23:27,016 [INFO] Distance: 20.95 cm
2025-05-30 11:23:27,222 [WARNING] Invalid plate format: RAHI72U
2025-05-30 11:23:27,227 [INFO] Distance: 20.5 cm
2025-05-30 11:23:27,338 [INFO] Distance: 21.25 cm
2025-05-30 11:23:27,453 [INFO] Distance: 20.5 cm
2025-05-30 11:23:27,653 [WARNING] Invalid plate format: RAHO72U
2025-05-30 11:23:27,658 [INFO] Distance: 21.79 cm
2025-05-30 11:23:27,830 [WARNING] Invalid plate format: RAHI72U
2025-05-30 11:23:27,835 [INFO] Distance: 21.25 cm
2025-05-30 11:23:28,040 [WARNING] Invalid plate format: RAHD72U
2025-05-30 11:23:28,046 [INFO] Distance: 21.36 cm
2025-05-30 11:23:28,151 [INFO] Distance: 21.36 cm
2025-05-30 11:23:28,466 [WARNING] Invalid plate format: RAHD72U
2025-05-30 11:23:28,472 [INFO] Distance: 21.53 cm
2025-05-30 11:23:28,801 [WARNING] Invalid plate format: RAHI72U
2025-05-30 11:23:28,806 [INFO] Distance: 21.25 cm
2025-05-30 11:23:29,068 [WARNING] Invalid plate format: RAHI72U
2025-05-30 11:23:29,072 [INFO] Distance: 21.36 cm
2025-05-30 11:23:29,127 [INFO] Distance: 21.36 cm
2025-05-30 11:23:29,209 [INFO] Distance: 21.36 cm
2025-05-30 11:23:29,374 [WARNING] Invalid plate format: RAHD72U
2025-05-30 11:23:29,378 [INFO] Distance: 21.36 cm
2025-05-30 11:23:29,546 [WARNING] Invalid plate format: RAHO72U
2025-05-30 11:23:29,550 [INFO] Distance: 21.36 cm
2025-05-30 11:23:29,735 [WARNING] Invalid plate format: RAHO72U
2025-05-30 11:23:29,740 [INFO] Distance: 21.36 cm
2025-05-30 11:23:29,919 [WARNING] Invalid plate format: RAHI72U
2025-05-30 11:23:29,924 [INFO] Distance: 21.25 cm
2025-05-30 11:23:30,095 [WARNING] Invalid plate format: RAHO72U
2025-05-30 11:23:30,100 [INFO] Distance: 21.37 cm
2025-05-30 11:23:30,258 [WARNING] Invalid plate format: RAHO72U
2025-05-30 11:23:30,262 [INFO] Distance: 20.86 cm
2025-05-30 11:23:30,453 [WARNING] Invalid plate format: RAHO72U
2025-05-30 11:23:30,459 [INFO] Distance: 21.36 cm
2025-05-30 11:23:30,677 [INFO] Valid plate detected: RAH972U
2025-05-30 11:23:30,678 [INFO] Plate image saved: plates/RAH972U_20250530_112330.jpg
2025-05-30 11:23:30,689 [INFO] Distance: 20.5 cm
2025-05-30 11:23:30,852 [WARNING] Invalid plate format: RAHI72U
2025-05-30 11:23:30,856 [INFO] Distance: 20.93 cm
2025-05-30 11:23:30,938 [INFO] Distance: 21.37 cm
2025-05-30 11:23:31,149 [WARNING] Invalid plate format: RAHI72U
2025-05-30 11:23:31,153 [INFO] Distance: 20.4 cm
2025-05-30 11:23:31,229 [INFO] Distance: 21.36 cm
2025-05-30 11:23:31,386 [WARNING] Invalid plate format: RAHI72U
2025-05-30 11:23:31,390 [INFO] Distance: 21.36 cm
2025-05-30 11:23:31,552 [WARNING] Invalid plate format: RAHD72U
2025-05-30 11:23:31,557 [INFO] Distance: 20.4 cm
2025-05-30 11:23:31,724 [WARNING] Invalid plate format: RAHI72U
2025-05-30 11:23:31,729 [INFO] Distance: 20.5 cm
2025-05-30 11:23:31,808 [INFO] Distance: 21.37 cm
2025-05-30 11:23:32,052 [WARNING] Invalid plate format: RAHI72U
2025-05-30 11:23:32,061 [INFO] Distance: 21.27 cm
2025-05-30 11:23:32,242 [INFO] Distance: 21.36 cm
2025-05-30 12:07:47,998 [INFO] YOLO model loaded successfully
2025-05-30 12:07:48,000 [INFO] Detecting Arduino port on Linux
2025-05-30 12:07:48,001 [WARNING] No Arduino port detected
2025-05-30 12:07:48,001 [WARNING] Running in camera-only mode
2025-05-30 12:07:48,122 [INFO] Video capture initialized
2025-05-30 12:07:48,123 [INFO] System ready. Press 'q' to exit
2025-05-30 12:08:26,041 [INFO] System interrupted by user
2025-05-30 12:08:26,041 [INFO] Initiating system shutdown
2025-05-30 12:08:26,058 [INFO] System shutdown complete
